alert,date,ra,dec,closest_simbad_target,class,angdist,dr3name,gmag,bpmag,rpmag,plx,plx_err,wd_zone,spectrum,emission,file,plot
https://alerce.online/object/ZTF17aaajocf,2018-05-04 05:53:46,200.26678,56.16607,https://simbad.u-strasbg.fr/simbad/sim-id?Ident=MASTER%20OT%20J132104.04%2B560957.8,cataclyv*,0.22866,Gaia DR3 1565395908719728384,17.27,17.31,16.86,1.3067,0.0601,True,True,True,http://localhost/download/files/ZTF17aaajocf_spec.tar.gz,http://localhost/download/plots/ZTF17aaajocf_plot.tar.gz
https://alerce.online/object/ZTF17aabwtnr,2018-05-04 06:04:05,194.15467,26.61198,https://simbad.u-strasbg.fr/simbad/sim-id?Ident=V%2A%20GO%20Com,cataclyv*,0.374679,Gaia DR3 3958581402928688768,18.21,18.27,17.83,2.2505,0.1154,True,True,True,http://localhost/download/files/ZTF17aabwtnr_spec.tar.gz,http://localhost/download/plots/ZTF17aabwtnr_plot.tar.gz
https://alerce.online/object/ZTF18aabefyl,2018-05-04 06:17:18,178.02914,40.82992,https://simbad.u-strasbg.fr/simbad/sim-id?Ident=SDSS%20J115207.00%2B404947.6,cataclyv*,0.233032,Gaia DR3 768139576446752000,19.41,19.60,19.04,1.7166,0.3005,True,False,False,N/A,N/A
https://alerce.online/object/ZTF18aabwtmq,2018-05-04 06:17:18,174.38479,40.91604,https://simbad.u-strasbg.fr/simbad/sim-id?Ident=SDSS%20J113732.34%2B405458.0,cataclyv*,0.822791,Gaia DR3 767756877680612864,19.12,19.17,19.03,4.7833,0.2484,True,True,False,http://localhost/download/files/ZTF18aabwtmq_spec.tar.gz,http://localhost/download/plots/ZTF18aabwtmq_plot.tar.gz
https://alerce.online/object/ZTF18aaqeesr,2018-05-04 06:33:46,198.64845,14.72103,https://simbad.u-strasbg.fr/simbad/sim-id?Ident=CRTS%20J131435.6%2B144316,eclbin,0.371943,Gaia DR3 3743862209546227584,17.14,17.39,16.73,0.4448,0.0676,True,True,False,http://localhost/download/files/ZTF18aaqeesr_spec.tar.gz,http://localhost/download/plots/ZTF18aaqeesr_plot.tar.gz
https://alerce.online/object/ZTF18aaqgbbd,2018-05-04 08:03:16,236.22346,25.89689,https://simbad.u-strasbg.fr/simbad/sim-id?Ident=LINEAR%2015351491,cataclyv*,0.383916,Gaia DR3 1222867765738898560,17.06,17.62,16.23,2.0237,0.0590,True,True,True,http://localhost/download/files/ZTF18aaqgbbd_spec.tar.gz,http://localhost/download/plots/ZTF18aaqgbbd_plot.tar.gz
https://alerce.online/object/ZTF18aagrcyj,2018-05-04 08:06:52,239.23714,35.39352,https://simbad.u-strasbg.fr/simbad/sim-id?Ident=V%2A%20BT%20CrB,cataclyv*,0.150418,Gaia DR3 1371889764970726144,18.82,18.78,18.36,0.8755,0.1223,True,False,False,N/A,N/A
https://alerce.online/object/ZTF18aabpzjg,2018-05-04 08:35:58,255.22213,40.06597,https://simbad.u-strasbg.fr/simbad/sim-id?Ident=V%2A%20V1237%20Her,cataclyv*,0.339089,Gaia DR3 1353646217070728704,18.29,18.33,17.60,1.9135,0.0899,True,False,False,N/A,N/A
https://alerce.online/object/ZTF18aajrvst,2018-05-04 08:38:05,267.06797,50.28968,https://simbad.u-strasbg.fr/simbad/sim-id?Ident=2MASS%20J17481631%2B5017229,cataclyv*,0.242789,Gaia DR3 1367437666296248704,19.29,19.36,18.76,0.8505,0.0787,True,False,False,N/A,N/A
https://alerce.online/object/ZTF18aajrilq,2018-05-04 09:26:50,226.84221,52.51125,https://simbad.u-strasbg.fr/simbad/sim-id?Ident=V%2A%20OV%20Boo,cataclyv*,2.302893,Gaia DR3 1593140224924964864,18.15,18.19,17.87,4.7149,0.0906,True,False,False,N/A,N/A
https://alerce.online/object/ZTF18aagrcve,2018-05-04 09:37:07,235.26945,36.04796,https://simbad.u-strasbg.fr/simbad/sim-id?Ident=V%2A%20BM%20CrB,xraybin,0.172704,Gaia DR3 1374430388449392000,18.03,18.07,17.61,2.3496,0.0790,True,False,False,N/A,N/A
https://alerce.online/object/ZTF18aaisedb,2018-05-04 09:46:45,237.84345,71.75321,https://simbad.u-strasbg.fr/simbad/sim-id?Ident=V%2A%20SS%20UMi,cataclyv*,0.495391,Gaia DR3 1696309737421796352,16.86,16.99,16.52,1.8801,0.0419,True,True,True,http://localhost/download/files/ZTF18aaisedb_spec.tar.gz,http://localhost/download/plots/ZTF18aaisedb_plot.tar.gz
https://alerce.online/object/ZTF18aakuohk,2018-05-04 09:53:34,244.25388,62.00683,https://simbad.u-strasbg.fr/simbad/sim-id?Ident=1RXS%20J161659.5%2B620014,cataclyv*,0.229544,Gaia DR3 1628286938740022144,17.61,17.73,17.23,1.9367,0.0557,True,True,True,http://localhost/download/files/ZTF18aakuohk_spec.tar.gz,http://localhost/download/plots/ZTF18aakuohk_plot.tar.gz
https://alerce.online/object/ZTF18aajtkma,2018-05-04 09:56:19,262.53480,62.79847,https://simbad.u-strasbg.fr/simbad/sim-id?Ident=SDSS%20J173008.38%2B624754.7,cataclyv*,0.208714,Gaia DR3 1440078211950524544,16.30,16.47,15.97,1.8669,0.0305,True,True,True,http://localhost/download/files/ZTF18aajtkma_spec.tar.gz,http://localhost/download/plots/ZTF18aajtkma_plot.tar.gz
https://alerce.online/object/ZTF18aaptbbk,2018-05-04 10:54:34,293.65077,51.12836,https://simbad.u-strasbg.fr/simbad/sim-id?Ident=V%2A%20V2289%20Cyg,cataclyv*,0.038565,Gaia DR3 2136026049644724864,17.94,18.06,17.32,0.5920,0.0531,True,False,False,N/A,N/A
https://alerce.online/object/ZTF18aaqiklh,2018-05-04 10:54:34,296.14882,46.11727,N/A,N/A,,Gaia DR3 2080205356130914304,18.36,19.10,17.27,4.2512,0.1126,True,False,False,N/A,N/A
https://alerce.online/object/ZTF18aaqijot,2018-05-04 10:54:34,292.54803,46.99116,https://simbad.u-strasbg.fr/simbad/sim-id?Ident=HIDDEN%20NAME%20MGAB-V252,cataclyv*,0.122049,Gaia DR3 2128350397630003456,19.29,19.32,18.53,1.2660,0.0741,True,False,False,N/A,N/A
https://alerce.online/object/ZTF18aaptbfp,2018-05-04 10:54:34,296.54601,47.93629,N/A,N/A,,Gaia DR3 2086605445819524352,17.68,17.78,17.18,0.7427,0.0663,True,False,False,N/A,N/A
https://alerce.online/object/ZTF18aaoebtv,2018-05-04 10:56:38,285.95995,55.40306,N/A,N/A,,Gaia DR3 2140871494308695808,18.94,19.48,18.03,1.3991,0.1623,True,False,False,N/A,N/A
https://alerce.online/object/ZTF18aaiytds,2018-05-05 07:42:03,261.99216,38.00623,https://simbad.u-strasbg.fr/simbad/sim-id?Ident=SDSS%20J172758.13%2B380022.4,cataclyv*,0.241384,Gaia DR3 1337490650341959296,18.04,18.16,17.75,1.6827,0.0818,True,True,True,http://localhost/download/files/ZTF18aaiytds_spec.tar.gz,http://localhost/download/plots/ZTF18aaiytds_plot.tar.gz
https://alerce.online/object/ZTF18aaldiqd,2018-05-05 07:42:03,261.02628,41.23528,https://simbad.u-strasbg.fr/simbad/sim-id?Ident=V%2A%20V1007%20Her,cataclyv*,0.722497,Gaia DR3 1347851790791563136,19.04,19.48,18.33,2.1711,0.1636,True,False,False,N/A,N/A
https://alerce.online/object/ZTF18aagrjur,2018-05-06 08:39:50,255.55530,32.49830,https://simbad.u-strasbg.fr/simbad/sim-id?Ident=V%2A%20V1239%20Her,cataclyv*,0.418078,Gaia DR3 1313538545446290688,17.79,18.22,17.07,3.3064,0.0806,True,True,True,http://localhost/download/files/ZTF18aagrjur_spec.tar.gz,http://localhost/download/plots/ZTF18aagrjur_plot.tar.gz
https://alerce.online/object/ZTF18aaptdcp,2018-05-06 10:14:05,275.34380,61.81532,https://simbad.u-strasbg.fr/simbad/sim-id?Ident=ASASSN%20-13at,cataclyv*,0.05438,Gaia DR3 2159834324676298880,19.46,19.73,18.82,1.3398,0.1666,True,False,False,N/A,N/A
https://alerce.online/object/ZTF18aakhdye,2018-05-06 10:19:30,284.62902,49.24234,https://simbad.u-strasbg.fr/simbad/sim-id?Ident=2MASS%20J18583091%2B4914326,cataclyv*,0.459037,Gaia DR3 2132186284460008832,16.34,16.48,15.89,3.8952,0.0351,True,True,True,http://localhost/download/files/ZTF18aakhdye_spec.tar.gz,http://localhost/download/plots/ZTF18aakhdye_plot.tar.gz
https://alerce.online/object/ZTF18aakzuhs,2018-05-06 10:27:12,270.52697,18.07906,https://simbad.u-strasbg.fr/simbad/sim-id?Ident=V%2A%20V884%20Her,cataclyv*,0.808576,Gaia DR3 4503256687122329088,13.83,13.94,13.43,8.7421,0.0180,True,True,True,http://localhost/download/files/ZTF18aakzuhs_spec.tar.gz,http://localhost/download/plots/ZTF18aakzuhs_plot.tar.gz
https://alerce.online/object/ZTF18aabpxhw,2018-05-06 10:41:55,277.53678,37.61160,https://simbad.u-strasbg.fr/simbad/sim-id?Ident=ASASSN%20-13bs,cataclyv*,0.232545,Gaia DR3 2096274276193099136,17.44,17.54,17.09,2.0238,0.0625,True,True,True,http://localhost/download/files/ZTF18aabpxhw_spec.tar.gz,http://localhost/download/plots/ZTF18aabpxhw_plot.tar.gz
https://alerce.online/object/ZTF18aakzafr,2018-05-06 10:41:55,281.16320,43.37451,https://simbad.u-strasbg.fr/simbad/sim-id?Ident=V%2A%20V344%20Lyr,cataclyv*,0.191844,Gaia DR3 2116887920191163776,18.78,18.85,18.23,0.9514,0.0629,True,True,False,http://localhost/download/files/ZTF18aakzafr_spec.tar.gz,http://localhost/download/plots/ZTF18aakzafr_plot.tar.gz
https://alerce.online/object/ZTF18aalgarl,2018-05-06 10:41:55,279.39600,37.53455,N/A,N/A,,Gaia DR3 2096120477706881536,18.99,18.69,17.68,0.9438,0.1171,True,False,False,N/A,N/A
https://alerce.online/object/ZTF18aanvvqw,2018-05-06 10:55:41,283.87417,32.50487,https://simbad.u-strasbg.fr/simbad/sim-id?Ident=Gaia%20DR3%202042371921236266624,whitedwarf_candidate,0.392411,Gaia DR3 2042371921236266624,18.69,18.63,18.58,0.8716,0.1503,True,False,False,N/A,N/A
https://alerce.online/object/ZTF18aammthx,2018-05-06 10:55:41,286.33088,30.25678,https://simbad.u-strasbg.fr/simbad/sim-id?Ident=MASTER%20OT%20J190519.41%2B301524.4,cataclyv*,0.138565,Gaia DR3 2040949943465818880,15.91,16.03,15.70,0.8729,0.0308,True,True,True,http://localhost/download/files/ZTF18aammthx_spec.tar.gz,http://localhost/download/plots/ZTF18aammthx_plot.tar.gz
https://alerce.online/object/ZTF18aaowqsq,2018-05-06 10:55:41,281.47208,36.02748,N/A,N/A,,Gaia DR3 2096437725468695168,18.86,19.03,18.27,1.1878,0.1561,True,False,False,N/A,N/A
https://alerce.online/object/ZTF18aajsdfc,2018-05-06 11:05:27,273.21891,33.06858,https://simbad.u-strasbg.fr/simbad/sim-id?Ident=CRTS%20CSS160406%20J181252%2B330407,cataclyv*,0.187584,Gaia DR3 4592931309294675328,18.51,18.13,18.02,1.5713,0.0962,True,False,False,N/A,N/A
https://alerce.online/object/ZTF18aaoechz,2018-05-06 11:11:11,271.05978,67.90345,https://simbad.u-strasbg.fr/simbad/sim-id?Ident=V%2A%20EX%20Dra,nova,0.570563,Gaia DR3 2258357545848389888,14.41,14.88,13.74,4.1467,0.0219,True,True,False,http://localhost/download/files/ZTF18aaoechz_spec.tar.gz,http://localhost/download/plots/ZTF18aaoechz_plot.tar.gz
https://alerce.online/object/ZTF18aakhgsc,2018-05-06 11:14:38,288.14808,50.57517,https://simbad.u-strasbg.fr/simbad/sim-id?Ident=ASASSN%20-15mt,cataclyv*,0.282528,Gaia DR3 2132939514346964480,19.69,19.85,19.17,1.4998,0.2475,True,False,False,N/A,N/A
https://alerce.online/object/ZTF18aabopru,2018-05-07 03:39:14,157.94992,8.87342,https://simbad.u-strasbg.fr/simbad/sim-id?Ident=CRTS%20J103148.0%2B085224,cataclyv*,0.098327,Gaia DR3 3863986985912225280,18.40,18.42,17.88,1.0556,0.1882,True,False,False,N/A,N/A
https://alerce.online/object/ZTF17aabwnkw,2018-05-07 04:06:13,189.88327,21.13506,https://simbad.u-strasbg.fr/simbad/sim-id?Ident=V%2A%20IR%20Com,cataclyv*,0.507357,Gaia DR3 3955313418148878080,16.66,16.80,16.12,4.6001,0.0646,True,True,True,http://localhost/download/files/ZTF17aabwnkw_spec.tar.gz,http://localhost/download/plots/ZTF17aabwnkw_plot.tar.gz
https://alerce.online/object/ZTF17aacnetd,2018-05-07 04:06:13,189.88325,21.13507,https://simbad.u-strasbg.fr/simbad/sim-id?Ident=V%2A%20IR%20Com,cataclyv*,0.560105,Gaia DR3 3955313418148878080,16.66,16.80,16.12,4.6001,0.0646,True,True,True,http://localhost/download/files/ZTF17aacnetd_spec.tar.gz,http://localhost/download/plots/ZTF17aacnetd_plot.tar.gz
https://alerce.online/object/ZTF18aabdlvv,2018-05-07 04:11:41,184.52039,34.15603,https://simbad.u-strasbg.fr/simbad/sim-id?Ident=ZTF%20J121804.90%2B340921.9,cataclyv*,0.811362,Gaia DR3 4017007938999996672,19.05,19.98,18.09,2.8360,0.2681,True,False,False,N/A,N/A
https://alerce.online/object/ZTF17aacldol,2018-05-07 04:29:20,154.94687,33.96481,https://simbad.u-strasbg.fr/simbad/sim-id?Ident=V%2A%20AC%20LMi,cataclyv*,0.506921,Gaia DR3 752316642050644992,18.96,18.97,18.54,1.6391,0.1901,True,True,True,http://localhost/download/files/ZTF17aacldol_spec.tar.gz,http://localhost/download/plots/ZTF17aacldol_plot.tar.gz
https://alerce.online/object/ZTF17aaajlfw,2018-05-07 04:30:06,166.41573,25.10776,https://simbad.u-strasbg.fr/simbad/sim-id?Ident=V%2A%20ST%20LMi,cataclyv*,0.820119,Gaia DR3 3996419759863758592,16.18,16.53,15.58,8.7367,0.0745,True,True,False,http://localhost/download/files/ZTF17aaajlfw_spec.tar.gz,http://localhost/download/plots/ZTF17aaajlfw_plot.tar.gz
https://alerce.online/object/ZTF18aabtvdf,2018-05-07 10:49:35,269.16479,44.67009,https://simbad.u-strasbg.fr/simbad/sim-id?Ident=ZTF18aabtvdf,cataclyv*_candidate,0.190427,Gaia DR3 1349547791774123648,17.29,17.18,16.68,0.6746,0.0415,True,True,False,http://localhost/download/files/ZTF18aabtvdf_spec.tar.gz,http://localhost/download/plots/ZTF18aabtvdf_plot.tar.gz
https://alerce.online/object/ZTF18aarkcxh,2018-05-07 10:52:15,291.15933,59.69621,https://simbad.u-strasbg.fr/simbad/sim-id?Ident=V%2A%20KL%20Dra,cataclyv*,0.370152,Gaia DR3 2239471475135041664,19.10,18.77,18.11,1.0817,0.0989,True,False,False,N/A,N/A
https://alerce.online/object/ZTF18aarkacj,2018-05-07 10:52:15,283.29001,59.75202,https://simbad.u-strasbg.fr/simbad/sim-id?Ident=RX%20J1853.1%2B5945,cataclyv*,0.305211,Gaia DR3 2155490364688727168,18.50,18.54,18.19,1.5585,0.0927,True,False,False,N/A,N/A
https://alerce.online/object/ZTF18aaotyym,2018-05-08 06:04:43,231.55817,8.30047,https://simbad.u-strasbg.fr/simbad/sim-id?Ident=V%2A%20QW%20Ser,cataclyv*,0.793803,Gaia DR3 1163811724898541440,17.59,17.74,17.25,3.3561,0.0586,True,False,False,N/A,N/A
https://alerce.online/object/ZTF18aaqovcl,2018-05-08 06:24:32,243.29805,78.20563,N/A,N/A,,Gaia DR3 1707645874102087808,18.35,18.41,17.65,0.6387,0.1074,True,False,False,N/A,N/A
https://alerce.online/object/ZTF18aaimyrh,2018-05-08 09:51:28,265.13937,41.79891,https://simbad.u-strasbg.fr/simbad/sim-id?Ident=CRTS%20CSS130418%20J174033%2B414756,cataclyv*,0.195641,Gaia DR3 1345790275209471488,19.60,19.78,19.35,1.9252,0.2332,True,False,False,N/A,N/A
https://alerce.online/object/ZTF18aaavxnm,2018-05-09 06:37:02,225.67028,33.57312,https://simbad.u-strasbg.fr/simbad/sim-id?Ident=V%2A%20NZ%20Boo,cataclyv*,1.833685,Gaia DR3 1289860214647954816,17.26,17.32,16.96,5.3751,0.0732,True,True,True,http://localhost/download/files/ZTF18aaavxnm_spec.tar.gz,http://localhost/download/plots/ZTF18aaavxnm_plot.tar.gz
https://alerce.online/object/ZTF18aanwrti,2018-05-09 08:47:45,284.47773,34.77352,https://simbad.u-strasbg.fr/simbad/sim-id?Ident=Gaia%20DR3%202092382932746880000,star,0.027432,Gaia DR3 2092382932746880000,18.03,17.81,17.49,0.5929,0.0666,True,False,False,N/A,N/A
https://alerce.online/object/ZTF18aaqaczv,2018-05-09 08:55:27,273.62433,61.39279,https://simbad.u-strasbg.fr/simbad/sim-id?Ident=HS%201813%2B6122,cataclyv*,0.365232,Gaia DR3 2158980729992107776,15.25,15.31,15.09,1.2152,0.0247,True,True,True,http://localhost/download/files/ZTF18aaqaczv_spec.tar.gz,http://localhost/download/plots/ZTF18aaqaczv_plot.tar.gz
https://alerce.online/object/ZTF18aaslfph,2018-05-09 09:06:59,281.71333,15.14010,N/A,N/A,,Gaia DR3 4510405299420128128,16.84,16.98,16.39,0.8730,0.0720,True,True,False,http://localhost/download/files/ZTF18aaslfph_spec.tar.gz,http://localhost/download/plots/ZTF18aaslfph_plot.tar.gz
https://alerce.online/object/ZTF18aakzfjo,2018-05-09 09:12:26,281.11110,37.99777,https://simbad.u-strasbg.fr/simbad/sim-id?Ident=V%2A%20AY%20Lyr,cataclyv*,0.274137,Gaia DR3 2096934223687181696,18.13,18.22,17.48,2.3847,0.0636,True,False,False,N/A,N/A
https://alerce.online/object/ZTF18aasncio,2018-05-09 09:24:16,297.09712,36.43970,https://simbad.u-strasbg.fr/simbad/sim-id?Ident=V%2A%20V811%20Cyg,cataclyv*,0.343698,Gaia DR3 2047921053359656704,15.99,16.16,15.45,1.9168,0.0307,True,True,True,http://localhost/download/files/ZTF18aasncio_spec.tar.gz,http://localhost/download/plots/ZTF18aasncio_plot.tar.gz
https://alerce.online/object/ZTF18aasnqqm,2018-05-09 09:24:16,295.22713,35.73843,https://simbad.u-strasbg.fr/simbad/sim-id?Ident=2MASS%20J19405449%2B3544184,cataclyv*,0.208175,Gaia DR3 2048200913422197760,16.91,16.96,16.30,0.7636,0.0498,True,True,False,http://localhost/download/files/ZTF18aasnqqm_spec.tar.gz,http://localhost/download/plots/ZTF18aasnqqm_plot.tar.gz
https://alerce.online/object/ZTF18aasniag,2018-05-09 09:25:36,291.44795,22.44757,https://simbad.u-strasbg.fr/simbad/sim-id?Ident=Gaia%20DR3%202019197613435354496,emline*,0.097726,Gaia DR3 2019197613435354496,17.13,17.83,16.22,2.0565,0.0661,True,True,True,http://localhost/download/files/ZTF18aasniag_spec.tar.gz,http://localhost/download/plots/ZTF18aasniag_plot.tar.gz
https://alerce.online/object/ZTF18aasnmrx,2018-05-09 09:25:36,290.05887,27.37168,https://simbad.u-strasbg.fr/simbad/sim-id?Ident=ZTF%20J192014.13%2B272218.1,eclbin,0.301558,Gaia DR3 2025873096433233664,15.56,15.65,15.34,5.2195,0.0291,True,True,False,http://localhost/download/files/ZTF18aasnmrx_spec.tar.gz,http://localhost/download/plots/ZTF18aasnmrx_plot.tar.gz
https://alerce.online/object/ZTF18aakzxki,2018-05-09 09:57:07,265.53821,23.80816,https://simbad.u-strasbg.fr/simbad/sim-id?Ident=V%2A%20V660%20Her,cataclyv*,0.37286,Gaia DR3 4581360216423882624,18.41,18.62,17.92,1.1241,0.1267,True,True,False,http://localhost/download/files/ZTF18aakzxki_spec.tar.gz,http://localhost/download/plots/ZTF18aakzxki_plot.tar.gz
https://alerce.online/object/ZTF18aainbrb,2018-05-09 10:16:20,274.88794,58.10717,https://simbad.u-strasbg.fr/simbad/sim-id?Ident=ZTF%20J181933.11%2B580625.9,rscvnv*,0.348719,Gaia DR3 2151537856610343040,18.90,19.27,18.16,2.1899,0.1485,True,False,False,N/A,N/A
https://alerce.online/object/ZTF17aaajihk,2018-05-10 05:56:55,175.91071,71.68912,https://simbad.u-strasbg.fr/simbad/sim-id?Ident=V%2A%20DO%20Dra,cataclyv*,0.462301,Gaia DR3 1074721664954807040,15.24,15.83,14.41,5.1049,0.0278,True,True,True,http://localhost/download/files/ZTF17aaajihk_spec.tar.gz,http://localhost/download/plots/ZTF17aaajihk_plot.tar.gz
https://alerce.online/object/ZTF17aabxlrc,2018-05-10 06:32:56,206.17417,20.73553,https://simbad.u-strasbg.fr/simbad/sim-id?Ident=SDSS%20J134441.83%2B204408.3,cataclyv*,0.845818,Gaia DR3 1249384550225817856,18.09,17.97,18.18,1.6805,0.1374,True,True,True,http://localhost/download/files/ZTF17aabxlrc_spec.tar.gz,http://localhost/download/plots/ZTF17aabxlrc_plot.tar.gz
https://alerce.online/object/ZTF18aaigpfi,2018-05-10 06:48:08,210.15811,57.39484,https://simbad.u-strasbg.fr/simbad/sim-id?Ident=RX%20J1400.6%2B5723,cataclyv*,0.435766,Gaia DR3 1658224789234521600,18.79,18.89,18.45,1.5611,0.1385,True,False,False,N/A,N/A
https://alerce.online/object/ZTF18aaccteo,2018-05-10 06:51:27,209.88370,49.80451,https://simbad.u-strasbg.fr/simbad/sim-id?Ident=ATO%20J209.8838%2B49.8046,eclbin,0.689229,Gaia DR3 1512085056653815808,14.33,14.30,13.69,1.4913,0.1567,True,True,False,http://localhost/download/files/ZTF18aaccteo_spec.tar.gz,http://localhost/download/plots/ZTF18aaccteo_plot.tar.gz
https://alerce.online/object/ZTF18aagsgkv,2018-05-10 08:35:36,234.14339,33.48112,https://simbad.u-strasbg.fr/simbad/sim-id?Ident=SDSS%20J153634.42%2B332851.9,cataclyv*,0.199645,Gaia DR3 1370642265950491776,19.01,19.19,18.52,1.3538,0.1489,True,True,False,http://localhost/download/files/ZTF18aagsgkv_spec.tar.gz,http://localhost/download/plots/ZTF18aagsgkv_plot.tar.gz
https://alerce.online/object/ZTF18aathgvk,2018-05-11 06:23:25,245.84706,78.43440,https://simbad.u-strasbg.fr/simbad/sim-id?Ident=MASTER%20OT%20J162323.48%2B782603.3,cataclyv*,0.623795,Gaia DR3 1707635020719834880,18.49,18.68,17.97,2.6990,0.0884,True,False,False,N/A,N/A
https://alerce.online/object/ZTF18aagrdsq,2018-05-11 09:04:35,251.04166,25.25054,https://simbad.u-strasbg.fr/simbad/sim-id?Ident=V%2A%20AH%20Her,cataclyv*,0.096622,Gaia DR3 1300273349974628864,13.26,13.32,12.62,3.0169,0.0179,True,True,False,http://localhost/download/files/ZTF18aagrdsq_spec.tar.gz,http://localhost/download/plots/ZTF18aagrdsq_plot.tar.gz
https://alerce.online/object/ZTF18aapmrow,2018-05-14 09:09:17,284.40375,32.14331,https://simbad.u-strasbg.fr/simbad/sim-id?Ident=Gaia%2017ayu,cataclyv*_candidate,0.037955,Gaia DR3 2042303579716174592,19.04,19.28,18.51,1.0386,0.1594,True,False,False,N/A,N/A
https://alerce.online/object/ZTF18aagrtri,2018-05-14 09:22:08,240.08544,70.83531,https://simbad.u-strasbg.fr/simbad/sim-id?Ident=RX%20J1600.2%2B7050,cataclyv*,0.207216,Gaia DR3 1647976069553227136,18.50,18.63,18.12,1.6224,0.1289,True,False,False,N/A,N/A
https://alerce.online/object/ZTF18aahmxsl,2018-05-14 09:24:12,234.57225,51.39387,https://simbad.u-strasbg.fr/simbad/sim-id?Ident=CRTS%20J153817.3%2B512338,cataclyv*,0.080815,Gaia DR3 1595085299649674240,18.37,18.40,18.21,1.6322,0.1161,True,False,False,N/A,N/A
https://alerce.online/object/ZTF18aamhlih,2018-05-14 09:43:22,273.13102,67.07931,https://simbad.u-strasbg.fr/simbad/sim-id?Ident=V%2A%20IX%20Dra,cataclyv*,0.350532,Gaia DR3 2257709040148720640,17.22,17.24,16.88,1.3296,0.0399,True,True,False,http://localhost/download/files/ZTF18aamhlih_spec.tar.gz,http://localhost/download/plots/ZTF18aamhlih_plot.tar.gz
https://alerce.online/object/ZTF18aajrtmo,2018-05-14 09:45:22,267.11610,50.84439,https://simbad.u-strasbg.fr/simbad/sim-id?Ident=RX%20J1748.4%2B5050,cataclyv*,0.196475,Gaia DR3 1367700728748682880,18.86,19.10,18.32,1.2370,0.1497,True,True,False,http://localhost/download/files/ZTF18aajrtmo_spec.tar.gz,http://localhost/download/plots/ZTF18aajrtmo_plot.tar.gz
https://alerce.online/object/ZTF18aagrlyc,2018-05-14 09:45:22,260.38648,44.98084,https://simbad.u-strasbg.fr/simbad/sim-id?Ident=ZTF%20J172132.75%2B445851.0,eclbin,0.064888,Gaia DR3 1361411552301991040,18.55,18.77,17.65,1.0207,0.0996,True,False,False,N/A,N/A
https://alerce.online/object/ZTF18aammpul,2018-05-14 09:52:02,278.80337,38.33448,https://simbad.u-strasbg.fr/simbad/sim-id?Ident=V%2A%20LL%20Lyr,cataclyv*,0.242919,Gaia DR3 2097903507608061440,17.47,17.78,16.64,1.1855,0.0660,True,True,True,http://localhost/download/files/ZTF18aammpul_spec.tar.gz,http://localhost/download/plots/ZTF18aammpul_plot.tar.gz
https://alerce.online/object/ZTF18aapobha,2018-05-14 09:52:43,281.06233,44.90239,https://simbad.u-strasbg.fr/simbad/sim-id?Ident=2MASS%20J18441496%2B4454091,rrlyrae,0.254978,Gaia DR3 2117476154613104384,18.76,19.27,17.95,1.0574,0.1522,True,False,False,N/A,N/A
https://alerce.online/object/ZTF18aajtskv,2018-05-14 09:56:50,265.05894,30.05418,https://simbad.u-strasbg.fr/simbad/sim-id?Ident=Gaia%20DR3%204597436725689986688,star,0.207943,Gaia DR3 4597436725689986688,17.29,17.43,16.97,0.8580,0.0613,True,True,True,http://localhost/download/files/ZTF18aajtskv_spec.tar.gz,http://localhost/download/plots/ZTF18aajtskv_plot.tar.gz
https://alerce.online/object/ZTF18aajtsfh,2018-05-14 09:56:50,262.51030,33.56715,https://simbad.u-strasbg.fr/simbad/sim-id?Ident=GALEX%20J173002.5%2B333401,**,0.233537,Gaia DR3 4602067318910410368,18.29,18.18,18.42,0.6653,0.1002,True,False,False,N/A,N/A
https://alerce.online/object/ZTF18aakzxli,2018-05-14 10:05:05,265.62361,20.51284,https://simbad.u-strasbg.fr/simbad/sim-id?Ident=ZTF%20J174229.66%2B203046.5,delsctv*,0.328391,Gaia DR3 4552566210214102016,17.27,17.46,16.99,0.4117,0.0668,True,True,False,http://localhost/download/files/ZTF18aakzxli_spec.tar.gz,http://localhost/download/plots/ZTF18aakzxli_plot.tar.gz
https://alerce.online/object/ZTF18aaueamh,2018-05-14 10:34:11,289.57686,24.37813,N/A,N/A,,Gaia DR3 2022668947758435712,18.33,18.95,17.52,0.9112,0.1150,True,False,False,N/A,N/A
https://alerce.online/object/ZTF18aauethf,2018-05-14 10:34:11,290.57899,25.38828,N/A,N/A,,Gaia DR3 2023197641079059072,16.97,17.16,16.63,0.6410,0.0526,True,True,False,http://localhost/download/files/ZTF18aauethf_spec.tar.gz,http://localhost/download/plots/ZTF18aauethf_plot.tar.gz
https://alerce.online/object/ZTF18aapyunf,2018-05-14 10:36:51,291.44025,44.66023,https://simbad.u-strasbg.fr/simbad/sim-id?Ident=Gaia%20DR3%202126239850703216640,star,0.087554,Gaia DR3 2126239850703216640,18.02,18.05,17.66,0.6106,0.0827,True,False,False,N/A,N/A
https://alerce.online/object/ZTF18aauefbw,2018-05-14 10:36:51,291.95217,44.79016,https://simbad.u-strasbg.fr/simbad/sim-id?Ident=2MASS%20J19274850%2B4447248,cataclyv*,0.099248,Gaia DR3 2126572929707190144,18.89,19.28,18.01,1.1661,0.1374,True,False,False,N/A,N/A
https://alerce.online/object/ZTF18aauegwi,2018-05-14 10:36:51,293.01512,45.13311,https://simbad.u-strasbg.fr/simbad/sim-id?Ident=ASASSN%20-19ye,cataclyv*,0.144824,Gaia DR3 2126490260177780864,18.27,18.41,17.85,1.0140,0.0966,True,False,False,N/A,N/A
https://alerce.online/object/ZTF18aapovzp,2018-05-14 10:38:14,281.74501,55.64139,https://simbad.u-strasbg.fr/simbad/sim-id?Ident=V%2A%20MT%20Dra,rscvnv*,0.245408,Gaia DR3 2147082017019347968,17.53,17.83,16.90,1.9804,0.0653,True,True,True,http://localhost/download/files/ZTF18aapovzp_spec.tar.gz,http://localhost/download/plots/ZTF18aapovzp_plot.tar.gz
https://alerce.online/object/ZTF18aaovfjr,2018-05-14 10:40:11,284.54643,46.46568,https://simbad.u-strasbg.fr/simbad/sim-id?Ident=ASASSN%20-14ex,cataclyv*,0.161986,Gaia DR3 2107342952371411456,19.02,19.21,18.64,1.4350,0.1592,True,False,False,N/A,N/A
https://alerce.online/object/ZTF18aamigoo,2018-05-14 10:43:32,274.05478,49.86816,https://simbad.u-strasbg.fr/simbad/sim-id?Ident=V%2A%20AM%20Her,cataclyv*,1.207184,Gaia DR3 2123837555230207744,14.28,14.63,13.40,11.3484,0.0300,True,True,True,http://localhost/download/files/ZTF18aamigoo_spec.tar.gz,http://localhost/download/plots/ZTF18aamigoo_plot.tar.gz
https://alerce.online/object/ZTF18aapuklg,2018-05-14 11:47:15,285.92570,53.79608,https://simbad.u-strasbg.fr/simbad/sim-id?Ident=ASASSN%20-15fv,cataclyv*,0.041001,Gaia DR3 2134633793047290368,18.44,18.58,18.11,1.1455,0.1059,True,False,False,N/A,N/A
https://alerce.online/object/ZTF18aaagsjn,2018-05-16 04:10:09,138.06760,50.89823,https://simbad.u-strasbg.fr/simbad/sim-id?Ident=V%2A%20DI%20UMa,cataclyv*,0.436451,Gaia DR3 1013298268207936128,17.27,16.88,16.50,1.4414,0.0650,True,True,False,http://localhost/download/files/ZTF18aaagsjn_spec.tar.gz,http://localhost/download/plots/ZTF18aaagsjn_plot.tar.gz
https://alerce.online/object/ZTF18aabjgdh,2018-05-16 04:10:09,143.20659,47.42301,https://simbad.u-strasbg.fr/simbad/sim-id?Ident=US%20%20691,cataclyv*,0.103626,Gaia DR3 825341673177429376,19.25,19.27,18.84,1.4578,0.2699,True,True,True,http://localhost/download/files/ZTF18aabjgdh_spec.tar.gz,http://localhost/download/plots/ZTF18aabjgdh_plot.tar.gz
https://alerce.online/object/ZTF17aaajmqk,2018-05-16 04:25:46,167.86179,57.21071,https://simbad.u-strasbg.fr/simbad/sim-id?Ident=CRTS%20J111126.9%2B571239,cataclyv*,0.159135,Gaia DR3 856604632750452736,18.85,18.85,18.53,1.7590,0.0842,True,False,False,N/A,N/A
https://alerce.online/object/ZTF18aabefzb,2018-05-16 04:44:56,172.84322,43.37737,https://simbad.u-strasbg.fr/simbad/sim-id?Ident=V%2A%20MR%20UMa,cataclyv*,0.275546,Gaia DR3 772038105376131456,17.92,18.05,17.50,3.0367,0.1070,True,True,False,http://localhost/download/files/ZTF18aabefzb_spec.tar.gz,http://localhost/download/plots/ZTF18aabefzb_plot.tar.gz
https://alerce.online/object/ZTF18aaqkfst,2018-05-16 04:45:36,174.96085,45.97161,https://simbad.u-strasbg.fr/simbad/sim-id?Ident=CRTS%20J113950.6%2B455818,cataclyv*,0.142257,Gaia DR3 785986539950983296,19.41,19.65,19.03,1.7689,0.2886,True,True,False,http://localhost/download/files/ZTF18aaqkfst_spec.tar.gz,http://localhost/download/plots/ZTF18aaqkfst_plot.tar.gz
https://alerce.online/object/ZTF18aaomiig,2018-05-16 08:22:17,240.01546,33.18713,https://simbad.u-strasbg.fr/simbad/sim-id?Ident=V%2A%20VW%20CrB,cataclyv*,0.583316,Gaia DR3 1323332342191466112,19.57,19.72,19.01,1.3654,0.2092,True,False,False,N/A,N/A
https://alerce.online/object/ZTF18aagrcdr,2018-05-16 09:45:06,237.92111,38.01356,N/A,N/A,,Gaia DR3 1376469776360834176,18.12,18.51,17.34,4.9343,0.0883,True,False,False,N/A,N/A
https://alerce.online/object/ZTF18aagwkrt,2018-05-16 09:45:06,237.65533,40.91108,https://simbad.u-strasbg.fr/simbad/sim-id?Ident=SDSS%20J155037.27%2B405440.0,cataclyv*,0.065906,Gaia DR3 1383764490550797824,18.22,18.41,17.94,0.9381,0.1040,True,False,False,N/A,N/A
https://alerce.online/object/ZTF18aamgmrc,2018-05-16 09:53:19,236.12964,64.36601,N/A,N/A,,Gaia DR3 1641063371230322304,16.19,16.36,15.56,1.2016,0.2251,True,True,False,http://localhost/download/files/ZTF18aamgmrc_spec.tar.gz,http://localhost/download/plots/ZTF18aamgmrc_plot.tar.gz
https://alerce.online/object/ZTF18aauqswt,2018-05-16 10:27:58,297.83271,34.79712,https://simbad.u-strasbg.fr/simbad/sim-id?Ident=UCAC4%20624-085122,emline*,0.209594,Gaia DR3 2035560412373115648,15.19,15.22,14.85,1.1943,0.0410,True,True,False,http://localhost/download/files/ZTF18aauqswt_spec.tar.gz,http://localhost/download/plots/ZTF18aauqswt_plot.tar.gz
https://alerce.online/object/ZTF18aauqlbf,2018-05-16 10:27:58,300.45522,36.12339,https://simbad.u-strasbg.fr/simbad/sim-id?Ident=V%2A%20V823%20Cyg,cataclyv*,0.016772,Gaia DR3 2059533201814932096,18.95,18.96,18.10,1.1607,0.0763,True,False,False,N/A,N/A
https://alerce.online/object/ZTF18aauqlvx,2018-05-16 10:30:08,293.79588,26.66623,N/A,N/A,,Gaia DR3 2025014373548443776,18.68,18.81,17.89,0.6822,0.1274,True,False,False,N/A,N/A
https://alerce.online/object/ZTF18aautxxk,2018-05-17 05:14:15,212.82623,48.21617,https://simbad.u-strasbg.fr/simbad/sim-id?Ident=PM%20J14113%2B4812,cataclyv*,0.724898,Gaia DR3 1507944978763511936,19.55,19.57,19.44,2.2636,0.2485,True,False,False,N/A,N/A
https://alerce.online/object/ZTF18aaccrlo,2018-05-17 06:12:34,211.12234,17.39989,https://simbad.u-strasbg.fr/simbad/sim-id?Ident=RX%20J1404.4%2B1723,cataclyv*,0.39695,Gaia DR3 1245262790370992256,17.08,17.18,16.78,1.9344,0.0687,True,True,True,http://localhost/download/files/ZTF18aaccrlo_spec.tar.gz,http://localhost/download/plots/ZTF18aaccrlo_plot.tar.gz
https://alerce.online/object/ZTF18aaotzqk,2018-05-17 06:16:05,228.25959,23.25239,https://simbad.u-strasbg.fr/simbad/sim-id?Ident=V%2A%20NY%20Ser,cataclyv*,0.230027,Gaia DR3 1263484034505616256,16.12,16.15,15.85,1.2146,0.0339,True,True,True,http://localhost/download/files/ZTF18aaotzqk_spec.tar.gz,http://localhost/download/plots/ZTF18aaotzqk_plot.tar.gz
https://alerce.online/object/ZTF18aasyauw,2018-05-17 07:03:29,231.08038,22.15565,https://simbad.u-strasbg.fr/simbad/sim-id?Ident=PM%20J15243%2B2209,cataclyv*,0.730642,Gaia DR3 1214663721071751296,19.02,19.26,18.49,1.9603,0.2008,True,False,False,N/A,N/A
https://alerce.online/object/ZTF18aauxwft,2018-05-17 07:12:51,244.89921,52.77545,https://simbad.u-strasbg.fr/simbad/sim-id?Ident=2MASS%20J16193575%2B5246326,cataclyv*,0.546162,Gaia DR3 1425200578380530048,19.28,19.51,18.77,2.2818,0.1717,True,False,False,N/A,N/A
https://alerce.online/object/ZTF18aauylvz,2018-05-17 07:32:40,246.33452,12.05239,https://simbad.u-strasbg.fr/simbad/sim-id?Ident=CRTS%20J162520.3%2B120309,cataclyv*,0.300524,Gaia DR3 4459922356886052992,18.43,18.64,17.83,2.2820,0.1670,True,False,False,N/A,N/A
https://alerce.online/object/ZTF18aaivxyo,2018-05-17 08:23:28,255.88639,69.43674,https://simbad.u-strasbg.fr/simbad/sim-id?Ident=MASTER%20OT%20J170332.88%2B692612.1,transient,0.781899,Gaia DR3 1649079322096640896,19.42,19.82,18.53,1.6589,0.2296,True,False,False,N/A,N/A
https://alerce.online/object/ZTF18aamiymp,2018-05-17 08:24:09,251.77771,62.41413,https://simbad.u-strasbg.fr/simbad/sim-id?Ident=SDSS%20J164706.64%2B622450.9,cataclyv*_candidate,0.111185,Gaia DR3 1631445633784172544,19.98,20.33,19.57,1.2732,0.2480,True,False,False,N/A,N/A
https://alerce.online/object/ZTF18aaugeny,2018-05-17 09:46:49,275.69531,55.66176,https://simbad.u-strasbg.fr/simbad/sim-id?Ident=ZTF%20J182246.88%2B553942.4,cataclyv*_candidate,0.06723,Gaia DR3 2150788814314276736,18.74,18.93,18.27,2.5713,0.1535,True,False,False,N/A,N/A
https://alerce.online/object/ZTF18aaixpsq,2018-05-17 10:00:13,247.12867,24.04976,https://simbad.u-strasbg.fr/simbad/sim-id?Ident=CRTS%20J162830.8%2B240259,cataclyv*,0.184151,Gaia DR3 1299245787639918080,19.58,19.73,19.26,1.5351,0.1986,True,False,False,N/A,N/A
https://alerce.online/object/ZTF18aavegci,2018-05-17 10:06:02,292.26838,28.90704,https://simbad.u-strasbg.fr/simbad/sim-id?Ident=V%2A%20V868%20Cyg,cataclyv*,0.153523,Gaia DR3 2026498267562886016,17.57,17.51,16.76,0.9558,0.0568,True,True,False,http://localhost/download/files/ZTF18aavegci_spec.tar.gz,http://localhost/download/plots/ZTF18aavegci_plot.tar.gz
https://alerce.online/object/ZTF18aaveged,2018-05-17 10:06:02,292.45384,28.54817,https://simbad.u-strasbg.fr/simbad/sim-id?Ident=V%2A%20V1505%20Cyg,cataclyv*,1.186093,Gaia DR3 2026196937001098880,17.68,17.93,17.13,0.6935,0.0760,True,True,False,http://localhost/download/files/ZTF18aaveged_spec.tar.gz,http://localhost/download/plots/ZTF18aaveged_plot.tar.gz
https://alerce.online/object/ZTF18aauedly,2018-05-17 10:27:08,293.49552,49.38524,https://simbad.u-strasbg.fr/simbad/sim-id?Ident=ZTF%20J193358.93%2B492306.7,eclbin,0.138656,Gaia DR3 2129068344364916352,16.93,17.21,16.26,1.0745,0.1576,True,True,False,http://localhost/download/files/ZTF18aauedly_spec.tar.gz,http://localhost/download/plots/ZTF18aauedly_plot.tar.gz
https://alerce.online/object/ZTF18aammgrg,2018-05-17 10:40:38,284.15838,35.00370,https://simbad.u-strasbg.fr/simbad/sim-id?Ident=ZTF%20J185638.01%2B350013.4,eclbin,0.133488,Gaia DR3 2092403273713385728,16.66,17.17,15.72,2.7671,0.3596,True,True,False,http://localhost/download/files/ZTF18aammgrg_spec.tar.gz,http://localhost/download/plots/ZTF18aammgrg_plot.tar.gz
https://alerce.online/object/ZTF18aamigoa,2018-05-17 10:46:43,274.60150,46.95597,https://simbad.u-strasbg.fr/simbad/sim-id?Ident=GALEX%20J181824.3%2B465721,whitedwarf,0.099078,Gaia DR3 2121629147470776704,17.51,17.40,17.52,1.5622,0.0664,True,True,False,http://localhost/download/files/ZTF18aamigoa_spec.tar.gz,http://localhost/download/plots/ZTF18aamigoa_plot.tar.gz
https://alerce.online/object/ZTF18aaaujae,2018-05-19 05:19:05,155.83447,44.08602,https://simbad.u-strasbg.fr/simbad/sim-id?Ident=PB%20%20%20195,cataclyv*,0.173431,Gaia DR3 806057025204204032,18.41,18.51,18.03,1.5641,0.1490,True,False,False,N/A,N/A
https://alerce.online/object/ZTF18aavndkn,2018-05-19 05:31:21,201.34287,6.00784,https://simbad.u-strasbg.fr/simbad/sim-id?Ident=BPS%20CS%2030311-0012,low-mass*,1.537038,Gaia DR3 3718095055765579136,14.54,14.99,13.83,4.4048,0.0304,True,True,True,http://localhost/download/files/ZTF18aavndkn_spec.tar.gz,http://localhost/download/plots/ZTF18aavndkn_plot.tar.gz
https://alerce.online/object/ZTF17aabxhpg,2018-05-19 05:43:03,166.10659,45.05376,https://simbad.u-strasbg.fr/simbad/sim-id?Ident=V%2A%20AN%20UMa,cataclyv*,0.881581,Gaia DR3 782275761222286720,16.56,16.70,16.23,2.9863,0.0564,True,True,True,http://localhost/download/files/ZTF17aabxhpg_spec.tar.gz,http://localhost/download/plots/ZTF17aabxhpg_plot.tar.gz
https://alerce.online/object/ZTF18aamjeld,2018-05-19 07:17:33,231.97958,63.46505,https://simbad.u-strasbg.fr/simbad/sim-id?Ident=ASASSN%20-13cz,cataclyv*,0.099849,Gaia DR3 1640767568241611136,18.69,18.82,18.29,1.8661,0.1268,True,False,False,N/A,N/A
https://alerce.online/object/ZTF18aavooiu,2018-05-19 07:33:37,242.53131,3.87572,https://simbad.u-strasbg.fr/simbad/sim-id?Ident=V%2A%20V519%20Ser,cataclyv*,0.209469,Gaia DR3 4413231423818141568,17.15,17.74,16.29,2.9239,0.0920,True,True,False,http://localhost/download/files/ZTF18aavooiu_spec.tar.gz,http://localhost/download/plots/ZTF18aavooiu_plot.tar.gz
https://alerce.online/object/ZTF18aavqlll,2018-05-19 10:24:40,310.55350,36.96116,https://simbad.u-strasbg.fr/simbad/sim-id?Ident=ASASSN%20-18acf,cataclyv*,0.343838,Gaia DR3 2062827372998986752,19.15,19.20,18.60,1.8391,0.1947,True,False,False,N/A,N/A
https://alerce.online/object/ZTF18aabcfsg,2018-05-20 05:04:34,186.62845,30.64794,https://simbad.u-strasbg.fr/simbad/sim-id?Ident=Ton%20%20617,whitedwarf,0.575546,Gaia DR3 4012093916593061120,16.04,16.05,15.89,3.4364,0.0483,True,True,False,http://localhost/download/files/ZTF18aabcfsg_spec.tar.gz,http://localhost/download/plots/ZTF18aabcfsg_plot.tar.gz
https://alerce.online/object/ZTF18aaadhmx,2018-05-20 05:10:05,160.98587,58.12542,https://simbad.u-strasbg.fr/simbad/sim-id?Ident=V%2A%20IY%20UMa,cataclyv*,1.182432,Gaia DR3 855167540988615296,17.27,17.42,16.85,5.4931,0.0674,True,True,True,http://localhost/download/files/ZTF18aaadhmx_spec.tar.gz,http://localhost/download/plots/ZTF18aaadhmx_plot.tar.gz
https://alerce.online/object/ZTF18aaadhno,2018-05-20 05:10:05,162.89631,54.07659,https://simbad.u-strasbg.fr/simbad/sim-id?Ident=V%2A%20EK%20UMa,cataclyv*,0.546194,Gaia DR3 849625139095603072,18.87,18.87,18.71,1.3295,0.1935,True,False,False,N/A,N/A
https://alerce.online/object/ZTF18aavjone,2018-05-20 06:03:35,232.89306,2.08297,https://simbad.u-strasbg.fr/simbad/sim-id?Ident=CRTS%20J153134.3%2B020459,cataclyv*,0.316229,Gaia DR3 4421000607336192512,18.46,19.55,17.39,3.2609,0.1662,True,False,False,N/A,N/A
https://alerce.online/object/ZTF18aaisiyc,2018-05-20 06:55:15,204.17014,51.91387,https://simbad.u-strasbg.fr/simbad/sim-id?Ident=V%2A%20UX%20UMa,cataclyv*,1.222276,Gaia DR3 1559987685901122304,12.93,13.00,12.74,3.4252,0.0157,True,True,True,http://localhost/download/files/ZTF18aaisiyc_spec.tar.gz,http://localhost/download/plots/ZTF18aaisiyc_plot.tar.gz
https://alerce.online/object/ZTF18aavvpmj,2018-05-20 09:41:30,258.92395,68.94525,https://simbad.u-strasbg.fr/simbad/sim-id?Ident=RX%20J1715.6%2B6856,cataclyv*,0.163895,Gaia DR3 1638288405744536704,18.44,18.56,18.07,1.2647,0.1097,True,False,False,N/A,N/A
https://alerce.online/object/ZTF18aalclkh,2018-05-20 09:57:53,266.44717,26.72940,https://simbad.u-strasbg.fr/simbad/sim-id?Ident=CRTS%20CSS130613%20J174547%2B264347,cataclyv*,0.191516,Gaia DR3 4594377300225581824,19.19,19.32,18.69,1.3571,0.1789,True,True,False,http://localhost/download/files/ZTF18aalclkh_spec.tar.gz,http://localhost/download/plots/ZTF18aalclkh_plot.tar.gz
https://alerce.online/object/ZTF18aavyoqk,2018-05-20 10:32:05,281.26261,13.92148,https://simbad.u-strasbg.fr/simbad/sim-id?Ident=ZTF18aavyoqk,cataclyv*_candidate,0.350507,Gaia DR3 4505816693806432512,17.41,17.61,16.70,1.3398,0.0863,True,True,False,http://localhost/download/files/ZTF18aavyoqk_spec.tar.gz,http://localhost/download/plots/ZTF18aavyoqk_plot.tar.gz
https://alerce.online/object/ZTF18aavyouk,2018-05-20 10:34:46,295.41638,21.76597,https://simbad.u-strasbg.fr/simbad/sim-id?Ident=V%2A%20FY%20Vul,cataclyv*,0.863542,Gaia DR3 1826189758928713216,14.38,14.53,14.05,1.7078,0.0179,True,True,False,http://localhost/download/files/ZTF18aavyouk_spec.tar.gz,http://localhost/download/plots/ZTF18aavyouk_plot.tar.gz
https://alerce.online/object/ZTF18aavzkbh,2018-05-20 11:27:37,301.42462,22.66624,https://simbad.u-strasbg.fr/simbad/sim-id?Ident=V%2A%20QQ%20Vul,cataclyv*,0.388085,Gaia DR3 1833014187092198912,15.31,15.46,14.72,3.3235,0.0286,True,True,True,http://localhost/download/files/ZTF18aavzkbh_spec.tar.gz,http://localhost/download/plots/ZTF18aavzkbh_plot.tar.gz
https://alerce.online/object/ZTF18aavzqjw,2018-05-20 11:30:23,299.34451,15.86945,https://simbad.u-strasbg.fr/simbad/sim-id?Ident=ZTF%20J195722.69%2B155210.2,eclbin,0.291267,Gaia DR3 1819659484496805248,17.30,17.65,16.57,0.9522,0.1566,True,True,False,http://localhost/download/files/ZTF18aavzqjw_spec.tar.gz,http://localhost/download/plots/ZTF18aavzqjw_plot.tar.gz
https://alerce.online/object/ZTF18aawacbg,2018-05-21 09:36:08,284.33994,13.24145,https://simbad.u-strasbg.fr/simbad/sim-id?Ident=V%2A%20V446%20Her,nova,0.135115,Gaia DR3 4506083222318688000,16.63,16.78,15.98,0.7934,0.0658,True,False,False,N/A,N/A
https://alerce.online/object/ZTF18aawbjrh,2018-05-21 10:10:34,299.32793,17.76489,https://simbad.u-strasbg.fr/simbad/sim-id?Ident=V%2A%20EF%20Sge,eclbin,0.215818,Gaia DR3 1820562832077132032,19.10,19.31,18.14,0.6852,0.0880,True,False,False,N/A,N/A
https://alerce.online/object/ZTF18aawboie,2018-05-21 10:10:34,296.36627,19.14866,N/A,N/A,,Gaia DR3 1824626322151519488,17.70,17.34,16.48,0.7971,0.1254,True,False,False,N/A,N/A
https://alerce.online/object/ZTF18aawcdpv,2018-05-21 10:43:35,308.40668,33.94883,N/A,N/A,,Gaia DR3 1864232925651597952,19.43,20.24,18.49,1.1818,0.2314,True,False,False,N/A,N/A
https://alerce.online/object/ZTF17aacwmyu,2018-05-22 04:06:23,150.53112,33.85006,https://simbad.u-strasbg.fr/simbad/sim-id?Ident=V%2A%20RU%20LMi,cataclyv*,0.094054,Gaia DR3 747013839203280000,17.38,17.52,16.98,1.0600,0.0770,True,True,True,http://localhost/download/files/ZTF17aacwmyu_spec.tar.gz,http://localhost/download/plots/ZTF17aacwmyu_plot.tar.gz
https://alerce.online/object/ZTF18aahbzdk,2018-05-22 04:55:13,198.63377,44.69410,https://simbad.u-strasbg.fr/simbad/sim-id?Ident=SDSS%20J131432.10%2B444138.7,cataclyv*,0.006037,Gaia DR3 1550669805892034432,19.10,19.15,18.73,1.8168,0.1736,True,False,False,N/A,N/A
https://alerce.online/object/ZTF18aajoczx,2018-05-22 04:59:13,189.36466,65.86989,https://simbad.u-strasbg.fr/simbad/sim-id?Ident=2CXO%20J123727.5%2B655211,cataclyv*_candidate,0.239245,Gaia DR3 1680514565693517696,19.18,19.43,18.15,1.6863,0.1622,True,False,False,N/A,N/A
https://alerce.online/object/ZTF18aakbyuy,2018-05-22 04:59:13,192.59904,66.92372,https://simbad.u-strasbg.fr/simbad/sim-id?Ident=V%2A%20OV%20Dra,cataclyv*,0.49749,Gaia DR3 1679210927155357952,18.51,18.57,18.08,2.0296,0.1001,True,False,False,N/A,N/A
https://alerce.online/object/ZTF18aawkndr,2018-05-23 10:33:10,288.38557,14.69809,N/A,N/A,,Gaia DR3 4320510329855726848,20.30,20.36,19.64,1.9749,0.3306,True,False,False,N/A,N/A
https://alerce.online/object/ZTF18aanvkvy,2018-05-23 11:29:22,286.74685,35.04546,N/A,N/A,,Gaia DR3 2044580011159526656,18.08,18.28,17.35,1.3467,0.2140,True,False,False,N/A,N/A
https://alerce.online/object/ZTF18aabprwu,2018-05-24 07:14:37,212.19654,29.84576,https://simbad.u-strasbg.fr/simbad/sim-id?Ident=SDSS%20J140847.13%2B295045.0,cataclyv*,0.524213,Gaia DR3 1453111749770736256,18.64,18.67,18.57,1.8530,0.1807,True,True,False,http://localhost/download/files/ZTF18aabprwu_spec.tar.gz,http://localhost/download/plots/ZTF18aabprwu_plot.tar.gz
https://alerce.online/object/ZTF18aawswdp,2018-05-24 09:16:06,308.89588,35.73468,https://simbad.u-strasbg.fr/simbad/sim-id?Ident=ZTF%20J203535.01%2B354405.0,eclbin,0.294781,Gaia DR3 2056653885784893952,16.46,16.58,16.06,0.7198,0.0413,True,True,False,http://localhost/download/files/ZTF18aawswdp_spec.tar.gz,http://localhost/download/plots/ZTF18aawswdp_plot.tar.gz
https://alerce.online/object/ZTF18aawutcg,2018-05-24 10:04:15,295.68745,17.45169,https://simbad.u-strasbg.fr/simbad/sim-id?Ident=Gaia%20DR2%201823999772321798016,emline*,0.164179,Gaia DR3 1823999772321798016,16.83,17.00,16.37,0.5637,0.0542,True,True,False,http://localhost/download/files/ZTF18aawutcg_spec.tar.gz,http://localhost/download/plots/ZTF18aawutcg_plot.tar.gz
https://alerce.online/object/ZTF18aawvssu,2018-05-24 10:36:27,297.31942,34.18037,https://simbad.u-strasbg.fr/simbad/sim-id?Ident=V%2A%20V1449%20Cyg,cataclyv*,0.034163,Gaia DR3 2035427234033483776,18.55,18.92,17.96,0.7744,0.1096,True,False,False,N/A,N/A
https://alerce.online/object/ZTF18aawvwks,2018-05-24 10:38:28,299.97056,39.23327,https://simbad.u-strasbg.fr/simbad/sim-id?Ident=V%2A%20V337%20Cyg,cataclyv*,0.043468,Gaia DR3 2072678791044813440,19.80,20.07,19.32,1.7176,0.2306,True,False,False,N/A,N/A
https://alerce.online/object/ZTF18aaxakmv,2018-05-25 10:34:27,284.85280,7.85060,https://simbad.u-strasbg.fr/simbad/sim-id?Ident=ATO%20J284.8528%2B07.8506,eclbin,0.138811,Gaia DR3 4307083884080817792,15.61,15.75,15.24,1.2614,0.0309,True,True,False,http://localhost/download/files/ZTF18aaxakmv_spec.tar.gz,http://localhost/download/plots/ZTF18aaxakmv_plot.tar.gz
https://alerce.online/object/ZTF18aaxapyu,2018-05-25 10:38:23,294.75762,15.72346,https://simbad.u-strasbg.fr/simbad/sim-id?Ident=ZTF%20J193901.83%2B154324.4,eclbin,0.10286,Gaia DR3 4318728536904395008,17.33,17.86,16.43,1.9125,0.2228,True,True,False,http://localhost/download/files/ZTF18aaxapyu_spec.tar.gz,http://localhost/download/plots/ZTF18aaxapyu_plot.tar.gz
https://alerce.online/object/ZTF18aaxlsaq,2018-05-25 10:43:58,308.25735,41.18628,https://simbad.u-strasbg.fr/simbad/sim-id?Ident=2MASS%20J20330176%2B4111107,cataclyv*,0.242402,Gaia DR3 2067781768090175104,18.21,18.26,17.01,1.1066,0.0755,True,False,False,N/A,N/A
https://alerce.online/object/ZTF17aaajlbs,2018-05-28 05:38:29,163.62691,30.10262,https://simbad.u-strasbg.fr/simbad/sim-id?Ident=V%2A%20SX%20LMi,cataclyv*,1.057514,Gaia DR3 733329416268149376,16.63,16.72,16.12,3.1524,0.0697,True,True,True,http://localhost/download/files/ZTF17aaajlbs_spec.tar.gz,http://localhost/download/plots/ZTF17aaajlbs_plot.tar.gz
https://alerce.online/object/ZTF18aaacmsd,2018-05-28 06:13:00,145.85788,52.02466,https://simbad.u-strasbg.fr/simbad/sim-id?Ident=CRTS%20J094325.8%2B520128,cataclyv*,0.045979,Gaia DR3 1020121493772472704,19.08,19.13,18.54,1.1348,0.1798,True,True,True,http://localhost/download/files/ZTF18aaacmsd_spec.tar.gz,http://localhost/download/plots/ZTF18aaacmsd_plot.tar.gz
https://alerce.online/object/ZTF18aampffv,2018-05-28 07:53:57,262.49579,52.49660,https://simbad.u-strasbg.fr/simbad/sim-id?Ident=4XMM%20J172959.0%2B522948,x,0.26,Gaia DR3 1415247906500831744,18.35,18.44,17.72,1.8073,0.1152,True,False,False,N/A,N/A
https://alerce.online/object/ZTF18aawszml,2018-05-28 08:25:16,301.03944,59.19793,N/A,N/A,,Gaia DR3 2236431600365412992,18.15,18.25,17.44,0.7464,0.0745,True,False,False,N/A,N/A
https://alerce.online/object/ZTF18aaxczhw,2018-05-28 08:35:09,302.98289,28.30311,https://simbad.u-strasbg.fr/simbad/sim-id?Ident=ZTF%20J201155.90%2B281811.2,eclbin,0.159237,Gaia DR3 1837207896220382464,16.13,16.38,15.62,1.0294,0.0374,True,True,True,http://localhost/download/files/ZTF18aaxczhw_spec.tar.gz,http://localhost/download/plots/ZTF18aaxczhw_plot.tar.gz
https://alerce.online/object/ZTF18aaxdaje,2018-05-28 08:39:57,323.21445,60.36087,N/A,N/A,,Gaia DR3 2191758683454051584,16.93,17.52,16.14,3.0952,0.0520,True,True,False,http://localhost/download/files/ZTF18aaxdaje_spec.tar.gz,http://localhost/download/plots/ZTF18aaxdaje_plot.tar.gz
https://alerce.online/object/ZTF18aaondvh,2018-05-28 09:53:35,240.64254,72.86914,https://simbad.u-strasbg.fr/simbad/sim-id?Ident=Gaia%20DR3%201702389319463842560,whitedwarf,0.552398,Gaia DR3 1702389319463842560,17.60,17.97,16.95,5.7978,0.0702,True,True,False,http://localhost/download/files/ZTF18aaondvh_spec.tar.gz,http://localhost/download/plots/ZTF18aaondvh_plot.tar.gz
https://alerce.online/object/ZTF18aaxdlbl,2018-05-28 10:34:28,295.35416,15.38178,https://simbad.u-strasbg.fr/simbad/sim-id?Ident=ZTF%20J194125.00%2B152254.4,delsctv*,1.20285,Gaia DR3 4318508939464901760,16.96,16.89,16.79,4.6391,0.0591,True,True,False,http://localhost/download/files/ZTF18aaxdlbl_spec.tar.gz,http://localhost/download/plots/ZTF18aaxdlbl_plot.tar.gz
https://alerce.online/object/ZTF18aaxdjzx,2018-05-28 10:35:46,288.47718,12.30089,https://simbad.u-strasbg.fr/simbad/sim-id?Ident=V%2A%20V1315%20Aql,cataclyv*,0.132213,Gaia DR3 4313192495850348544,14.30,14.50,13.87,2.2438,0.0214,True,True,True,http://localhost/download/files/ZTF18aaxdjzx_spec.tar.gz,http://localhost/download/plots/ZTF18aaxdjzx_plot.tar.gz
https://alerce.online/object/ZTF18aaxdnjf,2018-05-28 11:02:57,302.25454,24.91081,https://simbad.u-strasbg.fr/simbad/sim-id?Ident=Gaia%20DR3%201833970315518040448,hotsubdwarf_candidate,0.147187,Gaia DR3 1833970315518040448,14.91,15.12,14.50,1.3682,0.0193,True,True,False,http://localhost/download/files/ZTF18aaxdnjf_spec.tar.gz,http://localhost/download/plots/ZTF18aaxdnjf_plot.tar.gz
https://alerce.online/object/ZTF17aaawcvy,2018-05-28 11:16:03,307.76894,47.36667,https://simbad.u-strasbg.fr/simbad/sim-id?Ident=V%2A%20V507%20Cyg,cataclyv*,0.349524,Gaia DR3 2083525301440010112,15.96,16.04,15.31,1.6404,0.0290,True,True,False,http://localhost/download/files/ZTF17aaawcvy_spec.tar.gz,http://localhost/download/plots/ZTF17aaawcvy_plot.tar.gz
https://alerce.online/object/ZTF17aabukie,2018-05-28 11:16:03,307.76896,47.36666,https://simbad.u-strasbg.fr/simbad/sim-id?Ident=V%2A%20V507%20Cyg,cataclyv*,0.403771,Gaia DR3 2083525301440010112,15.96,16.04,15.31,1.6404,0.0290,True,True,False,http://localhost/download/files/ZTF17aabukie_spec.tar.gz,http://localhost/download/plots/ZTF17aabukie_plot.tar.gz
https://alerce.online/object/ZTF17aabopqx,2018-05-28 11:16:42,303.05689,42.76413,https://simbad.u-strasbg.fr/simbad/sim-id?Ident=V%2A%20V1316%20Cyg,cataclyv*,0.270186,Gaia DR3 2080764530817013376,17.94,18.03,17.47,1.6258,0.0827,True,False,False,N/A,N/A
https://alerce.online/object/ZTF18aabszen,2018-05-29 06:36:49,165.06132,13.26443,https://simbad.u-strasbg.fr/simbad/sim-id?Ident=CRTS%20J110014.7%2B131552,cataclyv*,0.25904,Gaia DR3 3968038512892514048,18.46,18.61,17.95,1.8052,0.1447,True,False,False,N/A,N/A
https://alerce.online/object/ZTF18aakpzqg,2018-05-29 07:29:23,205.84635,15.15478,https://simbad.u-strasbg.fr/simbad/sim-id?Ident=V%2A%20HW%20Boo,cataclyv*,0.840643,Gaia DR3 3741979368899159552,17.96,18.16,17.57,2.2911,0.1354,True,True,True,http://localhost/download/files/ZTF18aakpzqg_spec.tar.gz,http://localhost/download/plots/ZTF18aakpzqg_plot.tar.gz
https://alerce.online/object/ZTF17aabxrbe,2018-05-31 04:43:05,191.10943,61.58736,https://simbad.u-strasbg.fr/simbad/sim-id?Ident=V%2A%20V351%20UMa,cataclyv*,0.171032,Gaia DR3 1580508421164776064,18.15,18.28,17.70,1.4500,0.1045,True,False,False,N/A,N/A
https://alerce.online/object/ZTF18aaxcnxg,2018-05-31 09:14:18,286.77602,69.14569,https://simbad.u-strasbg.fr/simbad/sim-id?Ident=V%2A%20EP%20Dra,cataclyv*,0.692355,Gaia DR3 2262055164796424576,18.05,18.22,17.61,2.6245,0.0789,True,False,False,N/A,N/A
https://alerce.online/object/ZTF18aazmncc,2018-05-31 09:55:53,304.38415,25.19921,N/A,N/A,,Gaia DR3 1832260604991335296,16.89,16.98,16.33,1.6206,0.0509,True,True,True,http://localhost/download/files/ZTF18aazmncc_spec.tar.gz,http://localhost/download/plots/ZTF18aazmncc_plot.tar.gz
https://alerce.online/object/ZTF18aabegpf,2018-06-01 04:06:44,177.44653,11.61431,https://simbad.u-strasbg.fr/simbad/sim-id?Ident=CRTS%20J114947.2%2B113650,bydrav*,0.904821,Gaia DR3 3913555370978652672,16.64,16.86,16.24,0.3964,0.0776,True,False,False,N/A,N/A
https://alerce.online/object/ZTF18aaxmwsr,2018-06-01 09:04:16,300.37741,34.58825,https://simbad.u-strasbg.fr/simbad/sim-id?Ident=ZTF%20J200130.57%2B343517.9,eclbin,0.224791,Gaia DR3 2058546012175021696,18.29,18.77,17.20,2.6795,0.1255,True,True,False,http://localhost/download/files/ZTF18aaxmwsr_spec.tar.gz,http://localhost/download/plots/ZTF18aaxmwsr_plot.tar.gz
https://alerce.online/object/ZTF18aajoejk,2018-06-03 04:47:27,186.92037,51.65687,https://simbad.u-strasbg.fr/simbad/sim-id?Ident=V%2A%20GP%20CVn,cataclyv*,0.693981,Gaia DR3 1571768231438756864,18.75,18.86,18.43,2.5701,0.1529,True,False,False,N/A,N/A
https://alerce.online/object/ZTF18aajhdbj,2018-06-03 04:57:45,161.02542,36.01264,https://simbad.u-strasbg.fr/simbad/sim-id?Ident=GALEX%20J104406.2%2B360046,whitedwarf,2.1852,Gaia DR3 750807768499445376,17.56,17.57,17.54,7.8409,0.0927,True,True,False,http://localhost/download/files/ZTF18aajhdbj_spec.tar.gz,http://localhost/download/plots/ZTF18aajhdbj_plot.tar.gz
https://alerce.online/object/ZTF18aalrikz,2018-06-03 05:15:16,196.97428,53.85844,https://simbad.u-strasbg.fr/simbad/sim-id?Ident=V%2A%20EV%20UMa,cataclyv*,0.289224,Gaia DR3 1563999425873420800,19.85,19.39,18.52,1.5234,0.1088,True,True,True,http://localhost/download/files/ZTF18aalrikz_spec.tar.gz,http://localhost/download/plots/ZTF18aalrikz_plot.tar.gz
https://alerce.online/object/ZTF18aagtlpi,2018-06-03 09:18:08,258.49508,44.54164,N/A,N/A,,Gaia DR3 1361507931367486976,18.59,18.99,17.98,2.0064,0.1402,True,False,False,N/A,N/A
https://alerce.online/object/ZTF18aaxullz,2018-06-03 09:36:05,297.31776,34.16509,N/A,N/A,,Gaia DR3 2035426993488905216,17.12,17.11,16.46,0.4808,0.0803,True,True,True,http://localhost/download/files/ZTF18aaxullz_spec.tar.gz,http://localhost/download/plots/ZTF18aaxullz_plot.tar.gz
https://alerce.online/object/ZTF18aaxumvv,2018-06-03 09:43:57,302.38582,41.00644,N/A,N/A,,Gaia DR3 2074528959882041728,20.19,18.18,17.63,0.8960,0.1320,True,False,False,N/A,N/A
https://alerce.online/object/ZTF17aabvgst,2018-06-03 11:11:18,339.84393,51.54286,https://simbad.u-strasbg.fr/simbad/sim-id?Ident=V%2A%20DR%20Lac,cataclyv*,0.172369,Gaia DR3 1989850484164866560,17.21,17.19,16.55,0.4303,0.0543,True,True,True,http://localhost/download/files/ZTF17aabvgst_spec.tar.gz,http://localhost/download/plots/ZTF17aabvgst_plot.tar.gz
https://alerce.online/object/ZTF17aaawhfm,2018-06-03 11:12:00,328.58856,51.66366,https://simbad.u-strasbg.fr/simbad/sim-id?Ident=Gaia%20DR2%201981044461183524992,emline*,0.051682,Gaia DR3 1981044461183524992,18.13,17.95,17.11,0.6722,0.0899,True,False,False,N/A,N/A
https://alerce.online/object/ZTF17aadsntf,2018-06-03 11:12:00,328.58856,51.66366,https://simbad.u-strasbg.fr/simbad/sim-id?Ident=Gaia%20DR2%201981044461183524992,emline*,0.050371,Gaia DR3 1981044461183524992,18.13,17.95,17.11,0.6722,0.0899,True,False,False,N/A,N/A
https://alerce.online/object/ZTF18aawrcla,2018-06-03 11:14:47,302.82010,60.07442,https://simbad.u-strasbg.fr/simbad/sim-id?Ident=GALEX%20J201116.8%2B600428,hotsubdwarf_candidate,0.282344,Gaia DR3 2236896418906579072,17.30,17.41,17.00,0.6925,0.0646,True,True,True,http://localhost/download/files/ZTF18aawrcla_spec.tar.gz,http://localhost/download/plots/ZTF18aawrcla_plot.tar.gz
https://alerce.online/object/ZTF17aaadycb,2018-06-04 10:08:25,308.64060,37.81760,https://simbad.u-strasbg.fr/simbad/sim-id?Ident=Gaia%20DR2%202063069952751849344,emline*,0.036988,Gaia DR3 2063069952751849344,18.48,18.82,17.63,0.8697,0.1560,True,False,False,N/A,N/A
https://alerce.online/object/ZTF17aaawfvd,2018-06-04 10:09:44,310.54019,52.72041,https://simbad.u-strasbg.fr/simbad/sim-id?Ident=2XMMi%20J204209.6%2B524313,x,0.442264,Gaia DR3 2182309407501705728,17.79,18.12,17.09,0.9809,0.0766,True,False,False,N/A,N/A
https://alerce.online/object/ZTF18aaxyysq,2018-06-04 11:01:48,299.82089,17.24158,https://simbad.u-strasbg.fr/simbad/sim-id?Ident=ZTF%20J195917.02%2B171429.7,eclbin,0.166008,Gaia DR3 1820450647528635904,17.32,17.68,16.57,1.2606,0.1335,True,True,False,http://localhost/download/files/ZTF18aaxyysq_spec.tar.gz,http://localhost/download/plots/ZTF18aaxyysq_plot.tar.gz
https://alerce.online/object/ZTF18aaxywha,2018-06-04 11:01:48,293.18279,17.74852,https://simbad.u-strasbg.fr/simbad/sim-id?Ident=V%2A%20WY%20Sge,cataclyv*,0.14314,Gaia DR3 4323038622449845120,18.25,18.82,17.49,1.0211,0.1110,True,False,False,N/A,N/A
https://alerce.online/object/ZTF18aaxywki,2018-06-04 11:02:29,301.67237,27.48074,https://simbad.u-strasbg.fr/simbad/sim-id?Ident=Gaia%20DR3%201836736545022514560,whitedwarf,0.433047,Gaia DR3 1836736545022514560,18.68,18.80,18.44,2.0126,0.1610,True,True,False,http://localhost/download/files/ZTF18aaxywki_spec.tar.gz,http://localhost/download/plots/ZTF18aaxywki_plot.tar.gz
https://alerce.online/object/ZTF18aaxyyfv,2018-06-04 11:03:51,300.91750,32.04432,N/A,N/A,,Gaia DR3 2031017642636704512,18.35,18.51,17.55,1.0375,0.1418,True,True,False,http://localhost/download/files/ZTF18aaxyyfv_spec.tar.gz,http://localhost/download/plots/ZTF18aaxyyfv_plot.tar.gz
https://alerce.online/object/ZTF18aaxyzgq,2018-06-04 11:06:21,308.28787,55.96188,N/A,N/A,,Gaia DR3 2186699104596680064,18.15,18.45,17.55,0.6743,0.0869,True,False,False,N/A,N/A
https://alerce.online/object/ZTF18aacdilr,2018-06-05 04:36:20,211.76065,21.26653,https://simbad.u-strasbg.fr/simbad/sim-id?Ident=LAMOST%20J140702.58%2B211600.1,whitedwarf,0.740247,Gaia DR3 1247210845801446528,17.38,18.05,16.51,4.0789,0.0909,True,True,True,http://localhost/download/files/ZTF18aacdilr_spec.tar.gz,http://localhost/download/plots/ZTF18aacdilr_plot.tar.gz
https://alerce.online/object/ZTF18aayesfh,2018-06-05 09:37:23,296.90123,32.89657,N/A,N/A,,Gaia DR3 2034738076422994816,18.30,18.49,17.97,0.7109,0.1127,True,False,False,N/A,N/A
https://alerce.online/object/ZTF18aayefwp,2018-06-05 09:38:05,306.50400,33.66230,https://simbad.u-strasbg.fr/simbad/sim-id?Ident=ZTF18aayefwp,cataclyv*,0.144261,Gaia DR3 2056003803844470528,18.52,18.74,17.77,1.8080,0.1146,True,False,False,N/A,N/A
https://alerce.online/object/ZTF18aayeosh,2018-06-05 09:38:05,306.59773,32.01900,https://simbad.u-strasbg.fr/simbad/sim-id?Ident=ZTF18aayeosh,cataclyv*_candidate,0.076256,Gaia DR3 1862131728884948096,19.42,19.91,18.45,1.0952,0.1577,True,False,False,N/A,N/A
https://alerce.online/object/ZTF17aaapvrl,2018-06-05 09:40:05,317.27594,48.11025,https://simbad.u-strasbg.fr/simbad/sim-id?Ident=Gaia%20DR2%202165328756082487168,emline*,0.123812,Gaia DR3 2165328756082487168,17.59,17.87,16.94,0.8542,0.0648,True,True,False,http://localhost/download/files/ZTF17aaapvrl_spec.tar.gz,http://localhost/download/plots/ZTF17aaapvrl_plot.tar.gz
https://alerce.online/object/ZTF17aabwwjr,2018-06-05 10:40:52,307.37149,52.13669,https://simbad.u-strasbg.fr/simbad/sim-id?Ident=Gaia%20DR3%202181532228886294400,star,0.040677,Gaia DR3 2181532228886294400,17.05,17.15,16.82,0.5508,0.0512,True,True,True,http://localhost/download/files/ZTF17aabwwjr_spec.tar.gz,http://localhost/download/plots/ZTF17aabwwjr_plot.tar.gz
https://alerce.online/object/ZTF18aaimsbv,2018-06-06 06:33:46,251.29983,27.87412,https://simbad.u-strasbg.fr/simbad/sim-id?Ident=Gaia%20DR3%201307670447592370688,star,0.332373,Gaia DR3 1307670447592370688,19.13,19.28,18.69,1.8213,0.1854,True,False,False,N/A,N/A
https://alerce.online/object/ZTF17aabumbp,2018-06-06 09:49:56,305.90909,64.60734,https://simbad.u-strasbg.fr/simbad/sim-id?Ident=V%2A%20MN%20Dra,cataclyv*,0.160056,Gaia DR3 2244648731797186688,18.27,17.81,17.12,0.7939,0.0952,True,False,False,N/A,N/A
https://alerce.online/object/ZTF18aatluwz,2018-06-06 09:56:36,278.42524,65.67191,https://simbad.u-strasbg.fr/simbad/sim-id?Ident=MASTER%20OT%20J183342.09%2B654019.1,cataclyv*,0.10752,Gaia DR3 2256959168920126336,19.61,19.83,19.36,1.4241,0.2243,True,False,False,N/A,N/A
https://alerce.online/object/ZTF18aayhqtj,2018-06-06 10:34:16,282.79985,1.52944,N/A,N/A,,Gaia DR3 4278998332718524288,18.79,19.29,17.63,1.1130,0.1823,True,False,False,N/A,N/A
https://alerce.online/object/ZTF18aayhsey,2018-06-06 10:35:41,294.97282,33.04822,N/A,N/A,,Gaia DR3 2045406538995962368,19.35,19.87,18.59,0.6226,0.1096,True,False,False,N/A,N/A
https://alerce.online/object/ZTF18aayimkt,2018-06-07 04:52:47,184.39497,37.82526,N/A,N/A,,Gaia DR3 1532403069462092544,19.59,18.24,17.82,9.2129,0.8000,True,True,True,http://localhost/download/files/ZTF18aayimkt_spec.tar.gz,http://localhost/download/plots/ZTF18aayimkt_plot.tar.gz
https://alerce.online/object/ZTF18aaylcic,2018-06-07 07:05:32,238.55135,27.36462,https://simbad.u-strasbg.fr/simbad/sim-id?Ident=V%2A%20AP%20CrB,cataclyv*,0.433568,Gaia DR3 1223491257550872192,17.15,17.48,16.37,4.9862,0.0510,True,True,False,http://localhost/download/files/ZTF18aaylcic_spec.tar.gz,http://localhost/download/plots/ZTF18aaylcic_plot.tar.gz
https://alerce.online/object/ZTF18aaylrvm,2018-06-07 07:34:47,251.20596,19.99446,https://simbad.u-strasbg.fr/simbad/sim-id?Ident=V%2A%20V611%20Her,cataclyv*,0.072417,Gaia DR3 4563219790691190912,19.90,20.08,19.40,0.9861,0.1250,True,False,False,N/A,N/A
https://alerce.online/object/ZTF18aaylslx,2018-06-07 07:35:28,250.70213,13.79766,https://simbad.u-strasbg.fr/simbad/sim-id?Ident=SDSS%20J164248.52%2B134751.4,cataclyv*,0.227982,Gaia DR3 4461280391188698368,17.86,18.08,17.40,1.8906,0.0938,True,True,True,http://localhost/download/files/ZTF18aaylslx_spec.tar.gz,http://localhost/download/plots/ZTF18aaylslx_plot.tar.gz
https://alerce.online/object/ZTF18aaynquu,2018-06-07 08:55:07,300.38471,36.27322,N/A,N/A,,Gaia DR3 2059922115383224064,18.45,18.78,17.96,0.6184,0.1212,True,False,False,N/A,N/A
https://alerce.online/object/ZTF18aayovjs,2018-06-07 09:21:27,303.90004,37.08285,https://simbad.u-strasbg.fr/simbad/sim-id?Ident=Gaia%20DR2%202060626872274773504,emline*,0.198595,Gaia DR3 2060626872274773504,19.04,19.19,18.47,1.7079,0.1558,True,False,False,N/A,N/A
https://alerce.online/object/ZTF18aaypagj,2018-06-07 10:07:01,285.74466,9.50358,https://simbad.u-strasbg.fr/simbad/sim-id?Ident=OGLE%20GD-CEP-1430,classicalcep,0.082517,Gaia DR3 4310725393576834048,15.15,15.34,14.81,1.0526,0.0280,True,True,False,http://localhost/download/files/ZTF18aaypagj_spec.tar.gz,http://localhost/download/plots/ZTF18aaypagj_plot.tar.gz
https://alerce.online/object/ZTF17aaawgqj,2018-06-07 10:52:48,326.51471,45.21930,N/A,N/A,,Gaia DR3 1973957765141937024,17.95,18.08,17.36,0.6551,0.0790,True,False,False,N/A,N/A
https://alerce.online/object/ZTF18aaypnnd,2018-06-07 10:53:29,317.14150,39.09314,https://simbad.u-strasbg.fr/simbad/sim-id?Ident=Lan%20386,cataclyv*,0.108607,Gaia DR3 1872069664728668288,16.91,17.01,16.35,1.7259,0.0470,True,True,True,http://localhost/download/files/ZTF18aaypnnd_spec.tar.gz,http://localhost/download/plots/ZTF18aaypnnd_plot.tar.gz
https://alerce.online/object/ZTF18aaypqid,2018-06-07 11:14:53,346.40995,65.36630,https://simbad.u-strasbg.fr/simbad/sim-id?Ident=IPHAS%20J230538.39%2B652158.7,cataclyv*,0.10444,Gaia DR3 2208852614629148800,18.90,19.29,18.28,1.7169,0.1493,True,False,False,N/A,N/A
https://alerce.online/object/ZTF17aaawzih,2018-06-07 11:17:32,337.51890,51.14877,https://simbad.u-strasbg.fr/simbad/sim-id?Ident=ZTF%20J223004.53%2B510855.7,eclbin,0.156087,Gaia DR3 2000300410171107072,17.10,17.37,16.66,0.6442,0.0510,True,True,False,http://localhost/download/files/ZTF17aaawzih_spec.tar.gz,http://localhost/download/plots/ZTF17aaawzih_plot.tar.gz
https://alerce.online/object/ZTF18aabpoqs,2018-06-08 05:37:58,169.31622,17.96156,https://simbad.u-strasbg.fr/simbad/sim-id?Ident=V%2A%20DP%20Leo,cataclyv*,0.448539,Gaia DR3 3971777500966832384,18.57,18.67,18.20,3.1493,0.2530,True,True,False,http://localhost/download/files/ZTF18aabpoqs_spec.tar.gz,http://localhost/download/plots/ZTF18aabpoqs_plot.tar.gz
https://alerce.online/object/ZTF18aayuozh,2018-06-08 08:56:01,290.67032,26.40431,https://simbad.u-strasbg.fr/simbad/sim-id?Ident=ZTF%20J192240.88%2B262415.5,eclbin,0.133412,Gaia DR3 2025568909688842112,17.63,17.80,17.39,0.4430,0.0812,True,True,False,http://localhost/download/files/ZTF18aayuozh_spec.tar.gz,http://localhost/download/plots/ZTF18aayuozh_plot.tar.gz
https://alerce.online/object/ZTF18aayvcxb,2018-06-08 08:56:40,295.82111,17.80616,N/A,N/A,,Gaia DR3 1824117415714934784,16.96,17.24,16.48,0.5546,0.0629,True,True,False,http://localhost/download/files/ZTF18aayvcxb_spec.tar.gz,http://localhost/download/plots/ZTF18aayvcxb_plot.tar.gz
https://alerce.online/object/ZTF18aayxmph,2018-06-08 10:40:27,308.74154,31.94558,N/A,N/A,,Gaia DR3 1862655985463397120,19.47,19.67,19.00,1.2297,0.2255,True,False,False,N/A,N/A
https://alerce.online/object/ZTF17aaaajjx,2018-06-08 10:49:33,317.78616,45.34030,N/A,N/A,,Gaia DR3 2164002165237983360,18.53,19.04,17.30,1.4009,0.1143,True,False,False,N/A,N/A
https://alerce.online/object/ZTF17aaapwae,2018-06-08 10:49:33,317.87304,44.98984,https://simbad.u-strasbg.fr/simbad/sim-id?Ident=ZTF17aaapwae,cataclyv*,0.165163,Gaia DR3 2162478993740496256,18.21,18.50,17.42,2.3096,0.1020,True,False,False,N/A,N/A
https://alerce.online/object/ZTF17aaadzpn,2018-06-08 10:52:20,308.29194,48.54082,https://simbad.u-strasbg.fr/simbad/sim-id?Ident=NSV%2013146,pulsv*,0.13276,Gaia DR3 2179765004461576832,15.92,16.08,15.46,0.7651,0.0285,True,True,False,http://localhost/download/files/ZTF17aaadzpn_spec.tar.gz,http://localhost/download/plots/ZTF17aaadzpn_plot.tar.gz
https://alerce.online/object/ZTF18aayxqcd,2018-06-08 10:52:58,307.63190,52.63072,https://simbad.u-strasbg.fr/simbad/sim-id?Ident=V%2A%20V1974%20Cyg,nova,0.261535,Gaia DR3 2181756563616247552,17.21,17.36,16.75,0.6211,0.0541,True,True,True,http://localhost/download/files/ZTF18aayxqcd_spec.tar.gz,http://localhost/download/plots/ZTF18aayxqcd_plot.tar.gz
https://alerce.online/object/ZTF18aagtrcy,2018-06-09 05:26:51,232.02047,33.17011,https://simbad.u-strasbg.fr/simbad/sim-id?Ident=SDSS%20J152804.92%2B331012.1,whitedwarf,0.358858,Gaia DR3 1277782113776664320,18.89,19.23,18.26,2.0177,0.1604,True,True,False,http://localhost/download/files/ZTF18aagtrcy_spec.tar.gz,http://localhost/download/plots/ZTF18aagtrcy_plot.tar.gz
https://alerce.online/object/ZTF18aaojabr,2018-06-09 06:26:38,247.40209,26.58880,https://simbad.u-strasbg.fr/simbad/sim-id?Ident=V%2A%20V1189%20Her,cataclyv*,0.40908,Gaia DR3 1304296149486147584,19.15,19.68,18.23,1.4103,0.2053,True,True,False,http://localhost/download/files/ZTF18aaojabr_spec.tar.gz,http://localhost/download/plots/ZTF18aaojabr_plot.tar.gz
https://alerce.online/object/ZTF18aayzpbr,2018-06-09 07:02:54,262.46496,22.13557,https://simbad.u-strasbg.fr/simbad/sim-id?Ident=CRTS%20J172951.6%2B220808,cataclyv*,0.129112,Gaia DR3 4556859562598924032,18.03,18.31,17.45,0.9054,0.0870,True,False,False,N/A,N/A
https://alerce.online/object/ZTF18aalhego,2018-06-09 07:21:44,255.53571,55.30744,https://simbad.u-strasbg.fr/simbad/sim-id?Ident=CRTS%20CSS130416%20J170209%2B551827,cataclyv*,0.189448,Gaia DR3 1432244427824395264,19.03,19.20,18.68,1.4218,0.1924,True,False,False,N/A,N/A
https://alerce.online/object/ZTF18aasnpjs,2018-06-09 09:06:46,291.35977,27.34695,N/A,N/A,,Gaia DR3 2025726998848024448,17.46,17.70,17.04,0.4345,0.0701,True,True,False,http://localhost/download/files/ZTF18aasnpjs_spec.tar.gz,http://localhost/download/plots/ZTF18aasnpjs_plot.tar.gz
https://alerce.online/object/ZTF18aazeoct,2018-06-09 09:45:36,303.55889,41.14144,N/A,N/A,,Gaia DR3 2062595376051254016,17.58,17.86,17.15,0.4163,0.0738,True,True,False,http://localhost/download/files/ZTF18aazeoct_spec.tar.gz,http://localhost/download/plots/ZTF18aazeoct_plot.tar.gz
https://alerce.online/object/ZTF18aazloln,2018-06-09 09:59:25,299.95036,21.42532,N/A,N/A,,Gaia DR3 1826823008893866240,17.71,17.96,17.28,0.5205,0.0935,True,True,False,http://localhost/download/files/ZTF18aazloln_spec.tar.gz,http://localhost/download/plots/ZTF18aazloln_plot.tar.gz
https://alerce.online/object/ZTF17aaawrkt,2018-06-09 10:22:57,332.92998,52.24266,N/A,N/A,,Gaia DR3 2004210582757906944,16.94,17.12,16.30,0.7537,0.0486,True,True,True,http://localhost/download/files/ZTF17aaawrkt_spec.tar.gz,http://localhost/download/plots/ZTF17aaawrkt_plot.tar.gz
https://alerce.online/object/ZTF18aazfitj,2018-06-09 10:43:39,310.89749,36.91335,https://simbad.u-strasbg.fr/simbad/sim-id?Ident=Gaia%20DR3%201870664484572417408,whitedwarf_candidate,0.036031,Gaia DR3 1870664484572417408,19.43,19.49,19.14,2.1603,0.2526,True,False,False,N/A,N/A
https://alerce.online/object/ZTF18aaypdmf,2018-06-09 10:54:57,297.19672,57.15622,https://simbad.u-strasbg.fr/simbad/sim-id?Ident=V%2A%20V1006%20Cyg,cataclyv*,0.141271,Gaia DR3 2235124349761327232,17.12,17.27,16.61,2.1011,0.0411,True,True,True,http://localhost/download/files/ZTF18aaypdmf_spec.tar.gz,http://localhost/download/plots/ZTF18aaypdmf_plot.tar.gz
https://alerce.online/object/ZTF18aakffuh,2018-06-10 04:15:03,193.15152,56.40374,https://simbad.u-strasbg.fr/simbad/sim-id?Ident=SDSS%20J125236.44%2B562413.9,whitedwarf,0.887002,Gaia DR3 1576713422422898176,17.96,18.05,17.82,7.4449,0.1096,True,True,False,http://localhost/download/files/ZTF18aakffuh_spec.tar.gz,http://localhost/download/plots/ZTF18aakffuh_plot.tar.gz
https://alerce.online/object/ZTF18aambiwe,2018-06-10 04:15:03,194.31702,58.41697,https://simbad.u-strasbg.fr/simbad/sim-id?Ident=SDSS%20J125716.08%2B582501.2,cataclyv*,0.091381,Gaia DR3 1578799436498250368,18.49,19.16,17.56,1.0052,0.1272,True,False,False,N/A,N/A
https://alerce.online/object/ZTF17aabwozm,2018-06-10 04:18:31,167.86179,57.21071,https://simbad.u-strasbg.fr/simbad/sim-id?Ident=CRTS%20J111126.9%2B571239,cataclyv*,0.172903,Gaia DR3 856604632750452736,18.85,18.85,18.53,1.7590,0.0842,True,False,False,N/A,N/A
https://alerce.online/object/ZTF17aaajfhh,2018-06-10 04:23:54,153.34851,45.98298,https://simbad.u-strasbg.fr/simbad/sim-id?Ident=SDSS%20J101323.65%2B455858.8,cataclyv*,0.17278,Gaia DR3 810195694346871808,19.05,19.18,18.59,1.3945,0.2038,True,False,False,N/A,N/A
https://alerce.online/object/ZTF18aaikyae,2018-06-10 05:25:04,213.08630,65.68981,https://simbad.u-strasbg.fr/simbad/sim-id?Ident=SDSS%20J141220.70%2B654123.3,whitedwarf,0.091393,Gaia DR3 1668534527515116416,18.94,19.25,18.43,2.4839,0.1590,True,False,False,N/A,N/A
https://alerce.online/object/ZTF18aazmyny,2018-06-10 10:47:54,326.35230,57.93020,https://simbad.u-strasbg.fr/simbad/sim-id?Ident=2MASS%20J21452455%2B5755489,yso,0.133832,Gaia DR3 2178330622824459904,16.95,17.42,16.18,1.2950,0.0586,True,True,False,http://localhost/download/files/ZTF18aazmyny_spec.tar.gz,http://localhost/download/plots/ZTF18aazmyny_plot.tar.gz
https://alerce.online/object/ZTF18aazndpb,2018-06-10 10:57:02,349.37442,52.33891,https://simbad.u-strasbg.fr/simbad/sim-id?Ident=ASASSN%20-18mp,cataclyv*,0.683229,Gaia DR3 1992580429800923520,19.65,19.75,19.61,3.7552,0.3369,True,False,False,N/A,N/A
https://alerce.online/object/ZTF18aazndpk,2018-06-10 10:57:02,350.11295,52.25323,https://simbad.u-strasbg.fr/simbad/sim-id?Ident=ATO%20J350.1129%2B52.2532,eclbin,0.117904,Gaia DR3 1992380456114376576,16.87,17.21,16.16,1.2194,0.1303,True,True,False,http://localhost/download/files/ZTF18aazndpk_spec.tar.gz,http://localhost/download/plots/ZTF18aazndpk_plot.tar.gz
https://alerce.online/object/ZTF18aaznftp,2018-06-10 10:58:22,341.83894,56.99373,https://simbad.u-strasbg.fr/simbad/sim-id?Ident=UVEX%20J224721.36%2B565937.4,whitedwarf,0.227115,Gaia DR3 2007080479899429376,17.49,17.77,17.06,0.4444,0.0678,True,True,False,http://localhost/download/files/ZTF18aaznftp_spec.tar.gz,http://localhost/download/plots/ZTF18aaznftp_plot.tar.gz
https://alerce.online/object/ZTF17aaaelhz,2018-06-10 10:59:01,329.35591,50.66577,https://simbad.u-strasbg.fr/simbad/sim-id?Ident=Gaia%20DR2%201980182169171284608,emline*,0.1937,Gaia DR3 1980182169171284608,19.37,19.54,18.53,1.4079,0.2174,True,False,False,N/A,N/A
https://alerce.online/object/ZTF17aacmyjo,2018-06-11 04:53:18,190.94239,16.08447,https://simbad.u-strasbg.fr/simbad/sim-id?Ident=MASTER%20OT%20J124346.19%2B160504.1,cataclyv*,0.248825,Gaia DR3 3934387508552555520,19.56,19.93,18.84,2.7399,0.5163,True,True,False,http://localhost/download/files/ZTF17aacmyjo_spec.tar.gz,http://localhost/download/plots/ZTF17aacmyjo_plot.tar.gz
https://alerce.online/object/ZTF17aacnfia,2018-06-11 04:53:18,190.94244,16.08439,https://simbad.u-strasbg.fr/simbad/sim-id?Ident=MASTER%20OT%20J124346.19%2B160504.1,cataclyv*,0.304428,Gaia DR3 3934387508552555520,19.56,19.93,18.84,2.7399,0.5163,True,True,False,http://localhost/download/files/ZTF17aacnfia_spec.tar.gz,http://localhost/download/plots/ZTF17aacnfia_plot.tar.gz
https://alerce.online/object/ZTF18aazvbql,2018-06-11 09:52:49,282.90206,10.46631,N/A,N/A,,Gaia DR3 4311609813245865472,18.48,18.84,17.75,1.0266,0.1577,True,False,False,N/A,N/A
https://alerce.online/object/ZTF18aazvigc,2018-06-11 10:15:13,338.88255,52.59751,https://simbad.u-strasbg.fr/simbad/sim-id?Ident=Gaia%20DR2%202002204734254436224,emline*,0.160565,Gaia DR3 2002204734254436224,16.32,16.47,15.90,0.4478,0.0869,True,True,False,http://localhost/download/files/ZTF18aazvigc_spec.tar.gz,http://localhost/download/plots/ZTF18aazvigc_plot.tar.gz
https://alerce.online/object/ZTF17aaawglf,2018-06-11 10:16:35,326.01574,44.65049,https://simbad.u-strasbg.fr/simbad/sim-id?Ident=Antipin%20V66,cataclyv*,0.283254,Gaia DR3 1973867635249022336,17.55,17.38,16.39,0.8738,0.0608,True,True,False,http://localhost/download/files/ZTF17aaawglf_spec.tar.gz,http://localhost/download/plots/ZTF17aaawglf_plot.tar.gz
https://alerce.online/object/ZTF18aazvhdb,2018-06-11 10:17:17,311.79078,41.92398,https://simbad.u-strasbg.fr/simbad/sim-id?Ident=V%2A%20V516%20Cyg,cataclyv*,0.157858,Gaia DR3 2066230155323606784,15.82,15.83,15.13,1.3604,0.0313,True,True,False,http://localhost/download/files/ZTF18aazvhdb_spec.tar.gz,http://localhost/download/plots/ZTF18aazvhdb_plot.tar.gz
https://alerce.online/object/ZTF18aazvzgu,2018-06-11 10:18:39,313.47988,46.91080,N/A,N/A,,Gaia DR3 2166802793169758848,18.11,18.23,17.33,0.5093,0.0987,True,False,False,N/A,N/A
https://alerce.online/object/ZTF18abacqpx,2018-06-11 10:18:39,313.05320,44.32392,https://simbad.u-strasbg.fr/simbad/sim-id?Ident=EM%2A%20LkHA%20%20170,ae*,0.117161,Gaia DR3 2162954949132840192,14.27,14.45,13.93,1.3090,0.0168,True,True,True,http://localhost/download/files/ZTF18abacqpx_spec.tar.gz,http://localhost/download/plots/ZTF18abacqpx_plot.tar.gz
https://alerce.online/object/ZTF18aazvlnk,2018-06-11 10:19:17,310.10165,51.51651,N/A,N/A,,Gaia DR3 2180549128051682432,15.96,16.13,15.60,1.2556,0.0316,True,True,True,http://localhost/download/files/ZTF18aazvlnk_spec.tar.gz,http://localhost/download/plots/ZTF18aazvlnk_plot.tar.gz
https://alerce.online/object/ZTF17aaawfwn,2018-06-11 10:19:17,309.02653,54.52838,https://simbad.u-strasbg.fr/simbad/sim-id?Ident=V%2A%20V1052%20Cyg,cataclyv*,0.097818,Gaia DR3 2183465990654947584,17.52,17.70,16.95,0.6050,0.0543,True,True,False,http://localhost/download/files/ZTF17aaawfwn_spec.tar.gz,http://localhost/download/plots/ZTF17aaawfwn_plot.tar.gz
https://alerce.online/object/ZTF18aazwdho,2018-06-11 10:55:03,345.97649,52.33734,https://simbad.u-strasbg.fr/simbad/sim-id?Ident=Gaia%20DR3%201995394702823596544,eclbin,0.253928,Gaia DR3 1995394702823596544,16.42,16.67,15.95,0.6996,0.0385,True,True,False,http://localhost/download/files/ZTF18aazwdho_spec.tar.gz,http://localhost/download/plots/ZTF18aazwdho_plot.tar.gz
https://alerce.online/object/ZTF18aazwgpb,2018-06-11 10:56:24,331.73643,51.09845,https://simbad.u-strasbg.fr/simbad/sim-id?Ident=Gaia%20DR2%201980077092801857664,emline*,0.091872,Gaia DR3 1980077092801857664,16.82,17.04,16.41,0.8948,0.0514,True,True,True,http://localhost/download/files/ZTF18aazwgpb_spec.tar.gz,http://localhost/download/plots/ZTF18aazwgpb_plot.tar.gz
https://alerce.online/object/ZTF17aabpmqx,2018-06-11 11:17:01,337.29236,59.43922,https://simbad.u-strasbg.fr/simbad/sim-id?Ident=IPHAS%20J222910.16%2B592621.2,cataclyv*_candidate,0.034688,Gaia DR3 2200467743256994688,18.50,18.86,17.64,0.7448,0.1179,True,False,False,N/A,N/A
https://alerce.online/object/ZTF18abaanbo,2018-06-12 08:35:52,291.14010,16.01273,N/A,N/A,,Gaia DR3 4322344143406481664,18.29,18.84,17.55,2.7578,0.1470,True,False,False,N/A,N/A
https://alerce.online/object/ZTF18aapukle,2018-06-12 08:47:45,285.35580,53.15817,https://simbad.u-strasbg.fr/simbad/sim-id?Ident=PSO%20J285.3559%2B53.1581,whitedwarf,0.273582,Gaia DR3 2134541781964072320,18.04,17.95,18.30,1.0978,0.0897,True,True,False,http://localhost/download/files/ZTF18aapukle_spec.tar.gz,http://localhost/download/plots/ZTF18aapukle_plot.tar.gz
https://alerce.online/object/ZTF18aarwyww,2018-06-12 09:25:29,275.12528,51.74648,N/A,N/A,,Gaia DR3 2124468846703140864,19.18,19.42,18.66,1.8111,0.1957,True,False,False,N/A,N/A
https://alerce.online/object/ZTF18abacgon,2018-06-12 09:32:14,293.47349,14.29591,https://simbad.u-strasbg.fr/simbad/sim-id?Ident=ZTF18abacgon,cataclyv*,0.833566,Gaia DR3 4318147616785473408,18.33,18.40,17.86,3.2417,0.1385,True,False,False,N/A,N/A
https://alerce.online/object/ZTF18abasodf,2018-06-12 09:40:38,305.13928,38.26905,https://simbad.u-strasbg.fr/simbad/sim-id?Ident=AT%202020ezs,cataclyv*_candidate,0.098494,Gaia DR3 2061073961194068608,17.67,18.18,16.68,2.1328,0.0572,True,False,False,N/A,N/A
https://alerce.online/object/ZTF18abacsvb,2018-06-12 09:44:03,313.72481,58.69616,N/A,N/A,,Gaia DR3 2190751633877720704,16.78,17.18,16.21,0.9709,0.0463,True,True,False,http://localhost/download/files/ZTF18abacsvb_spec.tar.gz,http://localhost/download/plots/ZTF18abacsvb_plot.tar.gz
https://alerce.online/object/ZTF18aazmwvg,2018-06-12 10:03:31,309.23114,14.05257,https://simbad.u-strasbg.fr/simbad/sim-id?Ident=V%2A%20HO%20Del,cataclyv*,0.18133,Gaia DR3 1756386438585507712,18.25,18.37,17.81,1.9875,0.1320,True,False,False,N/A,N/A
https://alerce.online/object/ZTF18abadjtv,2018-06-12 10:06:10,326.11024,22.34014,https://simbad.u-strasbg.fr/simbad/sim-id?Ident=CRTS%20J214426.4%2B222024,cataclyv*,0.4593,Gaia DR3 1794142701512576256,17.13,17.46,16.61,0.9582,0.0919,True,True,False,http://localhost/download/files/ZTF18abadjtv_spec.tar.gz,http://localhost/download/plots/ZTF18abadjtv_plot.tar.gz
https://alerce.online/object/ZTF17aaaedmp,2018-06-12 10:21:31,350.23649,56.08750,N/A,N/A,,Gaia DR3 1997211680146823296,18.87,18.59,18.07,0.6691,0.0894,True,False,False,N/A,N/A
https://alerce.online/object/ZTF18abdpnoq,2018-06-12 10:21:31,350.23650,56.08750,N/A,N/A,,Gaia DR3 1997211680146823296,18.87,18.59,18.07,0.6691,0.0894,True,False,False,N/A,N/A
https://alerce.online/object/ZTF18abadsmu,2018-06-12 10:39:56,328.61328,15.95362,https://simbad.u-strasbg.fr/simbad/sim-id?Ident=CRTS%20J215427.1%2B155714,cataclyv*,0.10612,Gaia DR3 1769748249344397312,19.16,18.90,18.08,0.9891,0.1489,True,False,False,N/A,N/A
https://alerce.online/object/ZTF17aabqmtu,2018-06-12 11:16:50,330.98764,61.53886,https://simbad.u-strasbg.fr/simbad/sim-id?Ident=ZTF%20J220357.03%2B613220.0,cataclyv*,0.299815,Gaia DR3 2203373473312011008,18.39,18.61,16.90,2.3289,0.0831,True,False,False,N/A,N/A
https://alerce.online/object/ZTF17aabpjfd,2018-06-12 11:18:14,349.60492,58.44413,N/A,N/A,,Gaia DR3 2010453437976220800,19.35,20.07,18.35,0.7993,0.1590,True,False,False,N/A,N/A
https://alerce.online/object/ZTF18abaelhm,2018-06-13 04:32:56,207.22989,7.95999,https://simbad.u-strasbg.fr/simbad/sim-id?Ident=V%2A%20CR%20Boo,cataclyv*,0.764665,Gaia DR3 3721961488404743040,15.47,15.43,15.37,2.8438,0.0367,True,True,False,http://localhost/download/files/ZTF18abaelhm_spec.tar.gz,http://localhost/download/plots/ZTF18abaelhm_plot.tar.gz
https://alerce.online/object/ZTF18aakqvgb,2018-06-13 04:58:38,199.98228,72.64671,https://simbad.u-strasbg.fr/simbad/sim-id?Ident=Gaia%20DR3%201687976779312262912,whitedwarf_candidate,0.48102,Gaia DR3 1687976779312262912,19.72,19.76,19.41,2.0559,0.3043,True,False,False,N/A,N/A
https://alerce.online/object/ZTF18aazwnmq,2018-06-13 07:33:19,255.85044,9.05645,N/A,N/A,,Gaia DR3 4443306777688239360,18.92,19.03,18.45,0.8907,0.1648,True,False,False,N/A,N/A
https://alerce.online/object/ZTF18abajshu,2018-06-13 10:12:55,344.03546,59.90836,https://simbad.u-strasbg.fr/simbad/sim-id?Ident=ZTF%20J225608.47%2B595430.2,cataclyv*,0.456695,Gaia DR3 2014349389931360768,14.50,14.72,14.03,2.0647,0.0171,True,True,True,http://localhost/download/files/ZTF18abajshu_spec.tar.gz,http://localhost/download/plots/ZTF18abajshu_plot.tar.gz
https://alerce.online/object/ZTF17aaaqgbm,2018-06-13 10:14:19,323.56606,49.19064,https://simbad.u-strasbg.fr/simbad/sim-id?Ident=V%2A%20V1081%20Cyg,cataclyv*,3.547303,Gaia DR3 1978696415434124672,17.85,18.08,17.30,1.6955,0.0818,True,False,False,N/A,N/A
https://alerce.online/object/ZTF18abajtoh,2018-06-13 10:14:59,337.20784,50.16981,https://simbad.u-strasbg.fr/simbad/sim-id?Ident=Gaia%20DR3%202000174314233682816,star,0.186961,Gaia DR3 2000174314233682816,16.74,16.84,16.46,0.5652,0.0491,True,True,False,http://localhost/download/files/ZTF18abajtoh_spec.tar.gz,http://localhost/download/plots/ZTF18abajtoh_plot.tar.gz
https://alerce.online/object/ZTF18abajusu,2018-06-13 10:14:59,329.76836,49.90843,https://simbad.u-strasbg.fr/simbad/sim-id?Ident=ZTF%20J215904.40%2B495430.4,eclbin,0.057375,Gaia DR3 1979538194664660608,17.64,17.76,17.25,0.4394,0.0759,True,True,True,http://localhost/download/files/ZTF18abajusu_spec.tar.gz,http://localhost/download/plots/ZTF18abajusu_plot.tar.gz
https://alerce.online/object/ZTF18abajuqs,2018-06-13 10:15:44,348.01895,54.49761,N/A,N/A,,Gaia DR3 1996470128277139584,18.97,19.21,18.36,0.8803,0.1634,True,False,False,N/A,N/A
https://alerce.online/object/ZTF18abakkox,2018-06-13 11:15:31,1.54164,55.98061,https://simbad.u-strasbg.fr/simbad/sim-id?Ident=V%2A%20FI%20Cas,cataclyv*,0.950229,Gaia DR3 420857007749722496,17.87,16.61,15.65,0.8176,0.0643,True,False,False,N/A,N/A
https://alerce.online/object/ZTF18aabjlcb,2018-06-14 04:54:54,136.98595,71.98315,https://simbad.u-strasbg.fr/simbad/sim-id?Ident=Gaia%20DR3%201120565454382143104,star,0.204318,Gaia DR3 1120565454382143104,15.94,16.07,15.64,1.2934,0.0302,True,True,False,http://localhost/download/files/ZTF18aabjlcb_spec.tar.gz,http://localhost/download/plots/ZTF18aabjlcb_plot.tar.gz
https://alerce.online/object/ZTF18abaqgmw,2018-06-14 09:19:22,345.09862,61.61530,N/A,N/A,,Gaia DR3 2014787231778367104,20.04,21.03,18.57,3.0109,0.5850,True,False,False,N/A,N/A
https://alerce.online/object/ZTF18abaqipz,2018-06-14 09:20:01,338.40013,51.62756,https://simbad.u-strasbg.fr/simbad/sim-id?Ident=ATO%20J338.4001%2B51.6275,cataclyv*_candidate,0.149396,Gaia DR3 2000428645019110912,17.92,17.98,17.25,0.4962,0.0660,True,False,False,N/A,N/A
https://alerce.online/object/ZTF18abdkuhe,2018-06-14 10:05:37,296.64738,27.89936,https://simbad.u-strasbg.fr/simbad/sim-id?Ident=V%2A%20GO%20Vul,eclbin,0.206807,Gaia DR3 2028249450344676096,12.93,13.11,12.44,3.3949,0.6183,True,True,False,http://localhost/download/files/ZTF18abdkuhe_spec.tar.gz,http://localhost/download/plots/ZTF18abdkuhe_plot.tar.gz
https://alerce.online/object/ZTF17aabuvjk,2018-06-14 10:14:02,355.84078,57.78562,N/A,N/A,,Gaia DR3 1998730414943293696,19.04,17.58,16.67,1.1001,0.1967,True,False,False,N/A,N/A
https://alerce.online/object/ZTF18abasjba,2018-06-14 10:16:04,335.69232,54.62790,https://simbad.u-strasbg.fr/simbad/sim-id?Ident=ATO%20J335.6923%2B54.6279,variable*,0.152137,Gaia DR3 2005095041090305920,16.44,16.64,16.13,0.5290,0.0431,True,True,False,http://localhost/download/files/ZTF18abasjba_spec.tar.gz,http://localhost/download/plots/ZTF18abasjba_plot.tar.gz
https://alerce.online/object/ZTF18abasost,2018-06-14 10:17:28,317.91780,46.63697,N/A,N/A,,Gaia DR3 2164312090087297536,18.13,18.20,17.47,1.2130,0.1059,True,False,False,N/A,N/A
https://alerce.online/object/ZTF18abasoef,2018-06-14 10:19:29,316.01956,46.52037,https://simbad.u-strasbg.fr/simbad/sim-id?Ident=TCP%20J21040470%2B4631129,cataclyv*,1.155845,Gaia DR3 2163612727665972096,17.70,17.89,17.32,9.2260,0.0715,True,True,True,http://localhost/download/files/ZTF18abasoef_spec.tar.gz,http://localhost/download/plots/ZTF18abasoef_plot.tar.gz
https://alerce.online/object/ZTF18abaszqn,2018-06-14 10:56:20,331.09726,50.27252,https://simbad.u-strasbg.fr/simbad/sim-id?Ident=ZTF%20J220423.33%2B501621.1,eclbin,0.171638,Gaia DR3 1976934104452780928,18.11,18.46,17.73,0.5514,0.1071,True,False,False,N/A,N/A
https://alerce.online/object/ZTF17aabtjmc,2018-06-15 04:15:45,146.80005,51.90245,https://simbad.u-strasbg.fr/simbad/sim-id?Ident=V%2A%20ER%20UMa,cataclyv*,0.674032,Gaia DR3 828036782335310848,14.24,14.37,14.09,2.8039,0.0205,True,True,True,http://localhost/download/files/ZTF17aabtjmc_spec.tar.gz,http://localhost/download/plots/ZTF17aabtjmc_plot.tar.gz
https://alerce.online/object/ZTF18abaujxk,2018-06-15 05:50:14,227.60070,67.90275,N/A,N/A,,Gaia DR3 1693540312444893184,17.88,18.31,16.88,1.7182,0.1852,True,False,False,N/A,N/A
https://alerce.online/object/ZTF18abaxueg,2018-06-15 07:55:48,268.21914,29.37188,https://simbad.u-strasbg.fr/simbad/sim-id?Ident=V%2A%20NY%20Her,cataclyv*,0.042734,Gaia DR3 4596583508964035712,18.94,18.84,17.94,0.6928,0.0921,True,False,False,N/A,N/A
https://alerce.online/object/ZTF18aahbpgh,2018-06-15 08:41:15,259.66921,25.40873,https://simbad.u-strasbg.fr/simbad/sim-id?Ident=2MASS%20J17184067%2B2524316,whitedwarf,0.572098,Gaia DR3 4570546317703725312,16.09,16.10,16.08,14.2690,0.0349,True,True,False,http://localhost/download/files/ZTF18aahbpgh_spec.tar.gz,http://localhost/download/plots/ZTF18aahbpgh_plot.tar.gz
https://alerce.online/object/ZTF18aaoadme,2018-06-15 08:56:41,278.30999,48.48685,https://simbad.u-strasbg.fr/simbad/sim-id?Ident=GALEX%20J183314.4%2B482912,whitedwarf,0.337787,Gaia DR3 2120335400240968448,17.08,16.92,17.43,1.2052,0.0535,True,True,False,http://localhost/download/files/ZTF18aaoadme_spec.tar.gz,http://localhost/download/plots/ZTF18aaoadme_plot.tar.gz
https://alerce.online/object/ZTF18abbkgnu,2018-06-16 07:53:11,254.24222,21.36079,https://simbad.u-strasbg.fr/simbad/sim-id?Ident=V%2A%20V1229%20Her,cataclyv*,0.53778,Gaia DR3 4565045873343899136,18.08,18.25,17.68,1.8216,0.0941,True,True,True,http://localhost/download/files/ZTF18abbkgnu_spec.tar.gz,http://localhost/download/plots/ZTF18abbkgnu_plot.tar.gz
https://alerce.online/object/ZTF18aabvkix,2018-06-16 07:53:11,253.49605,20.16953,https://simbad.u-strasbg.fr/simbad/sim-id?Ident=SDSS%20J165359.06%2B201010.4,cataclyv*,0.151787,Gaia DR3 4564460623922361472,18.10,18.25,17.67,1.3010,0.0670,True,False,False,N/A,N/A
https://alerce.online/object/ZTF18abbklbf,2018-06-16 08:00:33,271.45180,-10.30521,N/A,N/A,,Gaia DR3 4157981895371439360,17.76,18.26,16.88,1.3783,0.1239,True,False,False,N/A,N/A
https://alerce.online/object/ZTF18abblwnw,2018-06-16 09:47:59,341.25365,56.52515,https://simbad.u-strasbg.fr/simbad/sim-id?Ident=ZTF18abblwnw,cataclyv*_candidate,0.865927,Gaia DR3 2006970051998700800,19.70,17.41,16.82,1.1343,0.2052,True,False,False,N/A,N/A
https://alerce.online/object/ZTF18abblvfk,2018-06-16 09:47:59,349.81592,56.03375,https://simbad.u-strasbg.fr/simbad/sim-id?Ident=SDSS%20J231915.81%2B560201.6,emline*,0.164752,Gaia DR3 1997131553238115328,17.42,17.65,17.01,0.5169,0.0732,True,True,True,http://localhost/download/files/ZTF18abblvfk_spec.tar.gz,http://localhost/download/plots/ZTF18abblvfk_plot.tar.gz
https://alerce.online/object/ZTF18abblyqq,2018-06-16 09:49:19,338.78121,57.63056,N/A,N/A,,Gaia DR3 2007729947678197376,18.08,18.31,17.40,0.5011,0.0931,True,False,False,N/A,N/A
https://alerce.online/object/ZTF18abbmmuf,2018-06-16 10:06:17,287.55836,29.10382,https://simbad.u-strasbg.fr/simbad/sim-id?Ident=ZTF18abbmmuf,cataclyv*,0.071234,Gaia DR3 2037590591849681152,18.94,17.33,16.56,1.1860,0.0859,True,False,False,N/A,N/A
https://alerce.online/object/ZTF18abbmmvg,2018-06-16 10:06:17,287.60865,29.28664,N/A,N/A,,Gaia DR3 2039098258506802560,18.01,18.29,17.73,0.5674,0.1087,True,False,False,N/A,N/A
https://alerce.online/object/ZTF18abbndlk,2018-06-16 10:18:04,315.36359,45.37972,https://simbad.u-strasbg.fr/simbad/sim-id?Ident=UVEX%20J210127.26%2B452247.2,cataclyv*_candidate,0.209896,Gaia DR3 2163428387673631488,18.37,18.80,17.80,0.6285,0.1207,True,False,False,N/A,N/A
https://alerce.online/object/ZTF18abbnzxm,2018-06-16 10:29:42,298.33174,29.79773,N/A,N/A,,Gaia DR3 2030354946381130368,17.41,17.74,16.92,0.9164,0.0714,True,True,False,http://localhost/download/files/ZTF18abbnzxm_spec.tar.gz,http://localhost/download/plots/ZTF18abbnzxm_plot.tar.gz
https://alerce.online/object/ZTF18abcplfr,2018-06-16 10:48:51,347.05794,56.45471,https://simbad.u-strasbg.fr/simbad/sim-id?Ident=V%2A%20KZ%20Cas,cataclyv*,0.086435,Gaia DR3 2009057028152548992,17.92,18.45,17.09,0.9259,0.0691,True,False,False,N/A,N/A
https://alerce.online/object/ZTF18abbobnh,2018-06-16 10:49:30,351.04637,65.51469,https://simbad.u-strasbg.fr/simbad/sim-id?Ident=Gaia%20DR3%202210180554096762624,whitedwarf,0.232564,Gaia DR3 2210180554096762624,16.12,16.05,16.23,2.8037,0.0324,True,True,False,http://localhost/download/files/ZTF18abbobnh_spec.tar.gz,http://localhost/download/plots/ZTF18abbobnh_plot.tar.gz
https://alerce.online/object/ZTF18abbtccf,2018-06-17 09:40:51,282.70286,15.46797,N/A,N/A,,Gaia DR3 4507532138097840384,17.47,17.59,16.74,0.7740,0.1331,True,True,False,http://localhost/download/files/ZTF18abbtccf_spec.tar.gz,http://localhost/download/plots/ZTF18abbtccf_plot.tar.gz
https://alerce.online/object/ZTF18abbswnd,2018-06-17 09:42:11,280.38358,-1.96891,N/A,N/A,,Gaia DR3 4259551721579784448,19.25,19.42,17.76,1.4624,0.2064,True,False,False,N/A,N/A
https://alerce.online/object/ZTF18abbtzhm,2018-06-17 10:17:17,330.18313,63.71624,N/A,N/A,,Gaia DR3 2218030242486829056,19.10,19.04,18.42,0.8026,0.1540,True,False,False,N/A,N/A
https://alerce.online/object/ZTF18abbudbx,2018-06-17 10:21:21,342.66779,63.47711,https://simbad.u-strasbg.fr/simbad/sim-id?Ident=GD%20552,cataclyv*,2.208571,Gaia DR3 2208124536065383424,16.42,16.49,16.22,12.3891,0.0362,True,True,True,http://localhost/download/files/ZTF18abbudbx_spec.tar.gz,http://localhost/download/plots/ZTF18abbudbx_plot.tar.gz
https://alerce.online/object/ZTF17aabunmx,2018-06-17 10:56:38,353.64820,54.55707,https://simbad.u-strasbg.fr/simbad/sim-id?Ident=ASASSN%20-16le,cataclyv*,0.147145,Gaia DR3 1994362428901101952,18.79,18.96,18.06,1.1110,0.1374,True,False,False,N/A,N/A
https://alerce.online/object/ZTF17aabumzi,2018-06-17 11:25:42,353.52065,64.71018,N/A,N/A,,Gaia DR3 2209196040219329920,19.66,20.27,18.65,1.0725,0.2052,True,True,False,http://localhost/download/files/ZTF17aabumzi_spec.tar.gz,http://localhost/download/plots/ZTF17aabumzi_plot.tar.gz
https://alerce.online/object/ZTF18abbwhic,2018-06-18 07:03:40,260.64924,18.08659,https://simbad.u-strasbg.fr/simbad/sim-id?Ident=ASASSN%20-13df,cataclyv*,0.324646,Gaia DR3 4553500210980651904,18.42,18.51,18.01,2.0937,0.1244,True,False,False,N/A,N/A
https://alerce.online/object/ZTF18abbwtkz,2018-06-18 07:33:37,274.38606,10.33180,N/A,N/A,,Gaia DR3 4482128295586784384,17.77,17.88,17.45,0.8473,0.1232,True,False,False,N/A,N/A
https://alerce.online/object/ZTF18abbxcwj,2018-06-18 07:50:28,284.33486,71.52187,https://simbad.u-strasbg.fr/simbad/sim-id?Ident=HS%201857%2B7127,cataclyv*,0.132581,Gaia DR3 2262915708740112000,16.23,16.58,15.65,1.6453,0.0361,True,True,True,http://localhost/download/files/ZTF18abbxcwj_spec.tar.gz,http://localhost/download/plots/ZTF18abbxcwj_plot.tar.gz
https://alerce.online/object/ZTF18abcbsda,2018-06-18 09:42:00,313.81658,46.85181,https://simbad.u-strasbg.fr/simbad/sim-id?Ident=PSO%20J313.8165%2B46.8517,hotsubdwarf,0.066707,Gaia DR3 2163801981105229184,17.61,17.74,17.40,0.4417,0.0656,True,True,False,http://localhost/download/files/ZTF18abcbsda_spec.tar.gz,http://localhost/download/plots/ZTF18abcbsda_plot.tar.gz
https://alerce.online/object/ZTF17aaaajke,2018-06-18 09:42:42,324.46477,47.61313,https://simbad.u-strasbg.fr/simbad/sim-id?Ident=V%2A%20V1084%20Cyg,eclbin,0.165834,Gaia DR3 1977614225421723776,15.62,15.80,15.29,0.9119,0.0257,True,True,True,http://localhost/download/files/ZTF17aaaajke_spec.tar.gz,http://localhost/download/plots/ZTF17aaaajke_plot.tar.gz
https://alerce.online/object/ZTF18aazwgjb,2018-06-18 09:51:16,288.67743,47.35220,https://simbad.u-strasbg.fr/simbad/sim-id?Ident=ZTF%20J191442.54%2B472108.2,eclbin,0.472538,Gaia DR3 2130814781145219584,16.68,16.81,15.99,2.1277,0.2614,True,True,False,http://localhost/download/files/ZTF18aazwgjb_spec.tar.gz,http://localhost/download/plots/ZTF18aazwgjb_plot.tar.gz
https://alerce.online/object/ZTF18abcccnr,2018-06-18 09:51:55,290.67482,52.73302,https://simbad.u-strasbg.fr/simbad/sim-id?Ident=V%2A%20V1113%20Cyg,cataclyv*,0.402963,Gaia DR3 2139385126386829824,19.07,19.39,18.62,1.2309,0.2229,True,False,False,N/A,N/A
https://alerce.online/object/ZTF18abadjvf,2018-06-18 10:05:50,328.23355,19.28300,https://simbad.u-strasbg.fr/simbad/sim-id?Ident=CRTS%20J215256.1%2B191658,eclbin,0.005649,Gaia DR3 1780220380340013568,16.89,17.19,16.37,1.4075,0.0733,True,True,True,http://localhost/download/files/ZTF18abadjvf_spec.tar.gz,http://localhost/download/plots/ZTF18abadjvf_plot.tar.gz
https://alerce.online/object/ZTF18abccodq,2018-06-18 10:08:26,334.63652,19.42217,https://simbad.u-strasbg.fr/simbad/sim-id?Ident=RX%20J2218.5%2B1925,cataclyv*,0.659325,Gaia DR3 1777232423131443840,17.31,17.58,16.75,4.1274,0.1038,True,True,True,http://localhost/download/files/ZTF18abccodq_spec.tar.gz,http://localhost/download/plots/ZTF18abccodq_plot.tar.gz
https://alerce.online/object/ZTF18abakjfj,2018-06-18 10:11:51,327.69107,23.01232,N/A,N/A,,Gaia DR3 1793538141917723136,20.07,20.40,19.19,2.1149,0.3188,True,False,False,N/A,N/A
https://alerce.online/object/ZTF18abbuvqv,2018-06-18 10:13:53,334.79451,35.76376,https://simbad.u-strasbg.fr/simbad/sim-id?Ident=2MASS%20J22191068%2B3545494,hotsubdwarf_candidate,0.124687,Gaia DR3 1905963003995654272,16.96,17.13,16.67,0.8918,0.0707,True,True,False,http://localhost/download/files/ZTF18abbuvqv_spec.tar.gz,http://localhost/download/plots/ZTF18abbuvqv_plot.tar.gz
https://alerce.online/object/ZTF18abccqjx,2018-06-18 10:13:53,340.91969,30.92222,https://simbad.u-strasbg.fr/simbad/sim-id?Ident=V%2A%20V537%20Peg,cataclyv*,0.291509,Gaia DR3 1888844295145204480,14.95,15.14,14.47,1.2774,0.0303,True,True,True,http://localhost/download/files/ZTF18abccqjx_spec.tar.gz,http://localhost/download/plots/ZTF18abccqjx_plot.tar.gz
https://alerce.online/object/ZTF17aabungh,2018-06-18 10:22:54,349.11480,59.80503,https://simbad.u-strasbg.fr/simbad/sim-id?Ident=V%2A%20V570%20Cas,eclbin,0.17307,Gaia DR3 2013814271370959616,14.57,14.80,14.19,1.2891,0.0171,True,True,True,http://localhost/download/files/ZTF17aabungh_spec.tar.gz,http://localhost/download/plots/ZTF17aabungh_plot.tar.gz
https://alerce.online/object/ZTF18abcrpjr,2018-06-18 10:23:35,344.40628,54.27209,https://simbad.u-strasbg.fr/simbad/sim-id?Ident=Gaia%20DR3%202002597083798483200,whitedwarf,0.914236,Gaia DR3 2002597083798483200,18.82,18.76,18.18,5.0955,0.1709,True,True,True,http://localhost/download/files/ZTF18abcrpjr_spec.tar.gz,http://localhost/download/plots/ZTF18abcrpjr_plot.tar.gz
https://alerce.online/object/ZTF18abcdial,2018-06-18 10:47:31,307.10011,50.36651,N/A,N/A,,Gaia DR3 2180913272557479296,17.36,17.84,16.46,4.8084,0.0659,True,True,False,http://localhost/download/files/ZTF18abcdial_spec.tar.gz,http://localhost/download/plots/ZTF18abcdial_plot.tar.gz
https://alerce.online/object/ZTF18aabktwo,2018-06-19 05:59:50,177.48199,28.75199,https://simbad.u-strasbg.fr/simbad/sim-id?Ident=V%2A%20EU%20UMa,cataclyv*,0.350805,Gaia DR3 4019704731785215360,18.88,18.97,18.68,3.4818,0.1793,True,True,False,http://localhost/download/files/ZTF18aabktwo_spec.tar.gz,http://localhost/download/plots/ZTF18aabktwo_plot.tar.gz
https://alerce.online/object/ZTF18abcejeg,2018-06-19 06:07:48,218.32400,10.18946,https://simbad.u-strasbg.fr/simbad/sim-id?Ident=PM%20J14332%2B1011,cataclyv*,1.481977,Gaia DR3 1176468611268115200,18.55,18.64,18.40,4.2866,0.1566,True,True,False,http://localhost/download/files/ZTF18abcejeg_spec.tar.gz,http://localhost/download/plots/ZTF18abcejeg_plot.tar.gz
https://alerce.online/object/ZTF18abcgmyp,2018-06-19 08:59:27,275.16222,-12.46034,N/A,N/A,,Gaia DR3 4152844148118986752,17.01,17.29,16.43,0.7405,0.0984,True,False,False,N/A,N/A
https://alerce.online/object/ZTF18abcgpaw,2018-06-19 09:02:48,284.20264,10.25524,N/A,N/A,,Gaia DR3 4311694200763054208,17.88,18.10,17.45,0.6907,0.1128,True,False,False,N/A,N/A
https://alerce.online/object/ZTF17aabtrxp,2018-06-20 04:17:56,158.66643,28.29697,https://simbad.u-strasbg.fr/simbad/sim-id?Ident=2MASS%20J10343999%2B2817489,low-mass*,0.697676,Gaia DR3 728444973301172352,18.27,18.81,17.18,1.4599,0.1613,True,False,False,N/A,N/A
https://alerce.online/object/ZTF18abcjbhk,2018-06-20 09:03:07,285.84802,-2.29660,https://simbad.u-strasbg.fr/simbad/sim-id?Ident=ZTF%20J190323.52-021747.8,eclbin,0.183013,Gaia DR3 4261769672710353920,16.26,17.01,15.20,4.4031,0.0607,True,False,False,N/A,N/A
https://alerce.online/object/ZTF18abcotbo,2018-06-20 09:51:38,318.68428,48.40091,N/A,N/A,,Gaia DR3 2164927949736230016,18.96,19.29,18.00,2.4668,0.1695,True,False,False,N/A,N/A
https://alerce.online/object/ZTF18abihqzf,2018-06-20 09:53:03,297.31845,35.95515,https://simbad.u-strasbg.fr/simbad/sim-id?Ident=ZTF%20J194916.45%2B355718.8,eclbin,0.431178,Gaia DR3 2047713589258483968,17.40,17.70,16.46,1.2195,0.1477,True,True,False,http://localhost/download/files/ZTF18abihqzf_spec.tar.gz,http://localhost/download/plots/ZTF18abihqzf_plot.tar.gz
https://alerce.online/object/ZTF18abcjzao,2018-06-20 10:07:43,333.92118,55.61700,https://simbad.u-strasbg.fr/simbad/sim-id?Ident=V%2A%20CP%20Lac,nova,0.204055,Gaia DR3 2006109065688505472,15.66,15.79,15.38,0.8616,0.0298,True,True,False,http://localhost/download/files/ZTF18abcjzao_spec.tar.gz,http://localhost/download/plots/ZTF18abcjzao_plot.tar.gz
https://alerce.online/object/ZTF18abbywzz,2018-06-20 10:33:10,284.80512,-23.14945,N/A,N/A,,Gaia DR3 4075444714283291136,19.08,18.35,17.68,1.1460,0.1789,True,False,False,N/A,N/A
https://alerce.online/object/ZTF18abbxxyp,2018-06-20 10:33:10,285.83343,-22.43033,N/A,N/A,,Gaia DR3 4081456229692331264,15.87,16.27,15.10,4.0484,0.0401,True,True,True,http://localhost/download/files/ZTF18abbxxyp_spec.tar.gz,http://localhost/download/plots/ZTF18abbxxyp_plot.tar.gz
https://alerce.online/object/ZTF18abckgbw,2018-06-20 10:35:18,293.16324,14.17579,https://simbad.u-strasbg.fr/simbad/sim-id?Ident=Gaia%20DR3%204318128375331170304,eclbin,0.244775,Gaia DR3 4318128375331170304,17.46,17.78,16.93,0.6185,0.0872,True,True,False,http://localhost/download/files/ZTF18abckgbw_spec.tar.gz,http://localhost/download/plots/ZTF18abckgbw_plot.tar.gz
https://alerce.online/object/ZTF18abcoxvl,2018-06-21 10:28:47,292.76008,30.11742,https://simbad.u-strasbg.fr/simbad/sim-id?Ident=Gaia%20DR3%202032632064977747328,star,0.037601,Gaia DR3 2032632064977747328,17.35,17.43,17.13,0.4895,0.0709,True,True,False,http://localhost/download/files/ZTF18abcoxvl_spec.tar.gz,http://localhost/download/plots/ZTF18abcoxvl_plot.tar.gz
https://alerce.online/object/ZTF18abcoxgp,2018-06-21 10:33:23,329.38469,8.92077,https://simbad.u-strasbg.fr/simbad/sim-id?Ident=V%2A%20V388%20Peg,cataclyv*,0.315179,Gaia DR3 2725143108496515840,18.28,18.40,17.40,1.3870,0.1251,True,False,False,N/A,N/A
https://alerce.online/object/ZTF18abcoxqa,2018-06-21 10:34:43,329.15146,19.54488,https://simbad.u-strasbg.fr/simbad/sim-id?Ident=CRTS%20J215636.3%2B193242,cataclyv*,0.137297,Gaia DR3 1779860805677878144,19.37,19.63,18.76,2.0852,0.2710,True,False,False,N/A,N/A
https://alerce.online/object/ZTF18abcoxqj,2018-06-21 10:34:43,336.13528,17.78026,https://simbad.u-strasbg.fr/simbad/sim-id?Ident=Gaia%20DR3%202737597207985505664,whitedwarf_candidate,0.267511,Gaia DR3 2737597207985505664,18.86,18.77,18.48,2.2068,0.2136,True,False,False,N/A,N/A
https://alerce.online/object/ZTF18abcoyrf,2018-06-21 10:36:45,336.45008,25.41970,https://simbad.u-strasbg.fr/simbad/sim-id?Ident=CRTS%20J222548.1%2B252511,cataclyv*,0.310607,Gaia DR3 1879049845562942592,19.10,18.92,18.00,2.3736,0.3689,True,False,False,N/A,N/A
https://alerce.online/object/ZTF18abbuvrd,2018-06-21 10:42:07,334.59518,34.75235,https://simbad.u-strasbg.fr/simbad/sim-id?Ident=CRTS%20CSS120812%20J221823%2B344509,cataclyv*,0.233479,Gaia DR3 1905476122205217920,17.74,17.93,17.34,0.7392,0.0899,True,False,False,N/A,N/A
https://alerce.online/object/ZTF18abcpbat,2018-06-21 10:46:30,335.74161,47.99937,N/A,N/A,,Gaia DR3 1987351530447290752,17.73,17.95,16.93,2.2872,0.3092,True,False,False,N/A,N/A
https://alerce.online/object/ZTF18abcpbbj,2018-06-21 10:48:33,354.36486,51.23295,https://simbad.u-strasbg.fr/simbad/sim-id?Ident=ASASSN%20-17ik,cataclyv*,0.334741,Gaia DR3 1944754495781071360,19.94,20.14,19.39,1.3515,0.2572,True,False,False,N/A,N/A
https://alerce.online/object/ZTF18aazsdnv,2018-06-21 11:08:32,321.60046,25.64074,https://simbad.u-strasbg.fr/simbad/sim-id?Ident=MASTER%20OT%20J212624.16%2B253827.2,cataclyv*,0.563511,Gaia DR3 1846629263455015680,18.65,18.97,18.08,1.4640,0.1455,True,False,False,N/A,N/A
https://alerce.online/object/ZTF18abbcpke,2018-06-21 11:08:32,322.30482,25.99268,https://simbad.u-strasbg.fr/simbad/sim-id?Ident=GALEX%20J212913.1%2B255933,hotsubdwarf_candidate,0.140034,Gaia DR3 1798998595834568704,16.84,16.94,16.49,0.8010,0.0611,True,True,False,http://localhost/download/files/ZTF18abbcpke_spec.tar.gz,http://localhost/download/plots/ZTF18abbcpke_plot.tar.gz
https://alerce.online/object/ZTF18abegcii,2018-06-21 11:08:32,322.30481,25.99267,https://simbad.u-strasbg.fr/simbad/sim-id?Ident=GALEX%20J212913.1%2B255933,hotsubdwarf_candidate,0.111566,Gaia DR3 1798998595834568704,16.84,16.94,16.49,0.8010,0.0611,True,True,False,http://localhost/download/files/ZTF18abegcii_spec.tar.gz,http://localhost/download/plots/ZTF18abegcii_plot.tar.gz
https://alerce.online/object/ZTF17aaaeefu,2018-06-21 11:29:25,14.93120,64.91165,https://simbad.u-strasbg.fr/simbad/sim-id?Ident=2MASS%20J00594349%2B6454419,cataclyv*,0.04252,Gaia DR3 524301986569104768,17.24,17.77,16.40,1.3705,0.0557,True,True,False,http://localhost/download/files/ZTF17aaaeefu_spec.tar.gz,http://localhost/download/plots/ZTF17aaaeefu_plot.tar.gz
https://alerce.online/object/ZTF18abdlywu,2018-06-21 11:29:25,9.72851,61.21673,https://simbad.u-strasbg.fr/simbad/sim-id?Ident=V%2A%20KP%20Cas,cataclyv*,0.389313,Gaia DR3 427229437850544512,19.07,19.46,18.43,1.8751,0.1624,True,False,False,N/A,N/A
https://alerce.online/object/ZTF18abdlyrs,2018-06-21 11:29:25,3.72476,59.41930,https://simbad.u-strasbg.fr/simbad/sim-id?Ident=ZTF%20J001453.93%2B592509.5,rscvnv*,0.120697,Gaia DR3 428995249221379072,18.31,18.81,17.63,0.8143,0.1094,True,False,False,N/A,N/A
https://alerce.online/object/ZTF18abcpkyg,2018-06-21 11:30:04,14.72089,70.85009,https://simbad.u-strasbg.fr/simbad/sim-id?Ident=2MASS%20J00585297%2B7051003,cataclyv*,0.19695,Gaia DR3 533474043846419456,16.83,16.89,16.05,0.9575,0.0501,True,True,False,http://localhost/download/files/ZTF18abcpkyg_spec.tar.gz,http://localhost/download/plots/ZTF18abcpkyg_plot.tar.gz
https://alerce.online/object/ZTF18abcpols,2018-06-22 06:05:13,239.33652,18.12229,https://simbad.u-strasbg.fr/simbad/sim-id?Ident=RX%20J1557.3%2B1807,cataclyv*,0.121073,Gaia DR3 1202680251217734400,18.70,18.85,18.29,1.5038,0.1767,True,True,False,http://localhost/download/files/ZTF18abcpols_spec.tar.gz,http://localhost/download/plots/ZTF18abcpols_plot.tar.gz
https://alerce.online/object/ZTF18aabyhed,2018-06-22 06:12:07,218.94936,37.56060,https://simbad.u-strasbg.fr/simbad/sim-id?Ident=SDSS%20J143547.87%2B373338.5,whitedwarf,0.621385,Gaia DR3 1486587588165368576,17.03,17.24,16.60,5.4424,0.0568,True,True,False,http://localhost/download/files/ZTF18aabyhed_spec.tar.gz,http://localhost/download/plots/ZTF18aabyhed_plot.tar.gz
https://alerce.online/object/ZTF18aabpwzq,2018-06-22 06:34:17,245.52983,19.37679,https://simbad.u-strasbg.fr/simbad/sim-id?Ident=V%2A%20V589%20Her,cataclyv*,0.197559,Gaia DR3 1201107636054271744,18.75,18.86,18.08,0.9745,0.1354,True,False,False,N/A,N/A
https://alerce.online/object/ZTF18abcpwci,2018-06-22 07:03:31,270.14800,8.17083,https://simbad.u-strasbg.fr/simbad/sim-id?Ident=V%2A%20V2301%20Oph,cataclyv*,1.081693,Gaia DR3 4476137370261520000,16.61,16.87,15.96,8.1681,0.0571,True,True,True,http://localhost/download/files/ZTF18abcpwci_spec.tar.gz,http://localhost/download/plots/ZTF18abcpwci_plot.tar.gz
https://alerce.online/object/ZTF18abcqkuj,2018-06-22 08:30:15,272.73541,-9.33005,N/A,N/A,,Gaia DR3 4158531307587523584,18.21,18.34,16.89,1.0979,0.1446,True,False,False,N/A,N/A
https://alerce.online/object/ZTF18abcqzxh,2018-06-22 10:42:25,349.87680,26.25518,https://simbad.u-strasbg.fr/simbad/sim-id?Ident=ATO%20J349.8768%2B26.2551,cataclyv*,0.087738,Gaia DR3 2844608590203675136,17.22,17.50,16.68,1.9170,0.0771,True,True,True,http://localhost/download/files/ZTF18abcqzxh_spec.tar.gz,http://localhost/download/plots/ZTF18abcqzxh_plot.tar.gz
https://alerce.online/object/ZTF18abcsatf,2018-06-23 05:48:45,154.55422,71.92854,https://simbad.u-strasbg.fr/simbad/sim-id?Ident=V%2A%20CI%20UMa,cataclyv*,0.553487,Gaia DR3 1077645850489015936,18.67,18.79,18.17,1.9000,0.0652,True,False,False,N/A,N/A
https://alerce.online/object/ZTF18abcsjnm,2018-06-23 07:03:54,254.15649,-18.69348,https://simbad.u-strasbg.fr/simbad/sim-id?Ident=2MASS%20J16563756-1841363,cataclyv*,0.218036,Gaia DR3 4129199017429196672,16.59,16.75,16.06,1.1796,0.0676,True,True,False,http://localhost/download/files/ZTF18abcsjnm_spec.tar.gz,http://localhost/download/plots/ZTF18abcsjnm_plot.tar.gz
https://alerce.online/object/ZTF18abjbtnq,2018-06-23 09:56:46,283.37762,-1.47128,https://simbad.u-strasbg.fr/simbad/sim-id?Ident=AX%20J1853.3-0128,cataclyv*,0.950609,Gaia DR3 4265216749035591808,17.39,17.47,16.94,4.5275,0.1962,True,True,True,http://localhost/download/files/ZTF18abjbtnq_spec.tar.gz,http://localhost/download/plots/ZTF18abjbtnq_plot.tar.gz
https://alerce.online/object/ZTF18abdhxvl,2018-06-23 10:13:49,310.99827,42.05705,https://simbad.u-strasbg.fr/simbad/sim-id?Ident=AT%202016dvk,cataclyv*,0.056659,Gaia DR3 2066270214481091712,19.74,20.40,18.64,1.1332,0.1605,True,False,False,N/A,N/A
https://alerce.online/object/ZTF18abdpuaj,2018-06-23 10:30:13,293.74110,23.30058,https://simbad.u-strasbg.fr/simbad/sim-id?Ident=ZTF%20J193457.86%2B231802.0,eclbin,0.196649,Gaia DR3 2019488301168505600,17.97,18.80,17.05,1.7160,0.1600,True,False,False,N/A,N/A
https://alerce.online/object/ZTF18abcvhmt,2018-06-23 11:16:46,330.45150,46.93928,https://simbad.u-strasbg.fr/simbad/sim-id?Ident=ZTF%20J220148.32%2B465621.3,eclbin,0.353525,Gaia DR3 1975270341508196096,18.09,18.93,17.15,3.2680,0.1020,True,False,False,N/A,N/A
https://alerce.online/object/ZTF18abcviyb,2018-06-23 11:18:45,344.45590,53.88596,https://simbad.u-strasbg.fr/simbad/sim-id?Ident=Gaia%20DR3%201990574473907803136,star,0.177968,Gaia DR3 1990574473907803136,17.69,17.86,17.43,0.5931,0.0807,True,False,False,N/A,N/A
https://alerce.online/object/ZTF18abcxayn,2018-06-24 10:08:38,289.81527,35.14727,https://simbad.u-strasbg.fr/simbad/sim-id?Ident=ZTF18abcxayn,cataclyv*,0.200164,Gaia DR3 2049668757132382720,18.96,19.09,18.75,0.6003,0.1181,True,False,False,N/A,N/A
https://alerce.online/object/ZTF18abcsuit,2018-06-24 10:35:49,326.91006,24.76496,https://simbad.u-strasbg.fr/simbad/sim-id?Ident=CRTS%20J214738.4%2B244554,cataclyv*,0.121302,Gaia DR3 1796202327310776704,18.43,18.70,17.77,2.2118,0.1465,True,False,False,N/A,N/A
https://alerce.online/object/ZTF18abcxrcp,2018-06-24 11:09:18,330.83910,14.76879,https://simbad.u-strasbg.fr/simbad/sim-id?Ident=SDSS%20J220321.37%2B144607.6,cataclyv*,0.402719,Gaia DR3 1768471991222468736,18.22,18.52,17.66,1.0708,0.1398,True,False,False,N/A,N/A
https://alerce.online/object/ZTF18abigrzf,2018-06-24 11:09:57,335.43651,18.66890,https://simbad.u-strasbg.fr/simbad/sim-id?Ident=V%2A%20V521%20Peg,cataclyv*,0.451118,Gaia DR3 1776946133496845440,17.12,17.28,16.71,5.2686,0.0682,True,False,False,N/A,N/A
https://alerce.online/object/ZTF18abctavz,2018-06-25 07:32:04,289.99255,-7.18200,https://simbad.u-strasbg.fr/simbad/sim-id?Ident=V%2A%20CZ%20Aql,cataclyv*,0.120606,Gaia DR3 4207860450105410688,14.91,15.10,14.50,1.6024,0.0268,True,True,True,http://localhost/download/files/ZTF18abctavz_spec.tar.gz,http://localhost/download/plots/ZTF18abctavz_plot.tar.gz
https://alerce.online/object/ZTF18aapmndr,2018-06-25 07:46:59,266.40585,60.32338,https://simbad.u-strasbg.fr/simbad/sim-id?Ident=Gaia%2017cav,cataclyv*_candidate,0.15783,Gaia DR3 1435275098482387840,18.98,19.07,18.60,0.9426,0.1536,True,False,False,N/A,N/A
https://alerce.online/object/ZTF18abcyzpf,2018-06-25 08:37:59,287.62888,27.61823,N/A,N/A,,Gaia DR3 2036591509439574656,17.28,17.56,16.53,1.0957,0.0588,True,True,True,http://localhost/download/files/ZTF18abcyzpf_spec.tar.gz,http://localhost/download/plots/ZTF18abcyzpf_plot.tar.gz
https://alerce.online/object/ZTF18abcyzjy,2018-06-25 08:37:59,285.14211,29.35920,N/A,N/A,,Gaia DR3 2040790582998889344,16.36,16.54,16.00,0.9790,0.0379,True,True,True,http://localhost/download/files/ZTF18abcyzjy_spec.tar.gz,http://localhost/download/plots/ZTF18abcyzjy_plot.tar.gz
https://alerce.online/object/ZTF18abczalt,2018-06-25 08:39:22,277.76258,5.16492,N/A,N/A,,Gaia DR3 4284322756446267264,17.00,17.33,16.48,0.6713,0.0735,True,False,False,N/A,N/A
https://alerce.online/object/ZTF18abgtwjh,2018-06-25 10:59:37,352.31550,59.46752,https://simbad.u-strasbg.fr/simbad/sim-id?Ident=ATO%20J352.3152%2B59.4676,eclbin,0.571345,Gaia DR3 2012000661295480832,15.35,15.52,15.00,1.1255,0.0268,True,True,False,http://localhost/download/files/ZTF18abgtwjh_spec.tar.gz,http://localhost/download/plots/ZTF18abgtwjh_plot.tar.gz
https://alerce.online/object/ZTF18abdbozw,2018-06-25 11:16:21,335.37595,49.95754,N/A,N/A,,Gaia DR3 2000029792872848896,17.76,17.86,17.27,0.5544,0.0780,True,False,False,N/A,N/A
https://alerce.online/object/ZTF18aaplouo,2018-06-27 06:51:36,242.89149,63.14210,https://simbad.u-strasbg.fr/simbad/sim-id?Ident=ASASSN%20-14cn,cataclyv*,0.341674,Gaia DR3 1629388752470472704,18.29,18.29,18.10,3.8896,0.1163,True,False,False,N/A,N/A
https://alerce.online/object/ZTF18aakyhyn,2018-06-27 06:55:42,266.94705,55.48826,https://simbad.u-strasbg.fr/simbad/sim-id?Ident=ZTF%20J174747.26%2B552917.8,cataclyv*,0.348167,Gaia DR3 1418364678367782016,19.15,19.30,18.82,2.3089,0.2176,True,False,False,N/A,N/A
https://alerce.online/object/ZTF18abdeelv,2018-06-27 07:55:07,292.74658,51.95976,https://simbad.u-strasbg.fr/simbad/sim-id?Ident=ASASSN%20-14fu,cataclyv*,0.312226,Gaia DR3 2136300034200904192,19.20,20.03,18.19,1.2018,0.1473,True,False,False,N/A,N/A
https://alerce.online/object/ZTF18abcnnfj,2018-06-27 08:55:20,338.84146,33.04550,https://simbad.u-strasbg.fr/simbad/sim-id?Ident=ZTF18abcnnfj,cataclyv*_candidate,0.333743,Gaia DR3 1901512176628252160,19.42,19.68,18.73,3.0141,0.1896,True,False,False,N/A,N/A
https://alerce.online/object/ZTF18abdeyfz,2018-06-27 11:24:28,336.85207,28.73433,https://simbad.u-strasbg.fr/simbad/sim-id?Ident=CRTS%20J222724.5%2B284404,cataclyv*,0.068446,Gaia DR3 1882329723109880576,18.25,18.48,17.69,1.3605,0.1363,True,False,False,N/A,N/A
https://alerce.online/object/ZTF18abdeyiu,2018-06-27 11:27:07,334.12709,10.99824,https://simbad.u-strasbg.fr/simbad/sim-id?Ident=Gaia%20DR3%202724510992389846784,star,0.560674,Gaia DR3 2724510992389846784,18.30,18.33,18.12,1.4795,0.2081,True,False,False,N/A,N/A
https://alerce.online/object/ZTF18abffzxq,2018-06-29 07:35:17,265.30531,5.81965,https://simbad.u-strasbg.fr/simbad/sim-id?Ident=USNO-A2.0%200900-10310835,cataclyv*,0.140429,Gaia DR3 4485766751359369216,18.54,18.75,18.10,1.6121,0.1886,True,False,False,N/A,N/A
https://alerce.online/object/ZTF18abdhnxu,2018-06-30 09:26:34,291.31024,68.85615,https://simbad.u-strasbg.fr/simbad/sim-id?Ident=ASASSN%20-13bm,cataclyv*,0.394289,Gaia DR3 2261657107228063232,18.75,18.97,18.20,2.4692,0.1311,True,False,False,N/A,N/A
https://alerce.online/object/ZTF18abdihpw,2018-06-30 10:34:55,296.00797,28.74768,https://simbad.u-strasbg.fr/simbad/sim-id?Ident=XMMSL2%20J194402.0%2B284451,x,0.608603,Gaia DR3 2031371479242995584,17.61,17.68,17.07,2.4046,0.0749,True,True,True,http://localhost/download/files/ZTF18abdihpw_spec.tar.gz,http://localhost/download/plots/ZTF18abdihpw_plot.tar.gz
https://alerce.online/object/ZTF18abdijua,2018-06-30 10:54:24,299.17238,57.50073,N/A,N/A,,Gaia DR3 2234727353044624128,18.39,18.48,17.98,0.8881,0.1016,True,False,False,N/A,N/A
https://alerce.online/object/ZTF18abdiprz,2018-07-01 04:36:16,224.14259,16.19381,https://simbad.u-strasbg.fr/simbad/sim-id?Ident=GALEX%20J145634.3%2B161137,**,1.563922,Gaia DR3 1187117793700269952,17.82,17.81,17.72,2.5732,0.1213,True,True,False,http://localhost/download/files/ZTF18abdiprz_spec.tar.gz,http://localhost/download/plots/ZTF18abdiprz_plot.tar.gz
https://alerce.online/object/ZTF18aaqarsj,2018-07-01 07:22:53,189.76249,65.82618,https://simbad.u-strasbg.fr/simbad/sim-id?Ident=GALEX%20J123902.8%2B654934,whitedwarf,0.602988,Gaia DR3 1680466809952508544,16.80,17.03,16.30,4.3592,0.0506,True,True,False,http://localhost/download/files/ZTF18aaqarsj_spec.tar.gz,http://localhost/download/plots/ZTF18aaqarsj_plot.tar.gz
https://alerce.online/object/ZTF18abeajkx,2018-07-01 08:01:58,272.14644,8.80812,N/A,N/A,,Gaia DR3 4481498344142355328,18.01,18.42,17.44,0.5485,0.1047,True,False,False,N/A,N/A
https://alerce.online/object/ZTF18abdjyag,2018-07-01 10:15:15,18.16321,68.19665,https://simbad.u-strasbg.fr/simbad/sim-id?Ident=ASASSN%20-16kf,cataclyv*,0.036253,Gaia DR3 532560109162859904,19.50,20.21,18.59,2.2457,0.2558,True,False,False,N/A,N/A
https://alerce.online/object/ZTF17aaaromf,2018-07-01 10:22:38,317.78616,45.34030,N/A,N/A,,Gaia DR3 2164002165237983360,18.53,19.04,17.30,1.4009,0.1143,True,False,False,N/A,N/A
https://alerce.online/object/ZTF18abdkwxo,2018-07-02 07:47:34,316.88236,47.12619,N/A,N/A,,Gaia DR3 2165145348118040192,16.30,16.41,15.88,0.7259,0.0579,True,True,False,http://localhost/download/files/ZTF18abdkwxo_spec.tar.gz,http://localhost/download/plots/ZTF18abdkwxo_plot.tar.gz
https://alerce.online/object/ZTF18abdlfzn,2018-07-02 08:31:48,287.74498,-26.76537,https://simbad.u-strasbg.fr/simbad/sim-id?Ident=ASASSN%20-15pa,cataclyv*,0.047979,Gaia DR3 6763227963847755136,19.55,19.75,19.06,1.1942,0.2348,True,False,False,N/A,N/A
https://alerce.online/object/ZTF18abctcff,2018-07-02 08:32:31,289.31701,-12.52131,https://simbad.u-strasbg.fr/simbad/sim-id?Ident=2MASS%20J19171606-1231166,star,0.180047,Gaia DR3 4186053835982000512,15.89,16.23,15.30,3.0330,0.0407,True,True,False,http://localhost/download/files/ZTF18abctcff_spec.tar.gz,http://localhost/download/plots/ZTF18abctcff_plot.tar.gz
https://alerce.online/object/ZTF18abdlkad,2018-07-02 08:32:31,285.59375,-8.83285,N/A,N/A,,Gaia DR3 4202952225892540288,18.20,18.14,17.47,0.5691,0.0973,True,False,False,N/A,N/A
https://alerce.online/object/ZTF18abdlhtm,2018-07-02 08:32:31,286.16889,-10.16588,https://simbad.u-strasbg.fr/simbad/sim-id?Ident=ATO%20J286.1688-10.1658,variable*,0.074383,Gaia DR3 4202562242861178624,17.42,17.65,17.01,0.5030,0.0917,True,False,False,N/A,N/A
https://alerce.online/object/ZTF18abdppwy,2018-07-03 10:13:04,301.73767,58.04640,N/A,N/A,,Gaia DR3 2236126000553986176,18.94,19.06,18.46,0.7823,0.1456,True,False,False,N/A,N/A
https://alerce.online/object/ZTF18abdppxk,2018-07-03 10:13:04,300.66737,57.27398,https://simbad.u-strasbg.fr/simbad/sim-id?Ident=V%2A%20V1032%20Cyg,cataclyv*,0.429909,Gaia DR3 2234488003107720960,18.61,19.02,17.97,0.6533,0.1110,True,False,False,N/A,N/A
https://alerce.online/object/ZTF18abgxyin,2018-07-03 10:25:58,291.22895,34.87503,N/A,N/A,,Gaia DR3 2049755073100914176,18.79,19.06,18.17,0.7865,0.1471,True,False,False,N/A,N/A
https://alerce.online/object/ZTF18abeasqz,2018-07-04 07:43:20,215.44832,79.49980,https://simbad.u-strasbg.fr/simbad/sim-id?Ident=ZTF%20J142147.63%2B792959.4,rscvnv*,0.236988,Gaia DR3 1715477184326927744,17.87,18.25,17.37,0.6958,0.0782,True,False,False,N/A,N/A
https://alerce.online/object/ZTF17aaburgn,2018-07-04 08:42:47,310.54019,52.72041,https://simbad.u-strasbg.fr/simbad/sim-id?Ident=2XMMi%20J204209.6%2B524313,x,0.432327,Gaia DR3 2182309407501705728,17.79,18.12,17.09,0.9809,0.0766,True,False,False,N/A,N/A
https://alerce.online/object/ZTF18abcllsj,2018-07-05 08:02:32,253.68216,-19.27533,https://simbad.u-strasbg.fr/simbad/sim-id?Ident=IGR%20J16547-1916,cataclyv*,0.211078,Gaia DR3 4129079750474756480,15.48,15.62,15.17,0.9669,0.0405,True,True,True,http://localhost/download/files/ZTF18abcllsj_spec.tar.gz,http://localhost/download/plots/ZTF18abcllsj_plot.tar.gz
https://alerce.online/object/ZTF18abefxfm,2018-07-05 08:31:13,288.09888,-27.74595,https://simbad.u-strasbg.fr/simbad/sim-id?Ident=Gaia%20DR3%206762841249287322624,pulsv*,0.08123,Gaia DR3 6762841249287322624,18.13,18.27,17.64,1.6286,0.2544,True,False,False,N/A,N/A
https://alerce.online/object/ZTF18abefxka,2018-07-05 08:31:13,284.01733,-22.40615,N/A,N/A,,Gaia DR3 4075730656025077120,17.95,17.77,17.38,0.7825,0.1118,True,False,False,N/A,N/A
https://alerce.online/object/ZTF18abegdgi,2018-07-05 08:35:10,286.68910,-13.22068,N/A,N/A,,Gaia DR3 4197686978265668224,17.11,17.44,16.42,1.3533,0.0789,True,True,True,http://localhost/download/files/ZTF18abegdgi_spec.tar.gz,http://localhost/download/plots/ZTF18abegdgi_plot.tar.gz
https://alerce.online/object/ZTF18abctfih,2018-07-05 08:35:10,289.12500,-6.86787,https://simbad.u-strasbg.fr/simbad/sim-id?Ident=Gaia%20DR3%204204933683282572288,eclbin,0.280136,Gaia DR3 4204933683282572288,16.90,17.08,16.57,0.4545,0.0720,True,True,True,http://localhost/download/files/ZTF18abctfih_spec.tar.gz,http://localhost/download/plots/ZTF18abctfih_plot.tar.gz
https://alerce.online/object/ZTF18abegeek,2018-07-05 08:35:10,286.60672,-11.19905,N/A,N/A,,Gaia DR3 4199144823283065728,16.56,16.78,16.16,0.5176,0.0674,True,False,False,N/A,N/A
https://alerce.online/object/ZTF18abehwad,2018-07-05 10:17:41,294.88550,30.56961,N/A,N/A,,Gaia DR3 2032888908374499456,18.38,18.40,17.57,0.8783,0.1115,True,False,False,N/A,N/A
https://alerce.online/object/ZTF18abeqxcc,2018-07-06 07:51:52,287.21493,43.00864,https://simbad.u-strasbg.fr/simbad/sim-id?Ident=V%2A%20V363%20Lyr,cataclyv*,0.188494,Gaia DR3 2105585421693855744,17.37,17.34,16.81,0.5997,0.0502,True,True,False,http://localhost/download/files/ZTF18abeqxcc_spec.tar.gz,http://localhost/download/plots/ZTF18abeqxcc_plot.tar.gz
https://alerce.online/object/ZTF18abddhac,2018-07-06 07:51:52,290.18774,37.27336,https://simbad.u-strasbg.fr/simbad/sim-id?Ident=KIC%201715935,cataclyv*_candidate,0.211449,Gaia DR3 2051054519743616512,19.28,19.67,18.78,1.0885,0.2125,True,False,False,N/A,N/A
https://alerce.online/object/ZTF18abetdej,2018-07-07 05:00:26,256.54028,14.58106,https://simbad.u-strasbg.fr/simbad/sim-id?Ident=CRTS%20J170609.7%2B143452,cataclyv*,0.316399,Gaia DR3 4545086473126911360,18.11,18.24,17.67,1.9703,0.1203,True,False,False,N/A,N/A
https://alerce.online/object/ZTF18abeyldx,2018-07-07 07:32:36,282.95239,25.91526,https://simbad.u-strasbg.fr/simbad/sim-id?Ident=Gaia%20DR3%204534934128217298176,star,0.014578,Gaia DR3 4534934128217298176,17.36,17.39,16.95,0.4392,0.0597,True,True,False,http://localhost/download/files/ZTF18abeyldx_spec.tar.gz,http://localhost/download/plots/ZTF18abeyldx_plot.tar.gz
https://alerce.online/object/ZTF18ablkoqe,2018-07-07 08:01:58,288.47726,12.30082,https://simbad.u-strasbg.fr/simbad/sim-id?Ident=V%2A%20V1315%20Aql,cataclyv*,0.327097,Gaia DR3 4313192495850348544,14.30,14.50,13.87,2.2438,0.0214,True,True,True,http://localhost/download/files/ZTF18ablkoqe_spec.tar.gz,http://localhost/download/plots/ZTF18ablkoqe_plot.tar.gz
https://alerce.online/object/ZTF18abezouc,2018-07-07 08:03:55,279.58500,5.00380,https://simbad.u-strasbg.fr/simbad/sim-id?Ident=ZTF%20J183820.41%2B050013.5,eclbin,0.359658,Gaia DR3 4283927443344408960,17.42,17.64,16.99,0.5721,0.0880,True,True,False,http://localhost/download/files/ZTF18abezouc_spec.tar.gz,http://localhost/download/plots/ZTF18abezouc_plot.tar.gz
https://alerce.online/object/ZTF18abffzpd,2018-07-08 04:31:34,248.12161,-7.10777,https://simbad.u-strasbg.fr/simbad/sim-id?Ident=SDSS%20J163229.18-070628.1,star,0.249469,Gaia DR3 4351428665493162880,15.68,15.86,15.34,1.0117,0.0361,True,True,True,http://localhost/download/files/ZTF18abffzpd_spec.tar.gz,http://localhost/download/plots/ZTF18abffzpd_plot.tar.gz
https://alerce.online/object/ZTF17aaafyiz,2018-07-08 09:46:39,26.37282,58.56816,https://simbad.u-strasbg.fr/simbad/sim-id?Ident=Gaia%20DR2%20506068849664990720,emline*,0.202918,Gaia DR3 506068849664990720,18.29,18.53,17.77,1.4961,0.1181,True,False,False,N/A,N/A
https://alerce.online/object/ZTF18abfnkwq,2018-07-09 05:26:04,272.36498,24.09977,https://simbad.u-strasbg.fr/simbad/sim-id?Ident=HIDDEN%20NAME%20MGAB-V334,cataclyv*,0.403293,Gaia DR3 4578432805374624768,18.26,17.90,17.54,0.6071,0.0830,True,False,False,N/A,N/A
https://alerce.online/object/ZTF18abfnkyk,2018-07-09 05:26:04,272.12169,24.64568,https://simbad.u-strasbg.fr/simbad/sim-id?Ident=Gaia%20DR3%204579281250394104448,star,0.183061,Gaia DR3 4579281250394104448,16.98,17.12,16.62,0.6780,0.0525,True,True,False,http://localhost/download/files/ZTF18abfnkyk_spec.tar.gz,http://localhost/download/plots/ZTF18abfnkyk_plot.tar.gz
https://alerce.online/object/ZTF18abgvano,2018-07-09 07:59:01,269.49517,24.40750,https://simbad.u-strasbg.fr/simbad/sim-id?Ident=Gaia%2021apv,cataclyv*,0.798008,Gaia DR3 4580881692647497088,17.35,17.39,16.83,2.1736,0.0570,True,True,True,http://localhost/download/files/ZTF18abgvano_spec.tar.gz,http://localhost/download/plots/ZTF18abgvano_plot.tar.gz
https://alerce.online/object/ZTF18abfseai,2018-07-09 09:06:09,277.12281,28.39608,https://simbad.u-strasbg.fr/simbad/sim-id?Ident=Gaia%20DR3%204585783762161656832,star,0.118134,Gaia DR3 4585783762161656832,15.49,15.82,14.89,2.9950,0.0243,True,True,True,http://localhost/download/files/ZTF18abfseai_spec.tar.gz,http://localhost/download/plots/ZTF18abfseai_plot.tar.gz
https://alerce.online/object/ZTF18abfwyfd,2018-07-11 08:06:21,305.37610,25.96199,https://simbad.u-strasbg.fr/simbad/sim-id?Ident=ASASSN%20-17ls,cataclyv*,0.275685,Gaia DR3 1832775245155085952,18.74,18.94,18.18,1.8951,0.0877,True,False,False,N/A,N/A
https://alerce.online/object/ZTF18abfxfum,2018-07-11 08:26:58,280.01829,18.19844,N/A,N/A,,Gaia DR3 4512415481551456896,17.24,17.39,16.80,0.5772,0.0949,True,True,False,http://localhost/download/files/ZTF18abfxfum_spec.tar.gz,http://localhost/download/plots/ZTF18abfxfum_plot.tar.gz
https://alerce.online/object/ZTF18abfxhxh,2018-07-11 08:30:15,291.52100,27.36615,https://simbad.u-strasbg.fr/simbad/sim-id?Ident=V%2A%20PW%20Vul,cataclyv*,0.184023,Gaia DR3 2025732152809113600,17.66,17.85,17.21,0.4737,0.0791,True,False,False,N/A,N/A
https://alerce.online/object/ZTF18abgtrkj,2018-07-11 10:15:42,18.15717,61.45985,https://simbad.u-strasbg.fr/simbad/sim-id?Ident=ZTF18abgtrkj,cataclyv*_candidate,0.097757,Gaia DR3 522566098229173504,18.73,18.94,17.99,1.1621,0.1440,True,False,False,N/A,N/A
https://alerce.online/object/ZTF18abfzjgt,2018-07-12 04:35:06,254.96538,19.46265,https://simbad.u-strasbg.fr/simbad/sim-id?Ident=2MASS%20J16595166%2B1927454,cataclyv*,0.133097,Gaia DR3 4561245342686490496,17.03,17.11,16.82,0.6224,0.0634,True,True,False,http://localhost/download/files/ZTF18abfzjgt_spec.tar.gz,http://localhost/download/plots/ZTF18abfzjgt_plot.tar.gz
https://alerce.online/object/ZTF18abgiuet,2018-07-12 08:14:50,290.72886,43.15146,https://simbad.u-strasbg.fr/simbad/sim-id?Ident=2MASS%20J19225496%2B4309059,cataclyv*,0.064283,Gaia DR3 2126055476346353792,17.21,17.27,16.97,0.6097,0.0584,True,True,True,http://localhost/download/files/ZTF18abgiuet_spec.tar.gz,http://localhost/download/plots/ZTF18abgiuet_plot.tar.gz
https://alerce.online/object/ZTF18abgitdz,2018-07-12 08:14:50,283.94794,40.38343,https://simbad.u-strasbg.fr/simbad/sim-id?Ident=Gaia%20DR3%202103608018749703424,star,0.227098,Gaia DR3 2103608018749703424,18.06,17.97,17.60,0.4299,0.0845,True,False,False,N/A,N/A
https://alerce.online/object/ZTF18abgjgzn,2018-07-12 08:39:42,345.57497,61.62491,N/A,N/A,,Gaia DR3 2014777924587508736,17.34,17.48,16.27,3.8597,0.3642,True,True,True,http://localhost/download/files/ZTF18abgjgzn_spec.tar.gz,http://localhost/download/plots/ZTF18abgjgzn_plot.tar.gz
https://alerce.online/object/ZTF18abgyoaa,2018-07-12 08:47:49,304.20819,53.20671,https://simbad.u-strasbg.fr/simbad/sim-id?Ident=V%2A%20V767%20Cyg,cataclyv*,0.441868,Gaia DR3 2184682913808935296,18.79,18.98,17.69,1.0111,0.1199,True,False,False,N/A,N/A
https://alerce.online/object/ZTF18abgjrwj,2018-07-12 08:58:38,289.74512,35.92796,N/A,N/A,,Gaia DR3 2050830910864855808,17.41,17.51,17.08,0.9416,0.0657,True,True,True,http://localhost/download/files/ZTF18abgjrwj_spec.tar.gz,http://localhost/download/plots/ZTF18abgjrwj_plot.tar.gz
https://alerce.online/object/ZTF18abgjuks,2018-07-12 08:58:38,292.38058,30.08406,N/A,N/A,,Gaia DR3 2038633856578493568,17.54,17.47,16.89,1.4256,0.0761,True,True,True,http://localhost/download/files/ZTF18abgjuks_spec.tar.gz,http://localhost/download/plots/ZTF18abgjuks_plot.tar.gz
https://alerce.online/object/ZTF18abgkfwa,2018-07-12 09:17:37,294.37788,42.08274,https://simbad.u-strasbg.fr/simbad/sim-id?Ident=KIC%206615102,cataclyv*,0.138356,Gaia DR3 2077549799337352064,17.68,17.78,17.52,0.4514,0.0711,True,False,False,N/A,N/A
https://alerce.online/object/ZTF17aaagrsl,2018-07-13 10:08:10,22.63289,62.35899,https://simbad.u-strasbg.fr/simbad/sim-id?Ident=2MASS%20J01303186%2B6221324,cataclyv*,0.024357,Gaia DR3 510854753206972800,17.63,17.85,16.84,1.2540,0.0796,True,True,True,http://localhost/download/files/ZTF17aaagrsl_spec.tar.gz,http://localhost/download/plots/ZTF17aaagrsl_plot.tar.gz
https://alerce.online/object/ZTF18abjdcup,2018-07-13 10:15:14,350.40663,63.19514,N/A,N/A,,Gaia DR3 2016841050782104192,18.51,18.82,17.94,0.9739,0.1243,True,False,False,N/A,N/A
https://alerce.online/object/ZTF18abgpssj,2018-07-13 11:05:55,334.75108,20.30863,https://simbad.u-strasbg.fr/simbad/sim-id?Ident=2MASS%20J22190022%2B2018313,cataclyv*,0.501999,Gaia DR3 1778468682222798080,18.23,18.73,17.43,1.2382,0.1702,True,False,False,N/A,N/A
https://alerce.online/object/ZTF18abgpujr,2018-07-13 11:08:21,332.44893,49.02981,https://simbad.u-strasbg.fr/simbad/sim-id?Ident=Gaia%20DR3%201975909089034579840,eclbin,0.163091,Gaia DR3 1975909089034579840,17.10,17.34,16.45,1.0518,0.1864,True,True,False,http://localhost/download/files/ZTF18abgpujr_spec.tar.gz,http://localhost/download/plots/ZTF18abgpujr_plot.tar.gz
https://alerce.online/object/ZTF17aaakfnl,2018-07-13 11:17:12,26.45192,51.72182,N/A,N/A,,Gaia DR3 406158049112734336,16.33,16.47,16.00,3.2070,0.0503,True,True,True,http://localhost/download/files/ZTF17aaakfnl_spec.tar.gz,http://localhost/download/plots/ZTF17aaakfnl_plot.tar.gz
https://alerce.online/object/ZTF18aabfalx,2018-07-13 11:17:12,22.76009,57.90380,https://simbad.u-strasbg.fr/simbad/sim-id?Ident=V%2A%20KU%20Cas,cataclyv*,0.473837,Gaia DR3 413100709127644800,18.32,19.13,17.35,1.6620,0.1123,True,False,False,N/A,N/A
https://alerce.online/object/ZTF17aaafieu,2018-07-13 11:17:52,17.55480,60.07648,https://simbad.u-strasbg.fr/simbad/sim-id?Ident=V%2A%20HT%20Cas,cataclyv*,0.284684,Gaia DR3 426306363477869696,16.31,16.51,15.84,7.0436,0.0418,True,True,True,http://localhost/download/files/ZTF17aaafieu_spec.tar.gz,http://localhost/download/plots/ZTF17aaafieu_plot.tar.gz
https://alerce.online/object/ZTF17aabuuvu,2018-07-13 11:17:52,17.55477,60.07649,https://simbad.u-strasbg.fr/simbad/sim-id?Ident=V%2A%20HT%20Cas,cataclyv*,0.217604,Gaia DR3 426306363477869696,16.31,16.51,15.84,7.0436,0.0418,True,True,True,http://localhost/download/files/ZTF17aabuuvu_spec.tar.gz,http://localhost/download/plots/ZTF17aabuuvu_plot.tar.gz
https://alerce.online/object/ZTF18abgopgb,2018-07-13 11:22:18,16.76618,42.71999,https://simbad.u-strasbg.fr/simbad/sim-id?Ident=V%2A%20IZ%20And,cataclyv*,0.173641,Gaia DR3 376113107904573824,18.48,18.57,17.62,1.1371,0.1193,True,False,False,N/A,N/A
https://alerce.online/object/ZTF17aaawcro,2018-07-13 11:22:18,13.44719,40.93014,https://simbad.u-strasbg.fr/simbad/sim-id?Ident=SDSS%20J005347.32%2B405548.5,cataclyv*,0.099461,Gaia DR3 374313340514443776,18.69,19.24,17.99,0.8762,0.1494,True,True,True,http://localhost/download/files/ZTF17aaawcro_spec.tar.gz,http://localhost/download/plots/ZTF17aaawcro_plot.tar.gz
https://alerce.online/object/ZTF18abgqvhy,2018-07-14 07:34:13,279.53185,15.18628,N/A,N/A,,Gaia DR3 4509186108513117056,17.97,18.33,17.33,0.6495,0.1112,True,False,False,N/A,N/A
https://alerce.online/object/ZTF18abgrubx,2018-07-14 08:36:34,287.44117,24.04238,https://simbad.u-strasbg.fr/simbad/sim-id?Ident=Gaia%20DR3%204521524523074103808,star,0.104177,Gaia DR3 4521524523074103808,17.01,17.49,15.96,2.0499,0.0515,True,True,False,http://localhost/download/files/ZTF18abgrubx_spec.tar.gz,http://localhost/download/plots/ZTF18abgrubx_plot.tar.gz
https://alerce.online/object/ZTF18abgrsxw,2018-07-14 08:36:34,287.74754,28.94410,https://simbad.u-strasbg.fr/simbad/sim-id?Ident=V%2A%20V584%20Lyr,cataclyv*,0.155927,Gaia DR3 2037573102742604544,18.69,19.07,17.99,1.0325,0.1122,True,False,False,N/A,N/A
https://alerce.online/object/ZTF18abjuihe,2018-07-14 08:56:42,315.30194,13.85354,N/A,N/A,,Gaia DR3 1758570545417230848,16.99,17.43,16.21,1.3265,0.1364,True,True,False,http://localhost/download/files/ZTF18abjuihe_spec.tar.gz,http://localhost/download/plots/ZTF18abjuihe_plot.tar.gz
https://alerce.online/object/ZTF18abgsxji,2018-07-14 09:25:30,311.35606,32.00381,N/A,N/A,,Gaia DR3 1862846132257229312,17.26,17.62,16.71,0.6892,0.0803,True,True,False,http://localhost/download/files/ZTF18abgsxji_spec.tar.gz,http://localhost/download/plots/ZTF18abgsxji_plot.tar.gz
https://alerce.online/object/ZTF18abaseoa,2018-07-14 09:34:21,323.02849,16.72406,https://simbad.u-strasbg.fr/simbad/sim-id?Ident=CRTS%20J213206.8%2B164325,eclbin,0.09604,Gaia DR3 1784165733003336064,18.14,18.57,17.43,4.7234,0.5432,True,False,False,N/A,N/A
https://alerce.online/object/ZTF18abgtfuk,2018-07-14 09:46:26,341.02424,43.75897,https://simbad.u-strasbg.fr/simbad/sim-id?Ident=V%2A%20V374%20Lac,cataclyv*,0.02277,Gaia DR3 1934177606236303744,16.56,16.64,16.53,0.7231,0.0476,True,True,False,http://localhost/download/files/ZTF18abgtfuk_spec.tar.gz,http://localhost/download/plots/ZTF18abgtfuk_plot.tar.gz
https://alerce.online/object/ZTF18abgyivh,2018-07-15 08:57:50,306.03636,45.29702,https://simbad.u-strasbg.fr/simbad/sim-id?Ident=Gaia%20DR2%202082928026107003008,emline*,0.108474,Gaia DR3 2082928026107003008,18.94,19.20,18.33,1.1906,0.1054,True,False,False,N/A,N/A
https://alerce.online/object/ZTF18abiiool,2018-07-15 11:13:33,18.17687,58.46591,https://simbad.u-strasbg.fr/simbad/sim-id?Ident=1RXS%20J011242.1%2B582748,cataclyv*,0.161163,Gaia DR3 414071753997318272,17.97,18.30,17.40,2.7461,0.0994,True,False,False,N/A,N/A
https://alerce.online/object/ZTF18abgubhl,2018-07-16 10:59:43,8.60198,40.06545,https://simbad.u-strasbg.fr/simbad/sim-id?Ident=ATO%20J008.6017%2B40.0654,eclbin,0.841231,Gaia DR3 380782939947964800,13.09,13.29,12.47,5.3243,0.7385,True,True,False,http://localhost/download/files/ZTF18abgubhl_spec.tar.gz,http://localhost/download/plots/ZTF18abgubhl_plot.tar.gz
https://alerce.online/object/ZTF18ablrnkx,2018-07-17 06:01:19,272.18998,15.35031,https://simbad.u-strasbg.fr/simbad/sim-id?Ident=ASASSN%20-19wr,cataclyv*,0.293229,Gaia DR3 4498827815625756416,19.58,19.74,19.11,1.7465,0.3223,True,False,False,N/A,N/A
https://alerce.online/object/ZTF18abhiexa,2018-07-17 06:01:19,272.46025,8.61215,https://simbad.u-strasbg.fr/simbad/sim-id?Ident=ASASSN%20-19pi,cataclyv*,0.178222,Gaia DR3 4481432549543439744,18.84,19.06,18.31,1.2478,0.1766,True,False,False,N/A,N/A
https://alerce.online/object/ZTF18abhoxeg,2018-07-17 08:29:06,309.89364,27.26537,https://simbad.u-strasbg.fr/simbad/sim-id?Ident=V%2A%20TW%20Vul,cataclyv*,0.527636,Gaia DR3 1856408770857725184,17.24,17.59,16.53,1.9637,0.0601,True,True,True,http://localhost/download/files/ZTF18abhoxeg_spec.tar.gz,http://localhost/download/plots/ZTF18abhoxeg_plot.tar.gz
https://alerce.online/object/ZTF18abhozku,2018-07-17 08:33:48,277.50728,12.56285,https://simbad.u-strasbg.fr/simbad/sim-id?Ident=UCAC3%20206-168738,cataclyv*,0.18354,Gaia DR3 4484363984990385664,15.86,16.06,15.46,2.9849,0.0443,True,True,True,http://localhost/download/files/ZTF18abhozku_spec.tar.gz,http://localhost/download/plots/ZTF18abhozku_plot.tar.gz
https://alerce.online/object/ZTF18abikqiu,2018-07-17 09:35:50,304.83700,25.25038,N/A,N/A,,Gaia DR3 1832340152094098176,15.67,15.87,15.27,0.9097,0.0316,True,True,False,http://localhost/download/files/ZTF18abikqiu_spec.tar.gz,http://localhost/download/plots/ZTF18abikqiu_plot.tar.gz
https://alerce.online/object/ZTF17aabouaj,2018-07-17 10:52:47,356.26031,34.49000,https://simbad.u-strasbg.fr/simbad/sim-id?Ident=SDSS%20J234502.47%2B342923.9,cataclyv*,0.104261,Gaia DR3 2878205989054948864,18.37,18.30,17.65,1.1238,0.1367,True,False,False,N/A,N/A
https://alerce.online/object/ZTF21ackerwq,2018-07-17 10:52:47,356.26028,34.49000,https://simbad.u-strasbg.fr/simbad/sim-id?Ident=SDSS%20J234502.47%2B342923.9,cataclyv*,0.17708,Gaia DR3 2878205989054948864,18.37,18.30,17.65,1.1238,0.1367,True,False,False,N/A,N/A
https://alerce.online/object/ZTF18ablqqxo,2018-07-18 08:05:45,267.64319,23.86151,https://simbad.u-strasbg.fr/simbad/sim-id?Ident=Gaia%20DR3%204580622306682550272,star,0.37096,Gaia DR3 4580622306682550272,19.19,19.31,18.90,1.1741,0.2222,True,False,False,N/A,N/A
https://alerce.online/object/ZTF18abhxqzi,2018-07-18 08:38:02,292.96300,34.79993,N/A,N/A,,Gaia DR3 2046784467552011776,17.63,17.74,17.37,0.5080,0.0780,True,True,True,http://localhost/download/files/ZTF18abhxqzi_spec.tar.gz,http://localhost/download/plots/ZTF18abhxqzi_plot.tar.gz
https://alerce.online/object/ZTF18abjuixy,2018-07-18 09:04:05,322.25633,36.51788,https://simbad.u-strasbg.fr/simbad/sim-id?Ident=TCP%20J21290156%2B3631056,whitedwarf,0.835594,Gaia DR3 1951666884868218112,17.26,17.35,16.89,5.0211,0.0578,True,True,True,http://localhost/download/files/ZTF18abjuixy_spec.tar.gz,http://localhost/download/plots/ZTF18abjuixy_plot.tar.gz
https://alerce.online/object/ZTF18abihypg,2018-07-19 09:59:02,322.09249,63.43254,https://simbad.u-strasbg.fr/simbad/sim-id?Ident=ZTF18abihypg,cataclyv*,0.336175,Gaia DR3 2217227427194608768,19.99,19.99,19.68,1.3826,0.2433,True,False,False,N/A,N/A
https://alerce.online/object/ZTF17aabgzgb,2018-07-19 10:07:27,32.53464,57.18916,https://simbad.u-strasbg.fr/simbad/sim-id?Ident=V%2A%20UV%20Per,cataclyv*,0.34343,Gaia DR3 457106501671769472,17.75,17.72,17.23,4.0178,0.1057,True,True,True,http://localhost/download/files/ZTF17aabgzgb_spec.tar.gz,http://localhost/download/plots/ZTF17aabgzgb_plot.tar.gz
https://alerce.online/object/ZTF18abgrzbs,2018-07-19 10:50:20,8.26654,38.01813,https://simbad.u-strasbg.fr/simbad/sim-id?Ident=SDSS%20J003303.94%2B380105.4,cataclyv*,0.321446,Gaia DR3 366989291698397824,18.21,18.38,17.76,1.2875,0.1435,True,True,True,http://localhost/download/files/ZTF18abgrzbs_spec.tar.gz,http://localhost/download/plots/ZTF18abgrzbs_plot.tar.gz
https://alerce.online/object/ZTF18abijwim,2018-07-20 08:36:10,275.17734,9.56315,N/A,N/A,,Gaia DR3 4481840605800567296,15.96,16.12,15.63,0.9279,0.0491,True,True,False,http://localhost/download/files/ZTF18abijwim_spec.tar.gz,http://localhost/download/plots/ZTF18abijwim_plot.tar.gz
https://alerce.online/object/ZTF18abijvol,2018-07-20 08:36:10,278.11751,10.28171,N/A,N/A,,Gaia DR3 4480616299611285888,15.92,16.10,15.56,0.9197,0.0383,True,True,True,http://localhost/download/files/ZTF18abijvol_spec.tar.gz,http://localhost/download/plots/ZTF18abijvol_plot.tar.gz
https://alerce.online/object/ZTF18abijxdk,2018-07-20 08:36:49,282.72395,15.74634,N/A,N/A,,Gaia DR3 4507916035153633664,17.94,18.16,17.14,0.9658,0.1100,True,False,False,N/A,N/A
https://alerce.online/object/ZTF18abikbmj,2018-07-20 08:57:12,282.55579,24.37230,https://simbad.u-strasbg.fr/simbad/sim-id?Ident=ZTF18abikbmj,cataclyv*,0.328761,Gaia DR3 4534129393091539712,17.45,17.63,17.06,3.0279,0.0690,True,True,True,http://localhost/download/files/ZTF18abikbmj_spec.tar.gz,http://localhost/download/plots/ZTF18abikbmj_plot.tar.gz
https://alerce.online/object/ZTF18abikntn,2018-07-20 08:57:53,294.80536,28.27349,https://simbad.u-strasbg.fr/simbad/sim-id?Ident=ZTF%20J193913.29%2B281624.5,eclbin,0.080994,Gaia DR3 2031417276432389632,18.18,18.47,17.37,1.0626,0.1636,True,False,False,N/A,N/A
https://alerce.online/object/ZTF18abiklxf,2018-07-20 09:08:10,311.67065,22.84339,N/A,N/A,,Gaia DR3 1842262557323308800,18.94,19.48,18.06,3.3882,0.2069,True,True,False,http://localhost/download/files/ZTF18abiklxf_spec.tar.gz,http://localhost/download/plots/ZTF18abiklxf_plot.tar.gz
https://alerce.online/object/ZTF18abiklxk,2018-07-20 09:08:10,311.54921,24.34921,https://simbad.u-strasbg.fr/simbad/sim-id?Ident=Gaia%20DR3%201843254106354614272,cataclyv*,0.106333,Gaia DR3 1843254106354614272,17.01,17.02,16.55,0.8599,0.0463,True,True,False,http://localhost/download/files/ZTF18abiklxk_spec.tar.gz,http://localhost/download/plots/ZTF18abiklxk_plot.tar.gz
https://alerce.online/object/ZTF18abiklxj,2018-07-20 09:08:10,311.61638,24.37183,https://simbad.u-strasbg.fr/simbad/sim-id?Ident=MASTER%20OT%20J204627.96%2B242218.0,cataclyv*,0.248714,Gaia DR3 1843255480744238080,19.32,19.45,19.06,2.0531,0.2103,True,False,False,N/A,N/A
https://alerce.online/object/ZTF18abilqoc,2018-07-20 10:07:23,1.49466,29.68439,https://simbad.u-strasbg.fr/simbad/sim-id?Ident=Gaia%20DR3%202861032167186378624,star,0.113079,Gaia DR3 2861032167186378624,19.37,19.38,18.90,1.7550,0.2661,True,False,False,N/A,N/A
https://alerce.online/object/ZTF17aaasfoo,2018-07-20 10:14:51,27.38886,51.28753,N/A,N/A,,Gaia DR3 406077823422488704,13.09,13.14,12.46,2.9070,0.5778,True,True,False,http://localhost/download/files/ZTF17aaasfoo_spec.tar.gz,http://localhost/download/plots/ZTF17aaasfoo_plot.tar.gz
https://alerce.online/object/ZTF18abimgey,2018-07-20 10:56:15,1.51602,55.96699,N/A,N/A,,Gaia DR3 420857076471661312,18.02,18.57,17.05,2.2222,0.2410,True,True,False,http://localhost/download/files/ZTF18abimgey_spec.tar.gz,http://localhost/download/plots/ZTF18abimgey_plot.tar.gz
https://alerce.online/object/ZTF18abimokb,2018-07-21 05:00:26,272.06690,5.67502,https://simbad.u-strasbg.fr/simbad/sim-id?Ident=V%2A%20V952%20Oph,rrlyrae,0.377177,Gaia DR3 4471813403349398016,15.33,15.50,14.94,1.1697,0.0331,True,True,False,http://localhost/download/files/ZTF18abimokb_spec.tar.gz,http://localhost/download/plots/ZTF18abimokb_plot.tar.gz
https://alerce.online/object/ZTF18abimoml,2018-07-21 05:00:26,276.77891,5.60224,N/A,N/A,,Gaia DR3 4284595950726683648,17.01,17.27,16.49,0.9666,0.0851,True,True,False,http://localhost/download/files/ZTF18abimoml_spec.tar.gz,http://localhost/download/plots/ZTF18abimoml_plot.tar.gz
https://alerce.online/object/ZTF18abimyyv,2018-07-21 06:33:32,274.19739,8.00411,N/A,N/A,,Gaia DR3 4478239529117464576,19.01,19.53,18.21,0.7792,0.1417,True,False,False,N/A,N/A
https://alerce.online/object/ZTF18abiuhdq,2018-07-21 08:35:31,302.52155,13.05013,https://simbad.u-strasbg.fr/simbad/sim-id?Ident=TCP%20J20100517%2B1303006,cataclyv*,0.291794,Gaia DR3 1803110666252889856,17.57,17.78,17.08,1.8378,0.0502,True,True,False,http://localhost/download/files/ZTF18abiuhdq_spec.tar.gz,http://localhost/download/plots/ZTF18abiuhdq_plot.tar.gz
https://alerce.online/object/ZTF18abmehmi,2018-07-21 09:19:57,334.54564,65.70546,https://simbad.u-strasbg.fr/simbad/sim-id?Ident=MASTER%20OT%20J221811.12%2B654219.9,cataclyv*,0.20221,Gaia DR3 2218642047686814208,19.57,19.97,18.84,2.2586,0.2453,True,False,False,N/A,N/A
https://alerce.online/object/ZTF18abivqlm,2018-07-21 09:37:19,278.69308,24.80075,https://simbad.u-strasbg.fr/simbad/sim-id?Ident=V%2A%20CH%20Her,cataclyv*,1.011532,Gaia DR3 4536072058335240576,18.86,18.99,18.35,1.2836,0.1276,True,False,False,N/A,N/A
https://alerce.online/object/ZTF18abivzsf,2018-07-21 09:52:14,305.87718,46.52481,https://simbad.u-strasbg.fr/simbad/sim-id?Ident=V%2A%20V1776%20Cyg,cataclyv*,0.120409,Gaia DR3 2083145484587589632,16.54,16.83,16.00,0.8606,0.0398,True,True,True,http://localhost/download/files/ZTF18abivzsf_spec.tar.gz,http://localhost/download/plots/ZTF18abivzsf_plot.tar.gz
https://alerce.online/object/ZTF18abiwqnd,2018-07-21 10:41:43,318.21441,32.63262,https://simbad.u-strasbg.fr/simbad/sim-id?Ident=Gaia%20DR3%201854712701143883904,star,0.195708,Gaia DR3 1854712701143883904,18.59,18.73,18.35,1.0985,0.1530,True,False,False,N/A,N/A
https://alerce.online/object/ZTF18abobxgs,2018-07-21 10:41:43,320.93654,36.92338,N/A,N/A,,Gaia DR3 1963782162978540160,16.40,16.43,16.01,0.6102,0.0345,True,True,False,http://localhost/download/files/ZTF18abobxgs_spec.tar.gz,http://localhost/download/plots/ZTF18abobxgs_plot.tar.gz
https://alerce.online/object/ZTF18abiwtyk,2018-07-21 10:51:15,302.39343,55.09041,https://simbad.u-strasbg.fr/simbad/sim-id?Ident=GALEX%20J200934.4%2B550525,cataclyv*,0.308535,Gaia DR3 2185841249306525696,16.52,16.69,16.20,0.5711,0.0372,True,True,False,http://localhost/download/files/ZTF18abiwtyk_spec.tar.gz,http://localhost/download/plots/ZTF18abiwtyk_plot.tar.gz
https://alerce.online/object/ZTF18abineju,2018-07-22 06:32:02,284.10519,-19.27300,https://simbad.u-strasbg.fr/simbad/sim-id?Ident=V%2A%20V1037%20Sgr,rvtauv*,0.130859,Gaia DR3 4086460485077787136,14.11,14.29,13.76,1.4881,0.0225,True,True,False,http://localhost/download/files/ZTF18abineju_spec.tar.gz,http://localhost/download/plots/ZTF18abineju_plot.tar.gz
https://alerce.online/object/ZTF18abjdhoj,2018-07-22 11:11:40,334.70352,53.52294,https://simbad.u-strasbg.fr/simbad/sim-id?Ident=IRAS%2022169%2B5316,star,0.786516,Gaia DR3 2004743712766344064,14.30,14.32,13.42,2.9888,0.1921,True,True,False,http://localhost/download/files/ZTF18abjdhoj_spec.tar.gz,http://localhost/download/plots/ZTF18abjdhoj_plot.tar.gz
https://alerce.online/object/ZTF18ablmdly,2018-07-22 11:21:54,29.39560,58.54070,N/A,N/A,,Gaia DR3 506245188143986432,17.56,17.74,16.81,2.2558,0.2940,True,True,False,http://localhost/download/files/ZTF18ablmdly_spec.tar.gz,http://localhost/download/plots/ZTF18ablmdly_plot.tar.gz
https://alerce.online/object/ZTF18abjdmqj,2018-07-23 05:04:10,279.61571,10.67035,https://simbad.u-strasbg.fr/simbad/sim-id?Ident=ATO%20J279.6157%2B10.6703,eclbin,0.262823,Gaia DR3 4480697830956136320,16.07,16.41,15.31,2.3664,0.1975,True,True,False,http://localhost/download/files/ZTF18abjdmqj_spec.tar.gz,http://localhost/download/plots/ZTF18abjdmqj_plot.tar.gz
https://alerce.online/object/ZTF18abjdnrd,2018-07-23 05:08:10,283.17241,26.75870,https://simbad.u-strasbg.fr/simbad/sim-id?Ident=V%2A%20CY%20Lyr,cataclyv*,0.108425,Gaia DR3 4537992286672097280,15.95,16.25,15.31,2.0963,0.0334,True,True,True,http://localhost/download/files/ZTF18abjdnrd_spec.tar.gz,http://localhost/download/plots/ZTF18abjdnrd_plot.tar.gz
https://alerce.online/object/ZTF18aagsgqc,2018-07-23 05:58:13,224.43647,40.72788,https://simbad.u-strasbg.fr/simbad/sim-id?Ident=V%2A%20TT%20Boo,cataclyv*,0.33427,Gaia DR3 1296877675817415680,19.00,19.18,18.54,1.4575,0.1010,True,False,False,N/A,N/A
https://alerce.online/object/ZTF18abjedmg,2018-07-23 06:33:38,268.04836,13.12190,N/A,N/A,,Gaia DR3 4499289820963014400,19.01,19.19,18.72,1.0022,0.1923,True,False,False,N/A,N/A
https://alerce.online/object/ZTF18abiwzlg,2018-07-23 09:03:40,358.00491,44.84950,https://simbad.u-strasbg.fr/simbad/sim-id?Ident=ASASSN%20-14cj,cataclyv*,0.209402,Gaia DR3 1926175253231408768,19.10,19.32,18.70,1.3346,0.1811,True,False,False,N/A,N/A
https://alerce.online/object/ZTF18abjgbkt,2018-07-23 09:22:23,311.99031,29.34848,N/A,N/A,,Gaia DR3 1858243095540523008,18.54,19.27,17.70,2.8326,0.1634,True,False,False,N/A,N/A
https://alerce.online/object/ZTF18abjgdih,2018-07-23 09:23:02,306.34537,15.76587,https://simbad.u-strasbg.fr/simbad/sim-id?Ident=V%2A%20EZ%20Del,cataclyv*,0.212615,Gaia DR3 1805713652648853120,17.97,18.24,17.27,0.6737,0.1025,True,False,False,N/A,N/A
https://alerce.online/object/ZTF18abjhael,2018-07-23 10:11:15,311.19562,26.88862,N/A,N/A,,Gaia DR3 1856208999031665664,18.74,18.97,18.27,1.1530,0.1797,True,False,False,N/A,N/A
https://alerce.online/object/ZTF18abjhdlx,2018-07-23 10:13:56,292.36630,7.53304,N/A,N/A,,Gaia DR3 4295895837911929472,17.10,17.35,16.62,0.5466,0.0771,True,True,False,http://localhost/download/files/ZTF18abjhdlx_spec.tar.gz,http://localhost/download/plots/ZTF18abjhdlx_plot.tar.gz
https://alerce.online/object/ZTF18abjhbqa,2018-07-23 10:13:56,292.02663,2.03026,N/A,N/A,,Gaia DR3 4288703279501239040,16.83,17.08,16.34,0.9049,0.0738,True,True,False,http://localhost/download/files/ZTF18abjhbqa_spec.tar.gz,http://localhost/download/plots/ZTF18abjhbqa_plot.tar.gz
https://alerce.online/object/ZTF18abjhdft,2018-07-23 10:13:56,292.23235,3.99347,N/A,N/A,,Gaia DR3 4289610788917017600,16.56,16.88,16.15,1.0843,0.0591,True,True,True,http://localhost/download/files/ZTF18abjhdft_spec.tar.gz,http://localhost/download/plots/ZTF18abjhdft_plot.tar.gz
https://alerce.online/object/ZTF18abjhdua,2018-07-23 10:14:37,299.65452,16.69123,https://simbad.u-strasbg.fr/simbad/sim-id?Ident=V%2A%20AW%20Sge,cataclyv*,0.229641,Gaia DR3 1820137772050526464,19.29,19.51,18.93,1.7347,0.2416,True,False,False,N/A,N/A
https://alerce.online/object/ZTF18abjhrmj,2018-07-23 10:42:18,8.72930,61.66402,N/A,N/A,,Gaia DR3 430261650400509440,17.03,17.29,16.60,0.4224,0.0556,True,True,False,http://localhost/download/files/ZTF18abjhrmj_spec.tar.gz,http://localhost/download/plots/ZTF18abjhrmj_plot.tar.gz
https://alerce.online/object/ZTF18abkxfru,2018-07-24 09:40:56,293.46934,31.63849,N/A,N/A,,Gaia DR3 2044843108005669632,17.63,17.73,17.38,0.4285,0.0767,True,True,True,http://localhost/download/files/ZTF18abkxfru_spec.tar.gz,http://localhost/download/plots/ZTF18abkxfru_plot.tar.gz
https://alerce.online/object/ZTF18abjfmwd,2018-07-24 10:13:26,297.47997,45.89745,https://simbad.u-strasbg.fr/simbad/sim-id?Ident=KIC%209358280,cataclyv*,0.084796,Gaia DR3 2080241605659275648,18.75,18.90,18.05,1.1261,0.1307,True,False,False,N/A,N/A
https://alerce.online/object/ZTF17aaajxht,2018-07-24 10:27:03,342.84024,66.56301,https://simbad.u-strasbg.fr/simbad/sim-id?Ident=ZTF17aaajxht,cataclyv*_candidate,0.13548,Gaia DR3 2212586182457097216,15.28,15.56,14.81,1.3615,0.0220,True,True,True,http://localhost/download/files/ZTF17aaajxht_spec.tar.gz,http://localhost/download/plots/ZTF17aaajxht_plot.tar.gz
https://alerce.online/object/ZTF18abjptzy,2018-07-25 11:44:31,75.97138,37.42366,https://simbad.u-strasbg.fr/simbad/sim-id?Ident=ZTF%20J050353.13%2B372525.2,rscvnv*,0.115513,Gaia DR3 186765862593314944,19.22,19.60,18.28,1.5222,0.2839,True,False,False,N/A,N/A
https://alerce.online/object/ZTF18abjqmip,2018-07-26 06:37:43,307.76902,47.36658,https://simbad.u-strasbg.fr/simbad/sim-id?Ident=V%2A%20V507%20Cyg,cataclyv*,0.737153,Gaia DR3 2083525301440010112,15.96,16.04,15.31,1.6404,0.0290,True,True,False,http://localhost/download/files/ZTF18abjqmip_spec.tar.gz,http://localhost/download/plots/ZTF18abjqmip_plot.tar.gz
https://alerce.online/object/ZTF18abjrdhl,2018-07-26 09:53:31,301.01637,21.65748,N/A,N/A,,Gaia DR3 1823936168097848960,19.40,19.83,18.18,4.8682,0.4136,True,False,False,N/A,N/A
https://alerce.online/object/ZTF18ablvxfm,2018-07-26 09:55:30,312.34700,18.58576,https://simbad.u-strasbg.fr/simbad/sim-id?Ident=ZTF18ablvxfm,cataclyv*_candidate,0.154206,Gaia DR3 1813136940979128704,18.05,18.29,17.33,0.7954,0.0620,True,False,False,N/A,N/A
https://alerce.online/object/ZTF18abjrezv,2018-07-26 10:38:30,4.57173,31.98132,N/A,N/A,,Gaia DR3 2863205695515011584,18.05,18.96,17.05,3.1663,0.1384,True,False,False,N/A,N/A
https://alerce.online/object/ZTF18abjtjhe,2018-07-27 04:57:47,277.71968,26.92077,https://simbad.u-strasbg.fr/simbad/sim-id?Ident=Gaia%20DR3%204585376839774011520,cataclyv*,0.225386,Gaia DR3 4585376839774011520,18.79,18.83,18.12,0.8712,0.1200,True,False,False,N/A,N/A
https://alerce.online/object/ZTF18abjtkzh,2018-07-27 10:03:52,294.61589,6.04587,https://simbad.u-strasbg.fr/simbad/sim-id?Ident=V%2A%20V1000%20Aql,rrlyrae,0.076478,Gaia DR3 4291755042746934656,16.95,16.88,16.31,0.9960,0.0594,True,True,False,http://localhost/download/files/ZTF18abjtkzh_spec.tar.gz,http://localhost/download/plots/ZTF18abjtkzh_plot.tar.gz
https://alerce.online/object/ZTF18abjtjuw,2018-07-27 10:03:52,295.64970,2.84790,N/A,N/A,,Gaia DR3 4289719022075767552,17.08,16.88,16.26,1.0854,0.0654,True,True,False,http://localhost/download/files/ZTF18abjtjuw_spec.tar.gz,http://localhost/download/plots/ZTF18abjtjuw_plot.tar.gz
https://alerce.online/object/ZTF18abkwzny,2018-07-27 10:18:01,292.95512,43.24381,N/A,N/A,,Gaia DR3 2125881684785182848,19.01,18.87,18.25,0.9476,0.1453,True,False,False,N/A,N/A
https://alerce.online/object/ZTF18abjtwlb,2018-07-27 10:18:01,292.23519,43.09368,https://simbad.u-strasbg.fr/simbad/sim-id?Ident=V%2A%20V1504%20Cyg,cataclyv*,0.169025,Gaia DR3 2125911337244477184,17.18,17.23,16.17,1.7917,0.0377,True,True,True,http://localhost/download/files/ZTF18abjtwlb_spec.tar.gz,http://localhost/download/plots/ZTF18abjtwlb_plot.tar.gz
https://alerce.online/object/ZTF17aaawcwb,2018-07-27 10:41:19,323.77836,33.46221,https://simbad.u-strasbg.fr/simbad/sim-id?Ident=AT%202024ary,transient,0.08182,Gaia DR3 1950102378599213056,18.14,18.41,17.21,0.9014,0.0611,True,False,False,N/A,N/A
https://alerce.online/object/ZTF18abcwhor,2018-07-27 10:44:56,280.91221,58.87848,N/A,N/A,,Gaia DR3 2154642774367634432,18.93,19.28,18.40,1.5975,0.1511,True,False,False,N/A,N/A
https://alerce.online/object/ZTF18abjuxmo,2018-07-27 11:24:59,330.86756,30.94343,https://simbad.u-strasbg.fr/simbad/sim-id?Ident=USNO-B1.0%201209-00561869,cataclyv*,0.032784,Gaia DR3 1897069432394591232,19.63,19.78,19.18,1.0111,0.1219,True,False,False,N/A,N/A
https://alerce.online/object/ZTF18abjxgyj,2018-07-28 10:59:33,284.50811,8.27426,N/A,N/A,,Gaia DR3 4310160008382152192,13.96,14.05,13.10,4.2712,0.7256,True,False,False,N/A,N/A
https://alerce.online/object/ZTF18abkbwsk,2018-07-29 09:05:55,327.97261,50.76024,N/A,N/A,,Gaia DR3 1980608676604625536,19.27,19.62,18.51,1.8506,0.1921,True,False,False,N/A,N/A
https://alerce.online/object/ZTF18abkhutb,2018-07-30 09:38:43,322.25545,35.46174,N/A,N/A,,Gaia DR3 1951401142351244288,18.96,19.45,18.11,0.7691,0.1511,True,False,False,N/A,N/A
https://alerce.online/object/ZTF18abkhyku,2018-07-30 10:07:35,305.61946,50.43931,N/A,N/A,,Gaia DR3 2085072623534162560,16.83,16.98,16.49,0.5703,0.0456,True,True,False,http://localhost/download/files/ZTF18abkhyku_spec.tar.gz,http://localhost/download/plots/ZTF18abkhyku_plot.tar.gz
https://alerce.online/object/ZTF18ablqrpz,2018-07-31 04:28:22,263.11399,14.41688,https://simbad.u-strasbg.fr/simbad/sim-id?Ident=ZTF%20J173227.35%2B142500.8,eclbin,0.090693,Gaia DR3 4542673418764001280,18.70,19.05,17.83,1.7502,0.2562,True,False,False,N/A,N/A
https://alerce.online/object/ZTF18abkjhue,2018-07-31 06:34:10,280.16839,9.28154,N/A,N/A,,Gaia DR3 4479510019115783680,16.97,17.07,16.02,1.3840,0.2558,True,True,False,http://localhost/download/files/ZTF18abkjhue_spec.tar.gz,http://localhost/download/plots/ZTF18abkjhue_plot.tar.gz
https://alerce.online/object/ZTF18ablmdrf,2018-07-31 11:09:48,8.01510,31.75290,https://simbad.u-strasbg.fr/simbad/sim-id?Ident=CRTS%20J003203.6%2B314510,cataclyv*,0.119367,Gaia DR3 2859621764350006784,18.49,18.76,17.95,1.0693,0.2085,True,True,False,http://localhost/download/files/ZTF18ablmdrf_spec.tar.gz,http://localhost/download/plots/ZTF18ablmdrf_plot.tar.gz
https://alerce.online/object/ZTF18abeixaw,2018-08-01 07:04:41,265.03216,-13.33533,N/A,N/A,,Gaia DR3 4161500981126311936,18.62,18.82,17.93,3.0500,0.2194,True,False,False,N/A,N/A
https://alerce.online/object/ZTF18abkubkw,2018-08-02 04:31:30,258.29230,6.28870,https://simbad.u-strasbg.fr/simbad/sim-id?Ident=Gaia%20DR3%204393660804037754752,cataclyv*,0.455389,Gaia DR3 4393660804037754752,16.71,16.90,16.39,1.4996,0.0621,True,True,False,http://localhost/download/files/ZTF18abkubkw_spec.tar.gz,http://localhost/download/plots/ZTF18abkubkw_plot.tar.gz
https://alerce.online/object/ZTF18abqcsil,2018-08-02 05:36:57,293.09276,5.95403,N/A,N/A,,Gaia DR3 4294404724008246784,17.36,17.57,16.93,0.5309,0.0893,True,True,True,http://localhost/download/files/ZTF18abqcsil_spec.tar.gz,http://localhost/download/plots/ZTF18abqcsil_plot.tar.gz
https://alerce.online/object/ZTF18abkwrhm,2018-08-02 05:36:57,293.43620,5.60621,N/A,N/A,,Gaia DR3 4294332538491280512,19.33,18.93,18.45,1.0743,0.1776,True,False,False,N/A,N/A
https://alerce.online/object/ZTF18abkwgeq,2018-08-02 05:36:57,295.88015,5.37652,N/A,N/A,,Gaia DR3 4291415083171074688,17.64,17.72,17.16,0.4071,0.0800,True,True,False,http://localhost/download/files/ZTF18abkwgeq_spec.tar.gz,http://localhost/download/plots/ZTF18abkwgeq_plot.tar.gz
https://alerce.online/object/ZTF18abmairs,2018-08-02 05:38:56,299.58981,12.81990,N/A,N/A,,Gaia DR3 4304284282660770688,18.65,18.73,18.11,1.3606,0.1784,True,False,False,N/A,N/A
https://alerce.online/object/ZTF18aatnjeb,2018-08-02 05:42:21,286.11912,32.99778,https://simbad.u-strasbg.fr/simbad/sim-id?Ident=ZTF%20J190428.60%2B325951.9,eclbin,0.214415,Gaia DR3 2043760054667989248,17.32,17.44,16.77,1.9253,0.2880,True,True,False,http://localhost/download/files/ZTF18aatnjeb_spec.tar.gz,http://localhost/download/plots/ZTF18aatnjeb_plot.tar.gz
https://alerce.online/object/ZTF18ablgihl,2018-08-02 10:11:28,20.13603,72.39477,N/A,N/A,,Gaia DR3 535028959445510912,16.25,16.45,15.88,0.4498,0.0348,True,True,True,http://localhost/download/files/ZTF18ablgihl_spec.tar.gz,http://localhost/download/plots/ZTF18ablgihl_plot.tar.gz
https://alerce.online/object/ZTF18aaqkidj,2018-08-03 04:19:21,176.61991,67.98598,https://simbad.u-strasbg.fr/simbad/sim-id?Ident=SDSS%20J114628.80%2B675909.6,cataclyv*,0.184725,Gaia DR3 1058116114501904384,18.16,18.38,17.85,1.4413,0.1187,True,False,False,N/A,N/A
https://alerce.online/object/ZTF18ablsqnv,2018-08-03 07:44:18,344.82720,75.95226,N/A,N/A,,Gaia DR3 2281117569686791808,19.28,19.59,18.83,1.0605,0.1923,True,False,False,N/A,N/A
https://alerce.online/object/ZTF17aabuvsn,2018-08-03 11:24:08,353.64821,54.55706,https://simbad.u-strasbg.fr/simbad/sim-id?Ident=ASASSN%20-16le,cataclyv*,0.163169,Gaia DR3 1994362428901101952,18.79,18.96,18.06,1.1110,0.1374,True,False,False,N/A,N/A
https://alerce.online/object/ZTF18abeuvow,2018-08-04 04:03:39,264.77956,-13.96966,https://simbad.u-strasbg.fr/simbad/sim-id?Ident=OGLE%20BLG-DSCT-12887,delsctv*,0.226745,Gaia DR3 4161365436255631104,18.41,18.57,17.59,1.6639,0.2639,True,False,False,N/A,N/A
https://alerce.online/object/ZTF18abloocr,2018-08-04 07:18:31,284.71881,23.23144,https://simbad.u-strasbg.fr/simbad/sim-id?Ident=MASTER%20OT%20J185852.54%2B231353.5,cataclyv*_candidate,0.488861,Gaia DR3 4533047950377932288,19.06,19.30,18.46,1.0666,0.1546,True,False,False,N/A,N/A
https://alerce.online/object/ZTF18abbykos,2018-08-04 08:06:31,288.77752,-26.61204,N/A,N/A,,Gaia DR3 6763189137346758912,18.65,18.52,17.98,1.5602,0.2492,True,True,True,http://localhost/download/files/ZTF18abbykos_spec.tar.gz,http://localhost/download/plots/ZTF18abbykos_plot.tar.gz
https://alerce.online/object/ZTF18abindhr,2018-08-04 08:07:10,286.67156,-14.24760,N/A,N/A,,Gaia DR3 4197373750565679360,17.39,17.53,17.09,0.5680,0.0794,True,False,False,N/A,N/A
https://alerce.online/object/ZTF18ablqhap,2018-08-06 04:42:49,202.35494,12.50702,https://simbad.u-strasbg.fr/simbad/sim-id?Ident=GALEX%20J132925.2%2B123025,**,0.711561,Gaia DR3 3739708911747317248,17.36,17.37,17.35,4.7483,0.1102,True,True,False,http://localhost/download/files/ZTF18ablqhap_spec.tar.gz,http://localhost/download/plots/ZTF18ablqhap_plot.tar.gz
https://alerce.online/object/ZTF18ablqkgo,2018-08-06 04:59:59,240.89986,21.84227,https://simbad.u-strasbg.fr/simbad/sim-id?Ident=GALEX%20J160335.8%2B215032,whitedwarf,0.900793,Gaia DR3 1206052590817661696,19.12,19.23,19.04,3.2285,0.2291,True,True,False,http://localhost/download/files/ZTF18ablqkgo_spec.tar.gz,http://localhost/download/plots/ZTF18ablqkgo_plot.tar.gz
https://alerce.online/object/ZTF18abjzbhm,2018-08-06 04:59:59,241.07924,16.26341,https://simbad.u-strasbg.fr/simbad/sim-id?Ident=CRTS%20J160419.0%2B161549,cataclyv*,0.409347,Gaia DR3 1199129584573929984,19.16,19.25,18.81,1.2333,0.2194,True,False,False,N/A,N/A
https://alerce.online/object/ZTF18abdrobe,2018-08-06 05:01:36,254.17175,-24.93258,https://simbad.u-strasbg.fr/simbad/sim-id?Ident=2MASS%20J16564121-2455569,cataclyv*,0.379902,Gaia DR3 4113229092083616256,17.20,17.26,16.62,0.9343,0.0854,True,True,False,http://localhost/download/files/ZTF18abdrobe_spec.tar.gz,http://localhost/download/plots/ZTF18abdrobe_plot.tar.gz
https://alerce.online/object/ZTF18ablxbjf,2018-08-06 05:20:59,272.14945,10.17488,https://simbad.u-strasbg.fr/simbad/sim-id?Ident=UCAC3%20201-165802,cataclyv*,0.884845,Gaia DR3 4482863941883637632,16.98,17.12,16.43,3.4098,0.0616,True,True,True,http://localhost/download/files/ZTF18ablxbjf_spec.tar.gz,http://localhost/download/plots/ZTF18ablxbjf_plot.tar.gz
https://alerce.online/object/ZTF18ablrmio,2018-08-06 05:56:33,261.76510,3.65039,N/A,N/A,,Gaia DR3 4388993961293745408,18.02,18.14,17.42,1.1287,0.1015,True,False,False,N/A,N/A
https://alerce.online/object/ZTF18abcqhom,2018-08-06 06:02:00,281.65133,72.77742,N/A,N/A,,Gaia DR3 2266143561346073088,19.35,20.03,18.53,3.4697,0.2290,True,False,False,N/A,N/A
https://alerce.online/object/ZTF18ablsygi,2018-08-07 04:03:48,238.88339,-0.18200,https://simbad.u-strasbg.fr/simbad/sim-id?Ident=V%2A%20V489%20Ser,cataclyv*,0.272361,Gaia DR3 4409578051617714688,19.03,19.26,18.63,1.6481,0.2774,True,False,False,N/A,N/A
https://alerce.online/object/ZTF18aaccsws,2018-08-07 04:10:26,209.88367,49.80459,https://simbad.u-strasbg.fr/simbad/sim-id?Ident=ATO%20J209.8838%2B49.8046,eclbin,0.538942,Gaia DR3 1512085056653815808,14.33,14.30,13.69,1.4913,0.1567,True,True,False,http://localhost/download/files/ZTF18aaccsws_spec.tar.gz,http://localhost/download/plots/ZTF18aaccsws_plot.tar.gz
https://alerce.online/object/ZTF18abltirl,2018-08-07 05:00:10,271.73420,6.17630,https://simbad.u-strasbg.fr/simbad/sim-id?Ident=ASASSN%20-15oo,cataclyv*,0.766506,Gaia DR3 4471896691355743488,18.28,18.60,17.74,1.8755,0.1365,True,False,False,N/A,N/A
https://alerce.online/object/ZTF18abbxyng,2018-08-07 07:48:40,286.85498,-27.78900,N/A,N/A,,Gaia DR3 6762687695626478720,17.04,17.10,16.73,0.8471,0.0952,True,False,False,N/A,N/A
https://alerce.online/object/ZTF18abbxzqg,2018-08-07 07:48:40,289.20454,-26.24270,https://simbad.u-strasbg.fr/simbad/sim-id?Ident=V%2A%20V729%20Sgr,cataclyv*,0.120867,Gaia DR3 6769204324939596672,15.25,15.44,14.74,2.1846,0.0340,True,True,False,http://localhost/download/files/ZTF18abbxzqg_spec.tar.gz,http://localhost/download/plots/ZTF18abbxzqg_plot.tar.gz
https://alerce.online/object/ZTF18ablvaga,2018-08-07 07:49:22,276.93920,-16.12711,N/A,N/A,,Gaia DR3 4097121036259948672,16.89,16.93,16.17,1.2610,0.0943,True,True,False,http://localhost/download/files/ZTF18ablvaga_spec.tar.gz,http://localhost/download/plots/ZTF18ablvaga_plot.tar.gz
https://alerce.online/object/ZTF18ablvaya,2018-08-07 08:10:03,3.65107,50.54443,https://simbad.u-strasbg.fr/simbad/sim-id?Ident=MASTER%20OT%20J001436.25%2B503240.3,cataclyv*,0.266376,Gaia DR3 394579405697456768,20.28,20.72,19.69,2.1781,0.4249,True,False,False,N/A,N/A
https://alerce.online/object/ZTF18ablvuer,2018-08-07 08:44:01,287.93034,23.05831,N/A,N/A,,Gaia DR3 4521227517501677056,15.60,15.73,15.17,0.9434,0.0291,True,True,False,http://localhost/download/files/ZTF18ablvuer_spec.tar.gz,http://localhost/download/plots/ZTF18ablvuer_plot.tar.gz
https://alerce.online/object/ZTF18ablvwgq,2018-08-07 08:54:30,313.73837,32.06126,N/A,N/A,,Gaia DR3 1865673904360821760,18.56,18.91,17.94,1.6484,0.1443,True,False,False,N/A,N/A
https://alerce.online/object/ZTF18ablvwig,2018-08-07 08:54:30,313.14976,30.62118,N/A,N/A,,Gaia DR3 1858810172971156224,17.59,17.50,16.89,0.3912,0.0646,True,True,False,http://localhost/download/files/ZTF18ablvwig_spec.tar.gz,http://localhost/download/plots/ZTF18ablvwig_plot.tar.gz
https://alerce.online/object/ZTF18abtotvc,2018-08-07 08:59:15,321.14746,11.54333,N/A,N/A,,Gaia DR3 1745619707192035200,16.97,17.23,16.57,0.7016,0.0673,True,True,False,http://localhost/download/files/ZTF18abtotvc_spec.tar.gz,http://localhost/download/plots/ZTF18abtotvc_plot.tar.gz
https://alerce.online/object/ZTF17aabuuke,2018-08-07 09:15:39,350.33831,38.13223,https://simbad.u-strasbg.fr/simbad/sim-id?Ident=2MASS%20J23212116%2B3807563,cataclyv*_candidate,0.417971,Gaia DR3 1916958979266296064,15.68,15.74,15.22,1.1675,0.0297,True,True,False,http://localhost/download/files/ZTF17aabuuke_spec.tar.gz,http://localhost/download/plots/ZTF17aabuuke_plot.tar.gz
https://alerce.online/object/ZTF18ablwdti,2018-08-07 09:15:39,350.64426,41.73714,N/A,N/A,,Gaia DR3 1924384389308471296,17.76,18.27,16.86,1.1758,0.1146,True,False,False,N/A,N/A
https://alerce.online/object/ZTF18aaaarmx,2018-08-07 12:03:26,93.71820,39.86702,https://simbad.u-strasbg.fr/simbad/sim-id?Ident=Gaia%20DR3%20959420038078526592,star,0.170298,Gaia DR3 959420038078526592,17.07,17.11,16.96,0.5501,0.0915,True,True,False,http://localhost/download/files/ZTF18aaaarmx_spec.tar.gz,http://localhost/download/plots/ZTF18aaaarmx_plot.tar.gz
https://alerce.online/object/ZTF17aabshbq,2018-08-07 12:04:05,99.52693,45.24915,https://simbad.u-strasbg.fr/simbad/sim-id?Ident=Gaia%20DR3%20964727238971174400,star,0.063014,Gaia DR3 964727238971174400,18.06,17.93,17.47,0.6555,0.1075,True,False,False,N/A,N/A
https://alerce.online/object/ZTF18aabgsjq,2018-08-07 12:04:05,96.20835,50.51972,https://simbad.u-strasbg.fr/simbad/sim-id?Ident=CRTS%20CSS131223%20J062450%2B503111,cataclyv*,0.234105,Gaia DR3 971145608033383040,19.15,19.21,18.61,0.9494,0.1244,True,False,False,N/A,N/A
https://alerce.online/object/ZTF18ablwplc,2018-08-08 04:04:15,259.73617,-15.45936,https://simbad.u-strasbg.fr/simbad/sim-id?Ident=NSV%20%208494,variable*,0.148632,Gaia DR3 4136250735261451008,16.01,16.18,15.61,0.8226,0.0422,True,True,False,http://localhost/download/files/ZTF18ablwplc_spec.tar.gz,http://localhost/download/plots/ZTF18ablwplc_plot.tar.gz
https://alerce.online/object/ZTF18ablwvyz,2018-08-08 04:21:59,289.91087,33.13279,N/A,N/A,,Gaia DR3 2049149959447866368,17.31,17.55,16.91,0.4177,0.0745,True,True,False,http://localhost/download/files/ZTF18ablwvyz_spec.tar.gz,http://localhost/download/plots/ZTF18ablwvyz_plot.tar.gz
https://alerce.online/object/ZTF18ablxlwd,2018-08-08 04:55:59,291.63547,-1.27002,https://simbad.u-strasbg.fr/simbad/sim-id?Ident=Gaia%2019eop,cataclyv*,0.011163,Gaia DR3 4215167834436009984,18.39,18.67,17.78,1.2694,0.1560,True,False,False,N/A,N/A
https://alerce.online/object/ZTF18abmahbc,2018-08-08 08:40:41,298.80198,0.76007,https://simbad.u-strasbg.fr/simbad/sim-id?Ident=2MASS%20J19551247%2B0045365,cataclyv*,0.624906,Gaia DR3 4240284979281473920,15.90,16.25,15.12,6.0063,0.0616,True,True,True,http://localhost/download/files/ZTF18abmahbc_spec.tar.gz,http://localhost/download/plots/ZTF18abmahbc_plot.tar.gz
https://alerce.online/object/ZTF18abmahmm,2018-08-08 08:42:40,301.50636,12.00078,https://simbad.u-strasbg.fr/simbad/sim-id?Ident=Gaia%20DR3%201802929693517223936,star,0.034711,Gaia DR3 1802929693517223936,17.64,17.63,17.22,0.5468,0.0750,True,True,False,http://localhost/download/files/ZTF18abmahmm_spec.tar.gz,http://localhost/download/plots/ZTF18abmahmm_plot.tar.gz
https://alerce.online/object/ZTF18abtjgtu,2018-08-08 08:50:54,299.60206,53.61856,https://simbad.u-strasbg.fr/simbad/sim-id?Ident=V%2A%20V476%20Cyg,nova,0.147667,Gaia DR3 2089624258071404544,17.58,17.73,16.88,0.8444,0.1080,True,True,False,http://localhost/download/files/ZTF18abtjgtu_spec.tar.gz,http://localhost/download/plots/ZTF18abtjgtu_plot.tar.gz
https://alerce.online/object/ZTF18abmandw,2018-08-08 08:55:04,298.33309,3.44117,N/A,N/A,,Gaia DR3 4242044816366317696,18.08,18.43,17.34,1.3185,0.1420,True,False,False,N/A,N/A
https://alerce.online/object/ZTF17aabuwlv,2018-08-08 09:05:34,320.14582,31.66456,https://simbad.u-strasbg.fr/simbad/sim-id?Ident=ASASSN-V%20J212035.02%2B313952.7,cataclyv*,0.2484,Gaia DR3 1853628037223555456,16.64,16.82,16.15,1.1588,0.0379,True,True,True,http://localhost/download/files/ZTF17aabuwlv_spec.tar.gz,http://localhost/download/plots/ZTF17aabuwlv_plot.tar.gz
https://alerce.online/object/ZTF17aaawerk,2018-08-08 09:06:16,328.64018,35.83820,https://simbad.u-strasbg.fr/simbad/sim-id?Ident=2MASS%20J21543365%2B3550176,cataclyv*,0.144671,Gaia DR3 1949139691749510272,16.76,17.18,16.07,1.4782,0.0487,True,True,True,http://localhost/download/files/ZTF17aaawerk_spec.tar.gz,http://localhost/download/plots/ZTF17aaawerk_plot.tar.gz
https://alerce.online/object/ZTF18abmbdlz,2018-08-10 04:06:44,265.23462,2.97545,https://simbad.u-strasbg.fr/simbad/sim-id?Ident=Gaia%20DR3%204376325246582929920,cataclyv*,0.076756,Gaia DR3 4376325246582929920,17.81,18.04,17.20,1.0791,0.1070,True,False,False,N/A,N/A
https://alerce.online/object/ZTF18abmdnao,2018-08-10 07:36:22,275.67198,12.18517,https://simbad.u-strasbg.fr/simbad/sim-id?Ident=2MASS%20J18224128%2B1211066,cataclyv*,0.151596,Gaia DR3 4485025994062207360,18.47,17.73,17.08,1.0592,0.0809,True,False,False,N/A,N/A
https://alerce.online/object/ZTF18ablwvnk,2018-08-10 07:42:58,275.85071,25.86752,N/A,N/A,,Gaia DR3 4584894081155993472,19.79,19.73,18.73,7.7016,0.8806,True,False,False,N/A,N/A
https://alerce.online/object/ZTF18abmeeik,2018-08-10 08:28:04,306.23718,17.29831,https://simbad.u-strasbg.fr/simbad/sim-id?Ident=V%2A%20CM%20Del,cataclyv*,0.375641,Gaia DR3 1815021160316471808,13.88,13.95,13.67,2.5133,0.0193,True,True,False,http://localhost/download/files/ZTF18abmeeik_spec.tar.gz,http://localhost/download/plots/ZTF18abmeeik_plot.tar.gz
https://alerce.online/object/ZTF18abmeesl,2018-08-10 08:28:04,303.60380,15.49166,https://simbad.u-strasbg.fr/simbad/sim-id?Ident=GSC2.3%20N1UU020345,cataclyv*,0.020172,Gaia DR3 1808325920475979008,18.80,18.98,18.15,0.8295,0.1492,True,False,False,N/A,N/A
https://alerce.online/object/ZTF18abmeekh,2018-08-10 08:28:43,311.20694,17.51406,https://simbad.u-strasbg.fr/simbad/sim-id?Ident=ASASSN%20-18ra,cataclyv*,0.069707,Gaia DR3 1811474784338608256,18.08,18.13,17.61,1.2379,0.0860,True,False,False,N/A,N/A
https://alerce.online/object/ZTF18abmefme,2018-08-10 08:30:08,315.05879,0.74605,https://simbad.u-strasbg.fr/simbad/sim-id?Ident=SDSS%20J210014.12%2B004446.0,cataclyv*,0.235967,Gaia DR3 1729491319015998208,18.14,18.25,17.76,1.1896,0.1152,True,True,False,http://localhost/download/files/ZTF18abmefme_spec.tar.gz,http://localhost/download/plots/ZTF18abmefme_plot.tar.gz
https://alerce.online/object/ZTF18abmeirl,2018-08-10 08:39:50,336.27533,41.83869,N/A,N/A,,Gaia DR3 1957612356548713344,17.70,17.86,17.10,0.5989,0.0791,True,False,False,N/A,N/A
https://alerce.online/object/ZTF17aaaenhs,2018-08-10 11:25:42,5.44165,40.06994,https://simbad.u-strasbg.fr/simbad/sim-id?Ident=GALEX%20J002145.9%2B400412,cataclyv*,0.174545,Gaia DR3 380316777081879680,16.39,16.33,15.87,0.6878,0.0358,True,True,False,http://localhost/download/files/ZTF17aaaenhs_spec.tar.gz,http://localhost/download/plots/ZTF17aaaenhs_plot.tar.gz
https://alerce.online/object/ZTF18abmfsaj,2018-08-11 07:49:10,293.59652,2.04797,N/A,N/A,,Gaia DR3 4288094214457507968,17.54,17.83,17.01,0.6200,0.1050,True,True,True,http://localhost/download/files/ZTF18abmfsaj_spec.tar.gz,http://localhost/download/plots/ZTF18abmfsaj_plot.tar.gz
https://alerce.online/object/ZTF18abmfuhy,2018-08-11 07:49:10,296.90781,4.89930,https://simbad.u-strasbg.fr/simbad/sim-id?Ident=GALEX%20J194737.8%2B045357,hotsubdwarf_candidate,0.096884,Gaia DR3 4290478750250940288,16.12,16.27,15.87,0.7468,0.0448,True,True,False,http://localhost/download/files/ZTF18abmfuhy_spec.tar.gz,http://localhost/download/plots/ZTF18abmfuhy_plot.tar.gz
https://alerce.online/object/ZTF18abmjguo,2018-08-12 09:38:12,323.99716,5.45017,https://simbad.u-strasbg.fr/simbad/sim-id?Ident=ATO%20J323.9971%2B05.4501,cataclyv*,0.195531,Gaia DR3 2699396467479492480,16.18,16.29,15.85,0.7622,0.0559,True,True,False,http://localhost/download/files/ZTF18abmjguo_spec.tar.gz,http://localhost/download/plots/ZTF18abmjguo_plot.tar.gz
https://alerce.online/object/ZTF18abmjijh,2018-08-12 09:42:58,324.48359,43.77763,N/A,N/A,,Gaia DR3 1967765006407778688,17.74,18.06,17.18,0.7439,0.0795,True,False,False,N/A,N/A
https://alerce.online/object/ZTF17aaarlqc,2018-08-12 10:09:35,55.64452,50.26609,https://simbad.u-strasbg.fr/simbad/sim-id?Ident=ZTF%20J034234.65%2B501558.8,bydrav*,1.008705,Gaia DR3 249846910559282944,15.67,13.81,12.52,3.1125,0.0498,True,True,False,http://localhost/download/files/ZTF17aaarlqc_spec.tar.gz,http://localhost/download/plots/ZTF17aaarlqc_plot.tar.gz
https://alerce.online/object/ZTF17aaaulnk,2018-08-12 10:43:17,66.07488,47.87009,https://simbad.u-strasbg.fr/simbad/sim-id?Ident=NSV%20%201586,pulsv*,0.305822,Gaia DR3 258046621605141888,15.63,16.00,15.05,1.6392,0.0376,True,True,False,http://localhost/download/files/ZTF17aaaulnk_spec.tar.gz,http://localhost/download/plots/ZTF17aaaulnk_plot.tar.gz
https://alerce.online/object/ZTF18abmmwiy,2018-08-13 08:14:27,315.77754,66.17569,https://simbad.u-strasbg.fr/simbad/sim-id?Ident=V%2A%20FX%20Cep,cataclyv*,0.153872,Gaia DR3 2221753321994545920,18.14,18.68,17.38,0.9266,0.0914,True,False,False,N/A,N/A
https://alerce.online/object/ZTF18abmneqb,2018-08-13 08:52:45,2.45538,29.86233,N/A,N/A,,Gaia DR3 2861094289593259136,18.29,18.43,17.83,1.9461,0.1734,True,False,False,N/A,N/A
https://alerce.online/object/ZTF18abnnjka,2018-08-13 09:21:44,317.57054,36.37848,N/A,N/A,,Gaia DR3 1868514703115862400,14.82,14.96,14.33,1.0850,0.1948,True,True,False,http://localhost/download/files/ZTF18abnnjka_spec.tar.gz,http://localhost/download/plots/ZTF18abnnjka_plot.tar.gz
https://alerce.online/object/ZTF18abmnvsq,2018-08-13 09:24:31,312.55127,28.89384,N/A,N/A,,Gaia DR3 1857979835531677440,18.20,18.62,17.34,1.0079,0.1101,True,True,False,http://localhost/download/files/ZTF18abmnvsq_spec.tar.gz,http://localhost/download/plots/ZTF18abmnvsq_plot.tar.gz
https://alerce.online/object/ZTF18abmnxzr,2018-08-13 09:42:57,4.71327,44.04338,https://simbad.u-strasbg.fr/simbad/sim-id?Ident=ATO%20J004.7133%2B44.0433,eclbin,0.230202,Gaia DR3 385708958199611392,17.16,17.36,16.50,2.6802,0.3760,True,True,False,http://localhost/download/files/ZTF18abmnxzr_spec.tar.gz,http://localhost/download/plots/ZTF18abmnxzr_plot.tar.gz
https://alerce.online/object/ZTF18abmnxli,2018-08-13 09:42:57,0.59328,42.70363,https://simbad.u-strasbg.fr/simbad/sim-id?Ident=ASASSN%20-13cx,cataclyv*,0.47146,Gaia DR3 384460943781889024,18.23,18.41,17.76,2.4869,0.1339,True,True,False,http://localhost/download/files/ZTF18abmnxli_spec.tar.gz,http://localhost/download/plots/ZTF18abmnxli_plot.tar.gz
https://alerce.online/object/ZTF18aaadsus,2018-08-13 09:43:37,14.76820,46.24666,https://simbad.u-strasbg.fr/simbad/sim-id?Ident=2MASS%20J00590436%2B4614479,cataclyv*,0.035003,Gaia DR3 377904796464796416,17.49,17.71,17.07,2.2678,0.0966,True,True,True,http://localhost/download/files/ZTF18aaadsus_spec.tar.gz,http://localhost/download/plots/ZTF18aaadsus_plot.tar.gz
https://alerce.online/object/ZTF18aaadsvx,2018-08-13 09:43:37,16.92856,48.75514,https://simbad.u-strasbg.fr/simbad/sim-id?Ident=ATO%20J016.9284%2B48.7552,cataclyv*,0.398761,Gaia DR3 401879681868136704,15.06,15.21,14.74,1.3133,0.0325,True,True,True,http://localhost/download/files/ZTF18aaadsvx_spec.tar.gz,http://localhost/download/plots/ZTF18aaadsvx_plot.tar.gz
https://alerce.online/object/ZTF18abmoekg,2018-08-13 09:57:08,339.14626,40.00427,https://simbad.u-strasbg.fr/simbad/sim-id?Ident=2MASS%20J22363511%2B4000156,yso,0.405499,Gaia DR3 1932400864166788864,13.46,13.59,12.71,6.4332,0.7045,True,True,True,http://localhost/download/files/ZTF18abmoekg_spec.tar.gz,http://localhost/download/plots/ZTF18abmoekg_plot.tar.gz
https://alerce.online/object/ZTF18abmjmhx,2018-08-13 10:22:42,24.15421,32.01113,https://simbad.u-strasbg.fr/simbad/sim-id?Ident=V%2A%20TW%20Tri,cataclyv*,0.072532,Gaia DR3 315868494997271424,16.04,16.38,15.40,1.4310,0.0529,True,True,True,http://localhost/download/files/ZTF18abmjmhx_spec.tar.gz,http://localhost/download/plots/ZTF18abmjmhx_plot.tar.gz
https://alerce.online/object/ZTF18aabfnqr,2018-08-13 10:49:58,30.43619,48.81940,N/A,N/A,,Gaia DR3 356823683929091584,18.78,19.00,18.32,0.9653,0.1603,True,False,False,N/A,N/A
https://alerce.online/object/ZTF17aabizrq,2018-08-13 11:44:41,77.56896,40.36585,N/A,N/A,,Gaia DR3 188965336824614528,17.75,17.93,17.18,0.6283,0.0996,True,False,False,N/A,N/A
https://alerce.online/object/ZTF18ablwxzc,2018-08-14 03:41:52,275.10812,20.57940,https://simbad.u-strasbg.fr/simbad/sim-id?Ident=ATO%20J275.1081%2B20.5793,eclbin,0.081117,Gaia DR3 4528691925826272768,17.27,17.55,16.53,1.4939,0.1854,True,True,False,http://localhost/download/files/ZTF18ablwxzc_spec.tar.gz,http://localhost/download/plots/ZTF18ablwxzc_plot.tar.gz
https://alerce.online/object/ZTF18abmosnm,2018-08-14 03:44:31,270.89914,-0.04176,https://simbad.u-strasbg.fr/simbad/sim-id?Ident=Gaia%20DR3%204275377984525895552,star,0.267986,Gaia DR3 4275377984525895552,19.69,19.89,19.27,1.7870,0.3039,True,False,False,N/A,N/A
https://alerce.online/object/ZTF18ablwpza,2018-08-14 03:53:07,257.21700,1.44878,https://simbad.u-strasbg.fr/simbad/sim-id?Ident=ASASSN%20-13ay,cataclyv*,0.181594,Gaia DR3 4387650598601997696,17.56,18.25,16.61,1.6003,0.0969,True,True,False,http://localhost/download/files/ZTF18ablwpza_spec.tar.gz,http://localhost/download/plots/ZTF18ablwpza_plot.tar.gz
https://alerce.online/object/ZTF18abispos,2018-08-14 04:04:26,285.44077,-13.82356,N/A,N/A,,Gaia DR3 4101618524182811904,17.63,17.50,16.73,3.4554,0.0864,True,False,False,N/A,N/A
https://alerce.online/object/ZTF18abnpdqe,2018-08-14 07:29:45,297.87961,10.95603,https://simbad.u-strasbg.fr/simbad/sim-id?Ident=V%2A%20V1047%20Aql,cataclyv*,0.129959,Gaia DR3 4303535588269116800,18.32,18.49,17.80,0.8468,0.0798,True,False,False,N/A,N/A
https://alerce.online/object/ZTF18abmipph,2018-08-14 07:30:25,305.51231,11.14053,https://simbad.u-strasbg.fr/simbad/sim-id?Ident=Gaia%20DR3%201802038092653254784,star,0.117527,Gaia DR3 1802038092653254784,16.59,16.73,16.32,0.8088,0.0693,True,True,False,http://localhost/download/files/ZTF18abmipph_spec.tar.gz,http://localhost/download/plots/ZTF18abmipph_plot.tar.gz
https://alerce.online/object/ZTF18abmqumx,2018-08-14 08:05:51,302.11630,-7.15300,https://simbad.u-strasbg.fr/simbad/sim-id?Ident=ZTF18abmqumx,cataclyv*,0.026348,Gaia DR3 4216826074067474176,18.06,18.04,17.33,0.6150,0.1174,True,False,False,N/A,N/A
https://alerce.online/object/ZTF18abssrbs,2018-08-14 08:06:31,308.75615,-0.32955,https://simbad.u-strasbg.fr/simbad/sim-id?Ident=SDSS%20J203501.46-001946.1,cataclyv*,0.244227,Gaia DR3 4229597343999338880,18.40,18.45,17.93,1.0678,0.1667,True,False,False,N/A,N/A
https://alerce.online/object/ZTF18absgzlu,2018-08-14 08:06:31,302.76705,0.92193,N/A,N/A,,Gaia DR3 4242696242637213184,17.93,18.09,17.52,2.2540,0.1210,True,False,False,N/A,N/A
https://alerce.online/object/ZTF18abmgbzr,2018-08-14 08:09:10,300.87074,8.64637,https://simbad.u-strasbg.fr/simbad/sim-id?Ident=ATO%20J300.8707%2B08.6463,eclbin,0.286992,Gaia DR3 4299127989744823424,14.48,14.35,14.70,2.5890,0.0421,True,True,False,http://localhost/download/files/ZTF18abmgbzr_spec.tar.gz,http://localhost/download/plots/ZTF18abmgbzr_plot.tar.gz
https://alerce.online/object/ZTF18aagqowj,2018-08-14 11:26:24,92.17133,25.82796,N/A,N/A,,Gaia DR3 3426988455979692544,17.48,17.66,17.10,0.5586,0.0882,True,True,True,http://localhost/download/files/ZTF18aagqowj_spec.tar.gz,http://localhost/download/plots/ZTF18aagqowj_plot.tar.gz
https://alerce.online/object/ZTF17aaaslud,2018-08-14 11:49:48,62.14577,51.24670,https://simbad.u-strasbg.fr/simbad/sim-id?Ident=V%2A%20FO%20Per,cataclyv*,0.050757,Gaia DR3 250700853140894976,16.15,16.59,15.59,1.6686,0.0604,True,True,False,http://localhost/download/files/ZTF17aaaslud_spec.tar.gz,http://localhost/download/plots/ZTF17aaaslud_plot.tar.gz
https://alerce.online/object/ZTF18aaakvdk,2018-08-14 11:50:30,72.35700,56.65872,N/A,N/A,,Gaia DR3 274670550218199552,19.24,19.45,18.05,2.0998,0.3780,True,False,False,N/A,N/A
https://alerce.online/object/ZTF18abmssqp,2018-08-15 04:03:21,264.90081,-18.83043,N/A,N/A,,Gaia DR3 4123096040717658496,17.51,17.87,16.83,1.1342,0.0953,True,True,True,http://localhost/download/files/ZTF18abmssqp_spec.tar.gz,http://localhost/download/plots/ZTF18abmssqp_plot.tar.gz
https://alerce.online/object/ZTF18abetjot,2018-08-15 04:03:21,265.38316,-13.95455,N/A,N/A,,Gaia DR3 4149441537589936000,17.70,17.88,17.27,1.0310,0.1156,True,True,True,http://localhost/download/files/ZTF18abetjot_spec.tar.gz,http://localhost/download/plots/ZTF18abetjot_plot.tar.gz
https://alerce.online/object/ZTF17aaaddte,2018-08-15 10:18:20,72.33755,57.54731,N/A,N/A,,Gaia DR3 277774334107180032,17.50,17.74,17.03,0.5484,0.0944,True,True,False,http://localhost/download/files/ZTF17aaaddte_spec.tar.gz,http://localhost/download/plots/ZTF17aaaddte_plot.tar.gz
https://alerce.online/object/ZTF18abmwvku,2018-08-15 11:16:16,49.76884,59.81623,N/A,N/A,,Gaia DR3 462107488567228416,18.42,19.03,17.58,1.3281,0.1738,True,False,False,N/A,N/A
https://alerce.online/object/ZTF18abmwwaj,2018-08-15 11:48:46,95.05653,47.01464,N/A,N/A,,Gaia DR3 968546804927622144,18.29,18.91,17.50,0.9250,0.1362,True,False,False,N/A,N/A
https://alerce.online/object/ZTF18aahavte,2018-08-16 03:46:38,237.19163,40.95787,https://simbad.u-strasbg.fr/simbad/sim-id?Ident=GALEX%20J154846.0%2B405728,whitedwarf,0.486606,Gaia DR3 1383821420340997248,18.20,18.41,17.76,4.6581,0.1005,True,True,False,http://localhost/download/files/ZTF18aahavte_spec.tar.gz,http://localhost/download/plots/ZTF18aahavte_plot.tar.gz
https://alerce.online/object/ZTF18aaimrew,2018-08-16 03:51:30,251.17162,24.57450,https://simbad.u-strasbg.fr/simbad/sim-id?Ident=GALEX%20J164441.2%2B243428,whitedwarf,0.34108,Gaia DR3 1300187622427241856,19.09,19.17,19.06,2.4269,0.2242,True,True,False,http://localhost/download/files/ZTF18aaimrew_spec.tar.gz,http://localhost/download/plots/ZTF18aaimrew_plot.tar.gz
https://alerce.online/object/ZTF18abtnubo,2018-08-16 07:37:26,304.56450,18.47325,https://simbad.u-strasbg.fr/simbad/sim-id?Ident=Gaia%20DR3%201810143726740870784,star,0.212509,Gaia DR3 1810143726740870784,17.37,17.47,17.05,0.5238,0.0809,True,True,False,http://localhost/download/files/ZTF18abtnubo_spec.tar.gz,http://localhost/download/plots/ZTF18abtnubo_plot.tar.gz
https://alerce.online/object/ZTF18abnbndl,2018-08-16 07:38:07,310.96654,29.10445,https://simbad.u-strasbg.fr/simbad/sim-id?Ident=ZTF%20J204351.98%2B290616.0,rrlyrae,0.255017,Gaia DR3 1858877994789690880,17.58,17.83,17.10,1.2388,0.1206,True,True,False,http://localhost/download/files/ZTF18abnbndl_spec.tar.gz,http://localhost/download/plots/ZTF18abnbndl_plot.tar.gz
https://alerce.online/object/ZTF18abncanj,2018-08-16 08:02:41,324.25762,7.24604,https://simbad.u-strasbg.fr/simbad/sim-id?Ident=V%2A%20V444%20Peg,cataclyv*,0.339115,Gaia DR3 2701376099511002240,18.20,18.52,17.52,2.4371,0.1416,True,False,False,N/A,N/A
https://alerce.online/object/ZTF18abncell,2018-08-16 08:16:56,350.25182,49.77067,https://simbad.u-strasbg.fr/simbad/sim-id?Ident=MASTER%20OT%20J232100.42%2B494614.0,cataclyv*,0.13525,Gaia DR3 1943116807570569216,18.56,18.98,17.76,0.8177,0.1179,True,False,False,N/A,N/A
https://alerce.online/object/ZTF17aabuphg,2018-08-16 08:16:56,351.75870,50.12024,https://simbad.u-strasbg.fr/simbad/sim-id?Ident=AT%202024fhn,transient,0.073075,Gaia DR3 1943185527046658688,16.74,16.97,16.18,0.7264,0.0471,True,True,True,http://localhost/download/files/ZTF17aabuphg_spec.tar.gz,http://localhost/download/plots/ZTF17aabuphg_plot.tar.gz
https://alerce.online/object/ZTF17aabuuwn,2018-08-16 08:16:56,347.77467,47.57162,N/A,N/A,,Gaia DR3 1942280006202332544,19.91,19.42,18.47,1.7505,0.2685,True,False,False,N/A,N/A
https://alerce.online/object/ZTF17aaaenex,2018-08-16 08:21:23,356.23973,43.52284,https://simbad.u-strasbg.fr/simbad/sim-id?Ident=V%2A%20V704%20And,cataclyv*,0.261709,Gaia DR3 1925516856226108416,17.62,17.34,16.59,2.4320,0.0439,True,True,False,http://localhost/download/files/ZTF17aaaenex_spec.tar.gz,http://localhost/download/plots/ZTF17aaaenex_plot.tar.gz
https://alerce.online/object/ZTF18abnckew,2018-08-16 08:36:14,7.96572,20.34749,https://simbad.u-strasbg.fr/simbad/sim-id?Ident=2MASS%20J00315174%2B2020505,cataclyv*,0.365999,Gaia DR3 2796463449923353856,17.93,18.05,17.48,2.7078,0.1136,True,False,False,N/A,N/A
https://alerce.online/object/ZTF18abosmfh,2018-08-16 08:48:08,12.25627,56.87866,https://simbad.u-strasbg.fr/simbad/sim-id?Ident=V%2A%20GX%20Cas,cataclyv*,0.430102,Gaia DR3 423864245075612416,18.06,18.40,17.41,2.7071,0.1062,True,False,False,N/A,N/A
https://alerce.online/object/ZTF18abtcgjs,2018-08-16 08:50:50,3.25652,41.34417,https://simbad.u-strasbg.fr/simbad/sim-id?Ident=Gaia%20DR3%20383672490865801600,whitedwarf_candidate,0.45946,Gaia DR3 383672490865801600,19.67,19.60,19.32,1.8729,0.3496,True,False,False,N/A,N/A
https://alerce.online/object/ZTF18abncxka,2018-08-16 09:25:45,352.59870,74.75984,https://simbad.u-strasbg.fr/simbad/sim-id?Ident=MASTER%20OT%20J233023.63%2B744535.6,cataclyv*,0.280474,Gaia DR3 2232198137000471808,19.78,20.07,19.17,1.6488,0.2225,True,False,False,N/A,N/A
https://alerce.online/object/ZTF18aabezsz,2018-08-16 11:08:56,31.99321,48.57529,https://simbad.u-strasbg.fr/simbad/sim-id?Ident=GSC%2003285-01142,hotsubdwarf_candidate,0.933172,Gaia DR3 358062837831128064,13.81,13.84,13.59,2.3056,0.0223,True,True,True,http://localhost/download/files/ZTF18aabezsz_spec.tar.gz,http://localhost/download/plots/ZTF18aabezsz_plot.tar.gz
https://alerce.online/object/ZTF17aaaewmi,2018-08-16 11:08:56,31.25160,46.09389,https://simbad.u-strasbg.fr/simbad/sim-id?Ident=ASASSN%20-14gl,cataclyv*,0.252403,Gaia DR3 352941828064202368,17.64,17.82,17.23,0.9955,0.1098,True,True,True,http://localhost/download/files/ZTF17aaaewmi_spec.tar.gz,http://localhost/download/plots/ZTF17aaaewmi_plot.tar.gz
https://alerce.online/object/ZTF18aabtynl,2018-08-16 11:39:13,70.48612,50.70988,https://simbad.u-strasbg.fr/simbad/sim-id?Ident=V%2A%20FY%20Per,cataclyv*,0.554341,Gaia DR3 260194758089758976,12.40,12.61,12.05,2.9000,0.0161,True,True,False,http://localhost/download/files/ZTF18aabtynl_spec.tar.gz,http://localhost/download/plots/ZTF18aabtynl_plot.tar.gz
https://alerce.online/object/ZTF18abndocv,2018-08-16 11:46:24,27.99285,31.90570,https://simbad.u-strasbg.fr/simbad/sim-id?Ident=ASASSN%20-13dg,cataclyv*,4.262042,Gaia DR3 304447176229486336,17.67,17.94,17.12,0.7066,0.1324,True,False,False,N/A,N/A
https://alerce.online/object/ZTF18abnjtao,2018-08-17 04:31:15,279.09587,-25.14029,https://simbad.u-strasbg.fr/simbad/sim-id?Ident=ASASSN%20-19jj,cataclyv*,0.333087,Gaia DR3 4076607035541672192,18.68,16.32,15.72,1.5755,0.1869,True,False,False,N/A,N/A
https://alerce.online/object/ZTF18abnmtwb,2018-08-17 07:53:41,303.04674,-7.70433,N/A,N/A,,Gaia DR3 4216637542184063872,18.36,18.58,17.89,1.8208,0.1787,True,False,False,N/A,N/A
https://alerce.online/object/ZTF18abmlxrq,2018-08-18 03:56:23,272.71581,17.59944,https://simbad.u-strasbg.fr/simbad/sim-id?Ident=Gaia%20DR3%204526200711655400064,hotsubdwarf_candidate,0.219281,Gaia DR3 4526200711655400064,16.27,16.50,15.86,1.0753,0.0433,True,True,True,http://localhost/download/files/ZTF18abmlxrq_spec.tar.gz,http://localhost/download/plots/ZTF18abmlxrq_plot.tar.gz
https://alerce.online/object/ZTF18abnowur,2018-08-18 05:04:17,291.54505,-10.25843,https://simbad.u-strasbg.fr/simbad/sim-id?Ident=V%2A%20DH%20Aql,cataclyv*,0.184027,Gaia DR3 4200218019655998720,17.96,18.24,17.37,3.3271,0.1260,True,False,False,N/A,N/A
https://alerce.online/object/ZTF18abnowyq,2018-08-18 05:05:37,292.65859,-4.07757,N/A,N/A,,Gaia DR3 4213178749181647616,16.54,17.14,15.54,2.9768,0.4402,True,True,False,http://localhost/download/files/ZTF18abnowyq_spec.tar.gz,http://localhost/download/plots/ZTF18abnowyq_plot.tar.gz
https://alerce.online/object/ZTF18abnoxul,2018-08-18 05:05:37,291.32378,-5.33216,https://simbad.u-strasbg.fr/simbad/sim-id?Ident=ZTF%20J192517.70-051955.7,delsctv*,0.041119,Gaia DR3 4211488524932719488,19.12,19.62,18.27,1.7709,0.2795,True,False,False,N/A,N/A
https://alerce.online/object/ZTF18abmmszc,2018-08-18 07:56:34,318.01092,-6.27696,https://simbad.u-strasbg.fr/simbad/sim-id?Ident=ASASSN%20-16me,cataclyv*_candidate,0.301227,Gaia DR3 6910891658197578112,20.43,20.16,18.80,1.8054,0.3209,True,False,False,N/A,N/A
https://alerce.online/object/ZTF18abntzjv,2018-08-18 08:19:40,322.30600,37.80731,N/A,N/A,,Gaia DR3 1964174070148259712,16.90,16.50,15.87,0.8488,0.0786,True,True,False,http://localhost/download/files/ZTF18abntzjv_spec.tar.gz,http://localhost/download/plots/ZTF18abntzjv_plot.tar.gz
https://alerce.online/object/ZTF18abnubgb,2018-08-18 08:19:40,319.45156,42.15803,N/A,N/A,,Gaia DR3 1969068816741567104,18.22,18.78,17.52,1.0307,0.1117,True,False,False,N/A,N/A
https://alerce.online/object/ZTF18abnubpq,2018-08-18 08:21:43,292.67165,40.87363,https://simbad.u-strasbg.fr/simbad/sim-id?Ident=UCAC4%20655-074104,cataclyv*,0.083353,Gaia DR3 2053553885771329280,15.46,15.59,15.11,1.2976,0.0223,True,True,False,http://localhost/download/files/ZTF18abnubpq_spec.tar.gz,http://localhost/download/plots/ZTF18abnubpq_plot.tar.gz
https://alerce.online/object/ZTF18abmgjvw,2018-08-18 08:26:21,301.56459,10.66433,https://simbad.u-strasbg.fr/simbad/sim-id?Ident=SDSS%20J200615.50%2B103951.5,cataclyv*,0.049115,Gaia DR3 4300547145714039808,18.77,18.90,18.41,1.1157,0.1561,True,False,False,N/A,N/A
https://alerce.online/object/ZTF18abqcrzo,2018-08-18 08:27:02,296.28778,4.24993,N/A,N/A,,Gaia DR3 4290339795161031296,17.93,18.19,17.56,0.7137,0.1322,True,False,False,N/A,N/A
https://alerce.online/object/ZTF18abpnewe,2018-08-18 08:27:02,297.66480,5.93886,https://simbad.u-strasbg.fr/simbad/sim-id?Ident=ASASSN%20-15qr,cataclyv*,0.41419,Gaia DR3 4296770769961336448,18.86,19.09,18.31,0.9397,0.1717,True,False,False,N/A,N/A
https://alerce.online/object/ZTF18abnuite,2018-08-18 08:27:02,293.55388,6.68989,N/A,N/A,,Gaia DR3 4294843708355585152,16.76,16.87,16.15,1.0138,0.1009,True,True,False,http://localhost/download/files/ZTF18abnuite_spec.tar.gz,http://localhost/download/plots/ZTF18abnuite_plot.tar.gz
https://alerce.online/object/ZTF18abnuecx,2018-08-18 08:28:20,299.21220,-4.06839,https://simbad.u-strasbg.fr/simbad/sim-id?Ident=Gaia%20DR3%204221519541308025472,eclbin,2.802358,Gaia DR3 4221519545609452288,16.79,17.00,16.38,0.3988,0.0742,True,True,False,http://localhost/download/files/ZTF18abnuecx_spec.tar.gz,http://localhost/download/plots/ZTF18abnuecx_plot.tar.gz
https://alerce.online/object/ZTF18abnuqgg,2018-08-18 09:17:01,39.20378,58.61374,https://simbad.u-strasbg.fr/simbad/sim-id?Ident=Gaia%20DR3%20464223223815715712,eclbin,0.280893,Gaia DR3 464223223815715712,18.41,19.16,17.46,2.8721,0.1607,True,False,False,N/A,N/A
https://alerce.online/object/ZTF17aaarnyo,2018-08-18 11:14:11,51.67502,47.89574,https://simbad.u-strasbg.fr/simbad/sim-id?Ident=ZTF%20J032642.00%2B475344.6,cataclyv*,0.061789,Gaia DR3 249180434718225408,17.33,18.04,16.35,2.0620,0.0832,True,True,True,http://localhost/download/files/ZTF17aaarnyo_spec.tar.gz,http://localhost/download/plots/ZTF17aaarnyo_plot.tar.gz
https://alerce.online/object/ZTF18abnvglc,2018-08-18 11:17:00,53.70419,60.98895,N/A,N/A,,Gaia DR3 486462568774920064,18.51,18.74,17.91,2.2464,0.1381,True,False,False,N/A,N/A
https://alerce.online/object/ZTF18abnvggt,2018-08-18 11:17:43,61.56434,56.17924,https://simbad.u-strasbg.fr/simbad/sim-id?Ident=ATO%20J061.5643%2B56.1793,delsctv*,0.243585,Gaia DR3 468639171754289664,17.75,18.22,16.87,1.3369,0.2120,True,False,False,N/A,N/A
https://alerce.online/object/ZTF18abctymr,2018-08-19 07:36:54,324.52819,26.33263,https://simbad.u-strasbg.fr/simbad/sim-id?Ident=MASTER%20OT%20J213806.60%2B261957.0,cataclyv*,2.369367,Gaia DR3 1800384942558699008,15.64,15.67,15.30,10.0791,0.0374,True,True,True,http://localhost/download/files/ZTF18abctymr_spec.tar.gz,http://localhost/download/plots/ZTF18abctymr_plot.tar.gz
https://alerce.online/object/ZTF18abnyhvu,2018-08-19 08:40:40,322.76104,7.96926,https://simbad.u-strasbg.fr/simbad/sim-id?Ident=CRTS%20J213102.6%2B075810,eclbin,0.706953,Gaia DR3 1740929504119803264,18.15,18.68,17.41,2.5787,0.1409,True,False,False,N/A,N/A
https://alerce.online/object/ZTF18abskybm,2018-08-19 08:47:25,313.85621,28.54157,N/A,N/A,,Gaia DR3 1846271308004587264,14.09,14.22,13.50,7.8126,0.8228,True,True,False,http://localhost/download/files/ZTF18abskybm_spec.tar.gz,http://localhost/download/plots/ZTF18abskybm_plot.tar.gz
https://alerce.online/object/ZTF18abnyksy,2018-08-19 08:48:04,309.67988,19.10270,https://simbad.u-strasbg.fr/simbad/sim-id?Ident=ZTF%20J203843.16%2B190610.0,rscvnv*,0.25361,Gaia DR3 1812627897159845632,17.56,17.76,17.21,0.6954,0.0994,True,True,False,http://localhost/download/files/ZTF18abnyksy_spec.tar.gz,http://localhost/download/plots/ZTF18abnyksy_plot.tar.gz
https://alerce.online/object/ZTF18abmoeer,2018-08-19 09:11:00,336.62407,39.21907,N/A,N/A,,Gaia DR3 1908672887841764864,17.59,17.57,16.94,0.6795,0.0774,True,True,False,http://localhost/download/files/ZTF18abmoeer_spec.tar.gz,http://localhost/download/plots/ZTF18abmoeer_plot.tar.gz
https://alerce.online/object/ZTF18abnndda,2018-08-19 09:21:30,4.62649,43.95456,N/A,N/A,,Gaia DR3 385332405530224128,19.52,20.01,18.79,2.2007,0.2961,True,False,False,N/A,N/A
https://alerce.online/object/ZTF17aaakpyj,2018-08-19 09:22:09,8.89876,46.39785,https://simbad.u-strasbg.fr/simbad/sim-id?Ident=2MASS%20J00353571%2B4623524,cataclyv*,0.182146,Gaia DR3 389180322567909888,16.29,16.67,15.63,2.1048,0.0428,True,True,True,http://localhost/download/files/ZTF17aaakpyj_spec.tar.gz,http://localhost/download/plots/ZTF17aaakpyj_plot.tar.gz
https://alerce.online/object/ZTF18abnzaef,2018-08-19 09:27:48,354.70277,28.33190,https://simbad.u-strasbg.fr/simbad/sim-id?Ident=CRTS%20J233848.7%2B281955,cataclyv*,0.229617,Gaia DR3 2866189598275905152,18.23,18.53,17.66,1.4023,0.1481,True,False,False,N/A,N/A
https://alerce.online/object/ZTF17aabulaf,2018-08-19 09:28:27,350.78529,18.41628,https://simbad.u-strasbg.fr/simbad/sim-id?Ident=V%2A%20IP%20Peg,cataclyv*,1.13332,Gaia DR3 2824150286583562496,14.67,15.26,13.87,7.0930,0.0377,True,True,True,http://localhost/download/files/ZTF17aabulaf_spec.tar.gz,http://localhost/download/plots/ZTF17aabulaf_plot.tar.gz
https://alerce.online/object/ZTF18abnzbxh,2018-08-19 09:33:42,349.90031,36.78320,https://simbad.u-strasbg.fr/simbad/sim-id?Ident=AT%202021vdq,transient,0.190776,Gaia DR3 1913454217232996736,18.07,18.24,17.57,2.4588,0.1047,True,False,False,N/A,N/A
https://alerce.online/object/ZTF18abnzgak,2018-08-19 09:39:07,13.69295,61.36958,N/A,N/A,,Gaia DR3 427423325548026240,17.85,18.21,17.17,3.6663,0.0934,True,True,False,http://localhost/download/files/ZTF18abnzgak_spec.tar.gz,http://localhost/download/plots/ZTF18abnzgak_plot.tar.gz
https://alerce.online/object/ZTF18abotfmi,2018-08-19 09:43:33,40.71333,56.69195,https://simbad.u-strasbg.fr/simbad/sim-id?Ident=V%2A%20PT%20Per,cataclyv*,0.249686,Gaia DR3 454808969042727168,18.31,18.49,17.95,5.5223,0.1076,True,False,False,N/A,N/A
https://alerce.online/object/ZTF18abnzlcm,2018-08-19 09:51:04,9.61273,25.15695,https://simbad.u-strasbg.fr/simbad/sim-id?Ident=SDSS%20J003827.04%2B250925.0,cataclyv*,0.39347,Gaia DR3 2806802123399581056,18.63,18.90,17.94,1.9888,0.1714,True,False,False,N/A,N/A
https://alerce.online/object/ZTF18abnolsl,2018-08-19 10:14:41,40.72252,38.06757,https://simbad.u-strasbg.fr/simbad/sim-id?Ident=V%2A%20PV%20Per,cataclyv*,0.050036,Gaia DR3 333939449637095552,18.85,19.12,18.33,1.1742,0.2174,True,False,False,N/A,N/A
https://alerce.online/object/ZTF18aaadsir,2018-08-19 10:14:41,36.81628,43.62775,https://simbad.u-strasbg.fr/simbad/sim-id?Ident=Gaia%20DR3%20339722739065278720,whitedwarf_candidate,0.375176,Gaia DR3 339722739065278720,18.54,18.58,18.25,4.4568,0.1783,True,False,False,N/A,N/A
https://alerce.online/object/ZTF17aaafjsi,2018-08-19 10:24:52,22.99947,29.82277,https://simbad.u-strasbg.fr/simbad/sim-id?Ident=V%2A%20TT%20Tri,cataclyv*,0.208779,Gaia DR3 303221877895676672,15.26,15.39,14.97,1.7571,0.0316,True,True,True,http://localhost/download/files/ZTF17aaafjsi_spec.tar.gz,http://localhost/download/plots/ZTF17aaafjsi_plot.tar.gz
https://alerce.online/object/ZTF17aaaazob,2018-08-19 10:24:52,27.71470,33.43939,https://simbad.u-strasbg.fr/simbad/sim-id?Ident=RX%20J0150.8%2B3326,cataclyv*,0.095282,Gaia DR3 305760371070111872,17.80,18.02,17.39,1.3530,0.1140,True,False,False,N/A,N/A
https://alerce.online/object/ZTF17aaaswvx,2018-08-19 10:24:52,27.71470,33.43939,https://simbad.u-strasbg.fr/simbad/sim-id?Ident=RX%20J0150.8%2B3326,cataclyv*,0.090403,Gaia DR3 305760371070111872,17.80,18.02,17.39,1.3530,0.1140,True,False,False,N/A,N/A
https://alerce.online/object/ZTF17aaadxuf,2018-08-19 10:39:36,73.60571,43.47396,https://simbad.u-strasbg.fr/simbad/sim-id?Ident=ATO%20J073.6057%2B43.4739,variable*,0.330159,Gaia DR3 205252368208255488,16.85,17.88,15.73,6.9187,0.6631,True,True,False,http://localhost/download/files/ZTF17aaadxuf_spec.tar.gz,http://localhost/download/plots/ZTF17aaadxuf_plot.tar.gz
https://alerce.online/object/ZTF17aaaslpy,2018-08-19 10:45:50,71.64040,48.96537,https://simbad.u-strasbg.fr/simbad/sim-id?Ident=ASASSN%20-15rs,cataclyv*,0.253696,Gaia DR3 259018688664493312,16.86,17.22,16.28,1.7133,0.0654,True,True,True,http://localhost/download/files/ZTF17aaaslpy_spec.tar.gz,http://localhost/download/plots/ZTF17aaaslpy_plot.tar.gz
https://alerce.online/object/ZTF17aaaagyq,2018-08-19 10:45:50,71.64040,48.96537,https://simbad.u-strasbg.fr/simbad/sim-id?Ident=ASASSN%20-15rs,cataclyv*,0.246682,Gaia DR3 259018688664493312,16.86,17.22,16.28,1.7133,0.0654,True,True,True,http://localhost/download/files/ZTF17aaaagyq_spec.tar.gz,http://localhost/download/plots/ZTF17aaaagyq_plot.tar.gz
https://alerce.online/object/ZTF18aabfaoy,2018-08-19 10:48:37,44.83879,50.66332,N/A,N/A,,Gaia DR3 439634334188061568,17.87,17.91,16.90,0.7970,0.1064,True,False,False,N/A,N/A
https://alerce.online/object/ZTF18abnzufs,2018-08-19 10:52:52,41.50990,34.91892,https://simbad.u-strasbg.fr/simbad/sim-id?Ident=V%2A%20V872%20Per,cataclyv*,0.337842,Gaia DR3 140033495973219712,18.18,18.41,17.59,1.4481,0.1407,True,False,False,N/A,N/A
https://alerce.online/object/ZTF18abppgdj,2018-08-19 11:17:43,52.06626,61.42151,https://simbad.u-strasbg.fr/simbad/sim-id?Ident=AT%202019cbz,cataclyv*,0.240948,Gaia DR3 462713869228951424,18.22,18.40,17.92,4.0597,0.1282,True,True,True,http://localhost/download/files/ZTF18abppgdj_spec.tar.gz,http://localhost/download/plots/ZTF18abppgdj_plot.tar.gz
https://alerce.online/object/ZTF18aakticr,2018-08-20 04:15:14,228.38734,70.62289,https://simbad.u-strasbg.fr/simbad/sim-id?Ident=ZTF18aakticr,cataclyv*,0.831259,Gaia DR3 1694471835016084608,19.44,19.55,19.12,2.0247,0.2643,True,False,False,N/A,N/A
https://alerce.online/object/ZTF18abobptn,2018-08-20 07:32:32,299.32854,-9.32269,https://simbad.u-strasbg.fr/simbad/sim-id?Ident=V%2A%20UU%20Aql,cataclyv*,1.398707,Gaia DR3 4192167185053426560,16.11,16.58,15.34,3.2291,0.0501,True,True,True,http://localhost/download/files/ZTF18abobptn_spec.tar.gz,http://localhost/download/plots/ZTF18abobptn_plot.tar.gz
https://alerce.online/object/ZTF17aaadosk,2018-08-20 08:03:45,310.50185,4.31106,https://simbad.u-strasbg.fr/simbad/sim-id?Ident=2MASS%20J20420045%2B0418399,variable*,0.106733,Gaia DR3 1735111197825878400,17.85,17.51,17.07,0.6784,0.1161,True,False,False,N/A,N/A
https://alerce.online/object/ZTF18abvoyxh,2018-08-20 08:10:35,320.93654,36.92338,N/A,N/A,,Gaia DR3 1963782162978540160,16.40,16.43,16.01,0.6102,0.0345,True,True,False,http://localhost/download/files/ZTF18abvoyxh_spec.tar.gz,http://localhost/download/plots/ZTF18abvoyxh_plot.tar.gz
https://alerce.online/object/ZTF18aazrcyh,2018-08-20 08:24:14,299.59716,64.64535,N/A,N/A,,Gaia DR3 2247417645673164416,19.20,19.29,18.57,1.4434,0.1985,True,False,False,N/A,N/A
https://alerce.online/object/ZTF18aboclio,2018-08-20 08:43:12,308.17689,10.82630,https://simbad.u-strasbg.fr/simbad/sim-id?Ident=2MASS%20J20324243%2B1049347,whitedwarf,0.152194,Gaia DR3 1754525270341133312,17.44,17.65,16.95,3.3451,0.0933,True,True,True,http://localhost/download/files/ZTF18aboclio_spec.tar.gz,http://localhost/download/plots/ZTF18aboclio_plot.tar.gz
https://alerce.online/object/ZTF18abodmfy,2018-08-20 09:41:37,50.30958,61.09081,https://simbad.u-strasbg.fr/simbad/sim-id?Ident=V%2A%20FT%20Cam,cataclyv*,0.372574,Gaia DR3 463350318963210624,17.40,17.51,16.97,4.0336,0.0751,True,True,True,http://localhost/download/files/ZTF18abodmfy_spec.tar.gz,http://localhost/download/plots/ZTF18abodmfy_plot.tar.gz
https://alerce.online/object/ZTF17aabvzfd,2018-08-20 11:45:52,98.20543,45.49489,https://simbad.u-strasbg.fr/simbad/sim-id?Ident=ATO%20J098.2054%2B45.4949,pulsv*,0.171148,Gaia DR3 965530844531973760,16.58,16.67,16.31,0.6802,0.0700,True,True,True,http://localhost/download/files/ZTF17aabvzfd_spec.tar.gz,http://localhost/download/plots/ZTF17aabvzfd_plot.tar.gz
https://alerce.online/object/ZTF17aabshnt,2018-08-20 11:45:52,101.85689,49.26166,https://simbad.u-strasbg.fr/simbad/sim-id?Ident=1RXS%20J064725.3%2B491539,cataclyv*,0.561823,Gaia DR3 990916128476988928,17.33,17.50,16.88,3.5044,0.0907,True,True,True,http://localhost/download/files/ZTF17aabshnt_spec.tar.gz,http://localhost/download/plots/ZTF17aabshnt_plot.tar.gz
https://alerce.online/object/ZTF18aboerpv,2018-08-20 12:06:35,92.30993,36.86744,https://simbad.u-strasbg.fr/simbad/sim-id?Ident=ZTF%20J060914.37%2B365202.9,whitedwarf_candidate,0.063835,Gaia DR3 3453995450857025664,18.79,18.83,18.87,1.3643,0.2259,True,False,False,N/A,N/A
https://alerce.online/object/ZTF18aadtyut,2018-08-20 12:07:14,97.60906,41.79840,https://simbad.u-strasbg.fr/simbad/sim-id?Ident=Gaia%20DR3%20958364128959466624,whitedwarf,0.328577,Gaia DR3 958364128959466624,18.11,18.09,18.02,1.6011,0.1445,True,True,False,http://localhost/download/files/ZTF18aadtyut_spec.tar.gz,http://localhost/download/plots/ZTF18aadtyut_plot.tar.gz
https://alerce.online/object/ZTF18aadtgon,2018-08-20 12:07:14,97.60906,41.79841,https://simbad.u-strasbg.fr/simbad/sim-id?Ident=Gaia%20DR3%20958364128959466624,whitedwarf,0.28732,Gaia DR3 958364128959466624,18.11,18.09,18.02,1.6011,0.1445,True,True,False,http://localhost/download/files/ZTF18aadtgon_spec.tar.gz,http://localhost/download/plots/ZTF18aadtgon_plot.tar.gz
https://alerce.online/object/ZTF17aaaikoz,2018-08-20 12:07:55,107.85819,44.06802,https://simbad.u-strasbg.fr/simbad/sim-id?Ident=V%2A%20V808%20Aur,cataclyv*,0.496365,Gaia DR3 950114317120915840,16.76,16.92,16.19,4.6760,0.0742,True,True,True,http://localhost/download/files/ZTF17aaaikoz_spec.tar.gz,http://localhost/download/plots/ZTF17aaaikoz_plot.tar.gz
https://alerce.online/object/ZTF18abmfjdd,2018-08-21 05:04:06,302.36789,12.03451,N/A,N/A,,Gaia DR3 1802800324794194048,19.83,20.31,19.10,2.1056,0.4168,True,False,False,N/A,N/A
https://alerce.online/object/ZTF18aboksce,2018-08-21 07:21:43,299.49702,46.27999,https://simbad.u-strasbg.fr/simbad/sim-id?Ident=Gaia%2019asz,cataclyv*_candidate,0.152731,Gaia DR3 2085300016283506304,16.54,16.71,16.21,0.5514,0.0391,True,True,False,http://localhost/download/files/ZTF18aboksce_spec.tar.gz,http://localhost/download/plots/ZTF18aboksce_plot.tar.gz
https://alerce.online/object/ZTF18abskynw,2018-08-21 09:42:04,355.09863,12.62829,https://simbad.u-strasbg.fr/simbad/sim-id?Ident=V%2A%20HX%20Peg,cataclyv*,0.402365,Gaia DR3 2764037271473043584,14.28,14.41,13.88,1.6562,0.0309,True,True,False,http://localhost/download/files/ZTF18abskynw_spec.tar.gz,http://localhost/download/plots/ZTF18abskynw_plot.tar.gz
https://alerce.online/object/ZTF18abolzdh,2018-08-21 09:50:15,330.61287,40.23595,N/A,N/A,,Gaia DR3 1956625682306356096,18.69,18.78,17.70,1.4612,0.1604,True,False,False,N/A,N/A
https://alerce.online/object/ZTF18abolziw,2018-08-21 09:50:15,331.21115,40.14404,https://simbad.u-strasbg.fr/simbad/sim-id?Ident=Gaia%20DR3%201956566510538468224,cataclyv*,0.171447,Gaia DR3 1956566510538468224,18.50,18.65,18.09,2.2305,0.1265,True,False,False,N/A,N/A
https://alerce.online/object/ZTF18abombyd,2018-08-21 09:54:16,321.67637,47.65924,N/A,N/A,,Gaia DR3 1972505550806634496,14.55,15.01,13.52,6.8668,0.4831,True,True,False,http://localhost/download/files/ZTF18abombyd_spec.tar.gz,http://localhost/download/plots/ZTF18abombyd_plot.tar.gz
https://alerce.online/object/ZTF18aabfvtl,2018-08-21 10:19:13,32.37423,28.54130,https://simbad.u-strasbg.fr/simbad/sim-id?Ident=V%2A%20BS%20Tri,cataclyv*,0.483638,Gaia DR3 107522105369340800,17.87,18.09,17.35,3.6192,0.1068,True,False,False,N/A,N/A
https://alerce.online/object/ZTF18aaaeozg,2018-08-21 10:19:13,32.37423,28.54130,https://simbad.u-strasbg.fr/simbad/sim-id?Ident=V%2A%20BS%20Tri,cataclyv*,0.499543,Gaia DR3 107522105369340800,17.87,18.09,17.35,3.6192,0.1068,True,False,False,N/A,N/A
https://alerce.online/object/ZTF18abomvcg,2018-08-21 10:35:18,41.56678,62.28424,https://simbad.u-strasbg.fr/simbad/sim-id?Ident=V%2A%20V495%20Cas,cataclyv*,0.214178,Gaia DR3 465819512847722368,18.05,16.51,15.83,1.2288,0.0580,True,False,False,N/A,N/A
https://alerce.online/object/ZTF18abmplsh,2018-08-22 06:33:19,304.90507,21.49987,https://simbad.u-strasbg.fr/simbad/sim-id?Ident=Gaia%20DR3%201829123560875287296,star,0.343372,Gaia DR3 1829123560875287296,17.57,17.60,17.12,0.6170,0.0710,True,True,False,http://localhost/download/files/ZTF18abmplsh_spec.tar.gz,http://localhost/download/plots/ZTF18abmplsh_plot.tar.gz
https://alerce.online/object/ZTF18aboqywg,2018-08-22 06:55:45,294.84356,66.89658,https://simbad.u-strasbg.fr/simbad/sim-id?Ident=MASTER%20OT%20J193922.39%2B665346.0,cataclyv*,0.098281,Gaia DR3 2248871921597696256,19.24,19.39,18.83,1.0800,0.0889,True,False,False,N/A,N/A
https://alerce.online/object/ZTF18abmpqoa,2018-08-22 08:08:28,304.73028,16.61099,https://simbad.u-strasbg.fr/simbad/sim-id?Ident=Gaia%20DR3%201809050880897877888,hotsubdwarf_candidate,0.08133,Gaia DR3 1809050880897877888,16.18,16.25,15.98,0.7725,0.0445,True,True,True,http://localhost/download/files/ZTF18abmpqoa_spec.tar.gz,http://localhost/download/plots/ZTF18abmpqoa_plot.tar.gz
https://alerce.online/object/ZTF18abmpkkh,2018-08-22 08:08:28,303.26675,15.59615,https://simbad.u-strasbg.fr/simbad/sim-id?Ident=V%2A%20V1101%20Aql,cataclyv*,0.115672,Gaia DR3 1808517927003421056,14.85,14.88,14.53,1.4212,0.0230,True,True,False,http://localhost/download/files/ZTF18abmpkkh_spec.tar.gz,http://localhost/download/plots/ZTF18abmpkkh_plot.tar.gz
https://alerce.online/object/ZTF18aborsgp,2018-08-22 08:34:47,325.41839,5.12497,https://simbad.u-strasbg.fr/simbad/sim-id?Ident=SDSS%20J214140.43%2B050730.0,cataclyv*,0.619531,Gaia DR3 2698490156365025536,19.00,19.05,18.98,3.7131,0.2917,True,True,True,http://localhost/download/files/ZTF18aborsgp_spec.tar.gz,http://localhost/download/plots/ZTF18aborsgp_plot.tar.gz
https://alerce.online/object/ZTF18aboruiz,2018-08-22 08:40:53,315.42994,35.48542,N/A,N/A,,Gaia DR3 1868222473541659904,18.50,18.55,17.71,0.6522,0.1247,True,False,False,N/A,N/A
https://alerce.online/object/ZTF18aborwcz,2018-08-22 08:53:20,348.96298,72.29880,https://simbad.u-strasbg.fr/simbad/sim-id?Ident=NSV%2014473,cataclyv*,0.335037,Gaia DR3 2228385924025298688,16.37,16.95,15.61,2.1763,0.0445,True,True,False,http://localhost/download/files/ZTF18aborwcz_spec.tar.gz,http://localhost/download/plots/ZTF18aborwcz_plot.tar.gz
https://alerce.online/object/ZTF18abtyrpb,2018-08-22 09:36:25,355.60924,32.80546,https://simbad.u-strasbg.fr/simbad/sim-id?Ident=SDSS%20J234226.21%2B324819.8,cataclyv*,0.250821,Gaia DR3 2871939764914510976,17.25,17.47,16.84,1.7518,0.0893,True,True,True,http://localhost/download/files/ZTF18abtyrpb_spec.tar.gz,http://localhost/download/plots/ZTF18abtyrpb_plot.tar.gz
https://alerce.online/object/ZTF18abmrryp,2018-08-22 09:41:06,350.65288,48.47496,N/A,N/A,,Gaia DR3 1942748673036021632,18.41,18.61,17.95,1.1926,0.1492,True,False,False,N/A,N/A
https://alerce.online/object/ZTF18abodxsf,2018-08-22 09:41:45,355.93940,41.53877,https://simbad.u-strasbg.fr/simbad/sim-id?Ident=CRTS%20J234345.2%2B413221,eclbin,0.06436,Gaia DR3 1922033809544560256,17.13,17.42,16.77,0.3658,0.0717,True,True,False,http://localhost/download/files/ZTF18abodxsf_spec.tar.gz,http://localhost/download/plots/ZTF18abodxsf_plot.tar.gz
https://alerce.online/object/ZTF18abscjux,2018-08-22 09:45:06,9.34920,57.40992,https://simbad.u-strasbg.fr/simbad/sim-id?Ident=Lan%20235,uv,3.369569,Gaia DR3 424803846477628928,14.96,14.98,14.51,1.0531,0.0299,True,True,False,http://localhost/download/files/ZTF18abscjux_spec.tar.gz,http://localhost/download/plots/ZTF18abscjux_plot.tar.gz
https://alerce.online/object/ZTF18aboskxl,2018-08-22 09:45:06,8.51167,56.41363,N/A,N/A,,Gaia DR3 418676130734240768,17.61,17.69,16.65,0.9416,0.1534,True,True,False,http://localhost/download/files/ZTF18aboskxl_spec.tar.gz,http://localhost/download/plots/ZTF18aboskxl_plot.tar.gz
https://alerce.online/object/ZTF18aboslwj,2018-08-22 09:46:31,19.08115,57.00790,https://simbad.u-strasbg.fr/simbad/sim-id?Ident=Gaia%20DR3%20413322333748126592,whitedwarf,1.299493,Gaia DR3 413322333748126592,17.61,17.64,17.49,7.0629,0.0868,True,True,False,http://localhost/download/files/ZTF18aboslwj_spec.tar.gz,http://localhost/download/plots/ZTF18aboslwj_plot.tar.gz
https://alerce.online/object/ZTF18abscpyf,2018-08-22 09:55:34,7.52408,26.29058,https://simbad.u-strasbg.fr/simbad/sim-id?Ident=V%2A%20PX%20And,cataclyv*,0.514481,Gaia DR3 2807841432470056448,14.85,14.93,14.59,1.3873,0.0260,True,True,True,http://localhost/download/files/ZTF18abscpyf_spec.tar.gz,http://localhost/download/plots/ZTF18abscpyf_plot.tar.gz
https://alerce.online/object/ZTF18aabeyum,2018-08-22 10:10:24,59.07911,42.99419,https://simbad.u-strasbg.fr/simbad/sim-id?Ident=ATO%20J059.0791%2B42.9942,pulsv*,0.291923,Gaia DR3 231501181095152640,16.86,17.10,16.18,1.2292,0.0652,True,True,True,http://localhost/download/files/ZTF18aabeyum_spec.tar.gz,http://localhost/download/plots/ZTF18aabeyum_plot.tar.gz
https://alerce.online/object/ZTF18aaaknud,2018-08-22 10:10:24,59.07911,42.99420,https://simbad.u-strasbg.fr/simbad/sim-id?Ident=ATO%20J059.0791%2B42.9942,pulsv*,0.268338,Gaia DR3 231501181095152640,16.86,17.10,16.18,1.2292,0.0652,True,True,True,http://localhost/download/files/ZTF18aaaknud_spec.tar.gz,http://localhost/download/plots/ZTF18aaaknud_plot.tar.gz
https://alerce.online/object/ZTF18abryuah,2018-08-22 10:14:32,35.74594,43.65359,N/A,N/A,,Gaia DR3 339807886791366912,19.52,19.57,18.39,2.7054,0.1765,True,False,False,N/A,N/A
https://alerce.online/object/ZTF17aaaeoeh,2018-08-22 11:19:20,13.07500,53.86390,https://simbad.u-strasbg.fr/simbad/sim-id?Ident=V%2A%20V452%20Cas,cataclyv*,0.117523,Gaia DR3 417250162933131648,18.53,18.72,18.01,1.2957,0.1292,True,True,True,http://localhost/download/files/ZTF17aaaeoeh_spec.tar.gz,http://localhost/download/plots/ZTF17aaaeoeh_plot.tar.gz
https://alerce.online/object/ZTF17aadekbz,2018-08-23 10:46:25,88.04743,29.51176,N/A,N/A,,Gaia DR3 3443855411025998336,16.83,16.94,16.37,0.6761,0.0587,True,True,False,http://localhost/download/files/ZTF17aadekbz_spec.tar.gz,http://localhost/download/plots/ZTF17aadekbz_plot.tar.gz
https://alerce.online/object/ZTF17aadnmap,2018-08-23 12:18:02,93.93303,28.58566,https://simbad.u-strasbg.fr/simbad/sim-id?Ident=V%2A%20KR%20Aur,cataclyv*,0.216997,Gaia DR3 3436435910858051200,18.61,18.90,18.03,2.2451,0.2355,True,False,False,N/A,N/A
https://alerce.online/object/ZTF18abpmnvf,2018-08-24 05:29:03,271.90764,23.13993,https://simbad.u-strasbg.fr/simbad/sim-id?Ident=Gaia%20DR3%204578263751161763072,whitedwarf_candidate,0.375966,Gaia DR3 4578263751161763072,18.49,18.64,18.27,4.9766,0.1343,True,False,False,N/A,N/A
https://alerce.online/object/ZTF18abpoeas,2018-08-24 08:52:08,299.14734,9.01140,N/A,N/A,,Gaia DR3 4299902904926112512,16.76,16.84,16.54,0.5945,0.0600,True,True,False,http://localhost/download/files/ZTF18abpoeas_spec.tar.gz,http://localhost/download/plots/ZTF18abpoeas_plot.tar.gz
https://alerce.online/object/ZTF17aabwudj,2018-08-24 12:08:01,78.22516,31.04421,https://simbad.u-strasbg.fr/simbad/sim-id?Ident=LAMOST%20J051254.04%2B310239.2,cataclyv*,0.162564,Gaia DR3 180440857532103552,15.86,16.06,15.48,0.9416,0.0489,True,True,True,http://localhost/download/files/ZTF17aabwudj_spec.tar.gz,http://localhost/download/plots/ZTF17aabwudj_plot.tar.gz
https://alerce.online/object/ZTF17aaacqrw,2018-08-24 12:08:01,78.22515,31.04422,https://simbad.u-strasbg.fr/simbad/sim-id?Ident=LAMOST%20J051254.04%2B310239.2,cataclyv*,0.114832,Gaia DR3 180440857532103552,15.86,16.06,15.48,0.9416,0.0489,True,True,True,http://localhost/download/files/ZTF17aaacqrw_spec.tar.gz,http://localhost/download/plots/ZTF17aaacqrw_plot.tar.gz
https://alerce.online/object/ZTF18abpprfq,2018-08-24 12:17:31,93.82659,49.37590,N/A,N/A,,Gaia DR3 969380410836277504,18.37,18.47,17.56,2.7278,0.1262,True,False,False,N/A,N/A
https://alerce.online/object/ZTF18abrbbxb,2018-08-25 10:19:44,357.38930,73.94823,N/A,N/A,,Gaia DR3 2228945330630787712,18.72,19.59,17.63,1.8506,0.1393,True,False,False,N/A,N/A
https://alerce.online/object/ZTF18abqanvl,2018-08-25 11:29:15,29.67087,-6.47824,https://simbad.u-strasbg.fr/simbad/sim-id?Ident=PB%20%208964,whitedwarf,0.225977,Gaia DR3 2466766946939761280,16.91,16.92,16.80,3.5487,0.0751,True,True,False,http://localhost/download/files/ZTF18abqanvl_spec.tar.gz,http://localhost/download/plots/ZTF18abqanvl_plot.tar.gz
https://alerce.online/object/ZTF17aaacdos,2018-08-25 12:16:02,73.32030,38.27456,https://simbad.u-strasbg.fr/simbad/sim-id?Ident=V%2A%20HV%20Aur,cataclyv*,0.214314,Gaia DR3 198697045521704448,19.18,19.22,18.32,2.0940,0.1057,True,False,False,N/A,N/A
https://alerce.online/object/ZTF17aaahedh,2018-08-26 10:41:39,94.62129,35.59792,https://simbad.u-strasbg.fr/simbad/sim-id?Ident=PS1-12et,star,0.173325,Gaia DR3 3452790523550300288,17.07,17.19,16.59,0.7666,0.0782,True,True,False,http://localhost/download/files/ZTF17aaahedh_spec.tar.gz,http://localhost/download/plots/ZTF17aaahedh_plot.tar.gz
https://alerce.online/object/ZTF17aaasklh,2018-08-26 12:18:43,94.18010,15.40310,https://simbad.u-strasbg.fr/simbad/sim-id?Ident=V%2A%20CZ%20Ori,cataclyv*,0.145186,Gaia DR3 3345033985983457920,15.82,16.27,15.12,1.9598,0.0543,True,True,True,http://localhost/download/files/ZTF17aaasklh_spec.tar.gz,http://localhost/download/plots/ZTF17aaasklh_plot.tar.gz
https://alerce.online/object/ZTF17aacklbl,2018-08-26 12:18:43,94.18009,15.40310,https://simbad.u-strasbg.fr/simbad/sim-id?Ident=V%2A%20CZ%20Ori,cataclyv*,0.125486,Gaia DR3 3345033985983457920,15.82,16.27,15.12,1.9598,0.0543,True,True,True,http://localhost/download/files/ZTF17aacklbl_spec.tar.gz,http://localhost/download/plots/ZTF17aacklbl_plot.tar.gz
https://alerce.online/object/ZTF18abtnuox,2018-08-28 05:03:35,285.14216,29.35915,N/A,N/A,,Gaia DR3 2040790582998889344,16.36,16.54,16.00,0.9790,0.0379,True,True,True,http://localhost/download/files/ZTF18abtnuox_spec.tar.gz,http://localhost/download/plots/ZTF18abtnuox_plot.tar.gz
https://alerce.online/object/ZTF18abrbbow,2018-08-28 09:51:00,4.24187,52.25400,https://simbad.u-strasbg.fr/simbad/sim-id?Ident=Gaia%20DR3%20395159501166688128,star,0.087241,Gaia DR3 395159501166688128,17.29,17.43,17.06,0.5317,0.0766,True,True,True,http://localhost/download/files/ZTF18abrbbow_spec.tar.gz,http://localhost/download/plots/ZTF18abrbbow_plot.tar.gz
https://alerce.online/object/ZTF18abrnidq,2018-08-29 06:00:18,278.54907,-12.86333,N/A,N/A,,Gaia DR3 4104907197861479168,17.26,17.59,16.75,0.6630,0.0916,True,True,False,http://localhost/download/files/ZTF18abrnidq_spec.tar.gz,http://localhost/download/plots/ZTF18abrnidq_plot.tar.gz
https://alerce.online/object/ZTF17aaboszk,2018-08-29 07:34:12,343.57300,7.70752,https://simbad.u-strasbg.fr/simbad/sim-id?Ident=GALEX%20J225417.5%2B074228,cataclyv*,0.434743,Gaia DR3 2712901249112064384,19.18,19.24,18.73,2.4544,0.2533,True,True,True,http://localhost/download/files/ZTF17aaboszk_spec.tar.gz,http://localhost/download/plots/ZTF17aaboszk_plot.tar.gz
https://alerce.online/object/ZTF18abuqmyr,2018-08-29 12:08:23,97.21133,12.82219,N/A,N/A,,Gaia DR3 3331511543446717056,17.18,17.38,16.73,0.4896,0.0920,True,True,False,http://localhost/download/files/ZTF18abuqmyr_spec.tar.gz,http://localhost/download/plots/ZTF18abuqmyr_plot.tar.gz
https://alerce.online/object/ZTF18absictt,2018-08-30 04:00:22,272.60595,19.52460,https://simbad.u-strasbg.fr/simbad/sim-id?Ident=Gaia%2018ama,cataclyv*,0.015432,Gaia DR3 4527435978604262528,18.60,18.76,18.18,1.1448,0.1637,True,True,False,http://localhost/download/files/ZTF18absictt_spec.tar.gz,http://localhost/download/plots/ZTF18absictt_plot.tar.gz
https://alerce.online/object/ZTF18abrxebz,2018-08-30 05:12:16,277.18847,15.94429,https://simbad.u-strasbg.fr/simbad/sim-id?Ident=Gaia%20DR3%204522187043237042816,eclbin,0.265383,Gaia DR3 4522187043237042816,19.02,19.68,18.25,3.0723,0.2481,True,False,False,N/A,N/A
https://alerce.online/object/ZTF18abrxlbd,2018-08-30 06:01:02,293.62703,2.01951,https://simbad.u-strasbg.fr/simbad/sim-id?Ident=ASASSN%20-19sg,cataclyv*,0.401003,Gaia DR3 4288093870860070272,18.69,19.21,18.02,2.6122,0.2460,True,False,False,N/A,N/A
https://alerce.online/object/ZTF18abrxtii,2018-08-30 06:37:31,298.12977,37.33706,https://simbad.u-strasbg.fr/simbad/sim-id?Ident=ZTF18abrxtii,cataclyv*,0.163899,Gaia DR3 2072080137010352768,19.04,19.34,18.41,3.1133,0.1679,True,True,False,http://localhost/download/files/ZTF18abrxtii_spec.tar.gz,http://localhost/download/plots/ZTF18abrxtii_plot.tar.gz
https://alerce.online/object/ZTF18abpnstw,2018-08-30 08:28:11,2.97123,-6.79417,https://simbad.u-strasbg.fr/simbad/sim-id?Ident=2MASS%20J00115308-0647392,cataclyv*,0.324259,Gaia DR3 2443219535337313280,17.18,17.63,16.54,2.0658,0.0835,True,True,False,http://localhost/download/files/ZTF18abpnstw_spec.tar.gz,http://localhost/download/plots/ZTF18abpnstw_plot.tar.gz
https://alerce.online/object/ZTF18abrymfz,2018-08-30 08:35:36,316.99213,-5.29493,https://simbad.u-strasbg.fr/simbad/sim-id?Ident=V%2A%20HU%20Aqr,cataclyv*,1.710059,Gaia DR3 6911950900211768704,16.43,16.66,15.87,5.2354,0.0457,True,True,True,http://localhost/download/files/ZTF18abrymfz_spec.tar.gz,http://localhost/download/plots/ZTF18abrymfz_plot.tar.gz
https://alerce.online/object/ZTF18abvwqba,2018-08-30 08:35:36,316.83711,-2.36265,https://simbad.u-strasbg.fr/simbad/sim-id?Ident=GALEX%20J210720.8-022145,whitedwarf_candidate,0.288782,Gaia DR3 6916066196140198784,18.61,18.64,18.46,4.5776,0.2526,True,False,False,N/A,N/A
https://alerce.online/object/ZTF18abrynkw,2018-08-30 08:37:35,298.29637,-9.22464,https://simbad.u-strasbg.fr/simbad/sim-id?Ident=Gaia%20DR3%204195118965755393536,star,0.106923,Gaia DR3 4195118965755393536,16.49,16.59,16.29,0.6226,0.0707,True,True,False,http://localhost/download/files/ZTF18abrynkw_spec.tar.gz,http://localhost/download/plots/ZTF18abrynkw_plot.tar.gz
https://alerce.online/object/ZTF18abrynqp,2018-08-30 08:39:03,330.32158,26.74592,N/A,N/A,,Gaia DR3 1892725399392626688,17.36,17.67,16.87,0.4784,0.0878,True,True,False,http://localhost/download/files/ZTF18abrynqp_spec.tar.gz,http://localhost/download/plots/ZTF18abrynqp_plot.tar.gz
https://alerce.online/object/ZTF18abvbruc,2018-08-30 08:41:46,322.35850,37.36957,N/A,N/A,,Gaia DR3 1952130908835601280,18.37,18.54,17.73,1.3693,0.1165,True,False,False,N/A,N/A
https://alerce.online/object/ZTF18abrypws,2018-08-30 09:35:55,357.53872,-26.38130,https://simbad.u-strasbg.fr/simbad/sim-id?Ident=V%2A%20VZ%20Scl,cataclyv*,0.491169,Gaia DR3 2337436792938619392,15.43,15.51,15.10,1.7354,0.0408,True,False,False,N/A,N/A
https://alerce.online/object/ZTF18aabvojf,2018-08-30 12:20:55,110.67012,28.50454,https://simbad.u-strasbg.fr/simbad/sim-id?Ident=V%2A%20AW%20Gem,cataclyv*,0.246614,Gaia DR3 885139502111245312,19.06,19.40,18.53,1.8569,0.2141,True,False,False,N/A,N/A
https://alerce.online/object/ZTF18abvgqvh,2018-08-31 03:13:21,269.03214,26.92629,https://simbad.u-strasbg.fr/simbad/sim-id?Ident=CRTS%20CSS150512%20J175608%2B265535,cataclyv*,0.207374,Gaia DR3 4583701768172146944,18.77,18.91,18.56,0.9307,0.1531,True,False,False,N/A,N/A
https://alerce.online/object/ZTF18abntuxk,2018-08-31 04:34:51,276.58204,26.29803,N/A,N/A,,Gaia DR3 4584923424371368832,18.70,19.62,17.62,2.7349,0.1742,True,False,False,N/A,N/A
https://alerce.online/object/ZTF18absaltc,2018-08-31 05:24:40,313.49102,23.56834,N/A,N/A,,Gaia DR3 1842553511290318464,17.76,17.81,17.00,1.5886,0.0802,True,False,False,N/A,N/A
https://alerce.online/object/ZTF18absaooo,2018-08-31 05:28:01,310.12521,27.79962,https://simbad.u-strasbg.fr/simbad/sim-id?Ident=ZTF%20J204030.06%2B274758.5,eclbin,0.248716,Gaia DR3 1856463123659343488,14.29,14.44,13.69,2.1156,0.1478,True,True,False,http://localhost/download/files/ZTF18absaooo_spec.tar.gz,http://localhost/download/plots/ZTF18absaooo_plot.tar.gz
https://alerce.online/object/ZTF18abbcltr,2018-08-31 07:22:30,335.12516,36.43270,N/A,N/A,,Gaia DR3 1906761524317422080,15.28,15.40,14.45,3.7870,0.5535,True,True,False,http://localhost/download/files/ZTF18abbcltr_spec.tar.gz,http://localhost/download/plots/ZTF18abbcltr_plot.tar.gz
https://alerce.online/object/ZTF18abmwrbh,2018-08-31 09:18:28,354.49674,43.14747,https://simbad.u-strasbg.fr/simbad/sim-id?Ident=2MASS%20J23375921%2B4308509,cataclyv*,0.136092,Gaia DR3 1925596502097065344,16.20,16.36,15.83,1.1741,0.0475,True,True,True,http://localhost/download/files/ZTF18abmwrbh_spec.tar.gz,http://localhost/download/plots/ZTF18abmwrbh_plot.tar.gz
https://alerce.online/object/ZTF18abscetf,2018-08-31 09:22:35,334.62312,39.81042,https://simbad.u-strasbg.fr/simbad/sim-id?Ident=Gaia%2015abh,cataclyv*_candidate,0.247409,Gaia DR3 1956939627235448704,17.85,18.08,17.33,1.0172,0.0813,True,False,False,N/A,N/A
https://alerce.online/object/ZTF18abscjjj,2018-08-31 09:52:36,295.50428,78.26467,N/A,N/A,,Gaia DR3 2291546128237907200,19.13,19.12,18.42,0.8863,0.1541,True,False,False,N/A,N/A
https://alerce.online/object/ZTF18abscjio,2018-08-31 09:53:51,25.76943,26.64255,https://simbad.u-strasbg.fr/simbad/sim-id?Ident=CRTS%20J014304.7%2B263833,cataclyv*,0.120639,Gaia DR3 292643407804526208,17.56,17.77,17.12,1.5229,0.0891,True,True,True,http://localhost/download/files/ZTF18abscjio_spec.tar.gz,http://localhost/download/plots/ZTF18abscjio_plot.tar.gz
https://alerce.online/object/ZTF18absclsl,2018-08-31 10:07:47,32.01760,37.53791,https://simbad.u-strasbg.fr/simbad/sim-id?Ident=CRTS%20J020804.2%2B373217,cataclyv*,0.116574,Gaia DR3 332163841438871424,17.77,17.89,17.46,2.1593,0.1130,True,False,False,N/A,N/A
https://alerce.online/object/ZTF18abscqxv,2018-08-31 10:37:48,28.40881,50.13576,https://simbad.u-strasbg.fr/simbad/sim-id?Ident=ATO%20J028.4088%2B50.1358,eclbin,0.180657,Gaia DR3 357910997850627072,17.91,18.29,17.22,0.8207,0.1473,True,False,False,N/A,N/A
https://alerce.online/object/ZTF18aabidkf,2018-08-31 11:50:11,94.02190,74.87260,N/A,N/A,,Gaia DR3 1116058315702198400,18.96,19.09,18.18,1.5998,0.1506,True,False,False,N/A,N/A
https://alerce.online/object/ZTF17aabvyeq,2018-08-31 12:22:28,100.12233,11.61427,N/A,N/A,,Gaia DR3 3351871883154961024,17.44,18.32,16.64,1.9757,0.1531,True,True,False,http://localhost/download/files/ZTF17aabvyeq_spec.tar.gz,http://localhost/download/plots/ZTF17aabvyeq_plot.tar.gz
https://alerce.online/object/ZTF18abuycei,2018-08-31 12:22:28,102.05772,12.61886,https://simbad.u-strasbg.fr/simbad/sim-id?Ident=ATO%20J102.0576%2B12.6188,delsctv*,0.135902,Gaia DR3 3351756095131581440,17.42,17.50,16.62,2.3488,0.4111,True,True,False,http://localhost/download/files/ZTF18abuycei_spec.tar.gz,http://localhost/download/plots/ZTF18abuycei_plot.tar.gz
https://alerce.online/object/ZTF18absddja,2018-09-01 03:32:15,271.48443,8.70389,N/A,N/A,,Gaia DR3 4482222441267775232,18.45,18.91,17.66,2.9220,0.2347,True,False,False,N/A,N/A
https://alerce.online/object/ZTF18abindwm,2018-09-01 04:01:39,286.76168,-15.92394,https://simbad.u-strasbg.fr/simbad/sim-id?Ident=Gaia%20DR3%204088842126031696768,star,0.366897,Gaia DR3 4088842126031696768,16.84,16.75,16.38,0.5915,0.0755,True,False,False,N/A,N/A
https://alerce.online/object/ZTF18abtvtvf,2018-09-01 06:01:45,307.54164,-13.33246,N/A,N/A,,Gaia DR3 6876617647377849472,17.36,17.66,16.89,0.6225,0.0860,True,True,False,http://localhost/download/files/ZTF18abtvtvf_spec.tar.gz,http://localhost/download/plots/ZTF18abtvtvf_plot.tar.gz
https://alerce.online/object/ZTF18absgnqy,2018-09-01 06:23:10,349.01509,-5.45252,https://simbad.u-strasbg.fr/simbad/sim-id?Ident=V%2A%20V358%20Aqr,cataclyv*,0.180159,Gaia DR3 2632268220291434624,18.65,19.45,17.61,1.6162,0.2448,True,True,True,http://localhost/download/files/ZTF18absgnqy_spec.tar.gz,http://localhost/download/plots/ZTF18absgnqy_plot.tar.gz
https://alerce.online/object/ZTF17aacpvmc,2018-09-01 11:20:33,23.33002,8.62372,https://simbad.u-strasbg.fr/simbad/sim-id?Ident=SDSS%20J013319.19%2B083725.3,qso,0.213466,Gaia DR3 2566745436174269696,19.96,20.35,19.06,2.2865,0.3536,True,False,False,N/A,N/A
https://alerce.online/object/ZTF18abrwqal,2018-09-02 03:34:28,252.45995,3.97625,https://simbad.u-strasbg.fr/simbad/sim-id?Ident=CRTS%20J164950.4%2B035835,cataclyv*,0.015194,Gaia DR3 4386357538567811456,18.66,18.84,18.37,2.4030,0.1861,True,False,False,N/A,N/A
https://alerce.online/object/ZTF18abshzcw,2018-09-02 04:01:40,263.92569,-15.47650,N/A,N/A,,Gaia DR3 4125130854465924736,17.44,17.69,17.04,0.5931,0.0906,True,True,False,http://localhost/download/files/ZTF18abshzcw_spec.tar.gz,http://localhost/download/plots/ZTF18abshzcw_plot.tar.gz
https://alerce.online/object/ZTF18absiezn,2018-09-02 04:30:52,290.68908,-9.09525,N/A,N/A,,Gaia DR3 4200668407108206592,14.55,14.92,13.43,6.6861,0.7409,True,False,False,N/A,N/A
https://alerce.online/object/ZTF18abnleyf,2018-09-02 04:33:30,289.76063,0.52464,N/A,N/A,,Gaia DR3 4264379604074560256,16.05,16.18,15.75,0.7072,0.0471,True,False,False,N/A,N/A
https://alerce.online/object/ZTF18absigwe,2018-09-02 04:37:30,300.40082,7.11280,https://simbad.u-strasbg.fr/simbad/sim-id?Ident=Gaia%20DR3%204297191784130489216,star,0.249906,Gaia DR3 4297191784130489216,16.84,16.93,16.65,0.5522,0.0721,True,True,False,http://localhost/download/files/ZTF18absigwe_spec.tar.gz,http://localhost/download/plots/ZTF18absigwe_plot.tar.gz
https://alerce.online/object/ZTF18absijmo,2018-09-02 04:41:00,298.76173,44.61609,N/A,N/A,,Gaia DR3 2079093956034387968,18.91,19.25,18.19,0.9679,0.1394,True,False,False,N/A,N/A
https://alerce.online/object/ZTF18abskpen,2018-09-02 06:56:04,318.03866,-8.82697,https://simbad.u-strasbg.fr/simbad/sim-id?Ident=V%2A%20VY%20Aqr,cataclyv*,0.5097,Gaia DR3 6896767366186700416,16.82,16.94,16.38,7.0526,0.0925,True,True,True,http://localhost/download/files/ZTF18abskpen_spec.tar.gz,http://localhost/download/plots/ZTF18abskpen_plot.tar.gz
https://alerce.online/object/ZTF18abutqsh,2018-09-02 07:03:45,299.72181,-15.64283,N/A,N/A,,Gaia DR3 6877373492904575232,18.64,18.93,18.09,0.7713,0.1301,True,False,False,N/A,N/A
https://alerce.online/object/ZTF18abscxct,2018-09-02 09:51:05,65.88705,74.88060,https://simbad.u-strasbg.fr/simbad/sim-id?Ident=HS%200417%2B7445,cataclyv*,0.251471,Gaia DR3 550106214500410112,17.56,17.77,16.88,3.3581,0.0931,True,True,True,http://localhost/download/files/ZTF18abscxct_spec.tar.gz,http://localhost/download/plots/ZTF18abscxct_plot.tar.gz
https://alerce.online/object/ZTF17aaahfst,2018-09-02 12:13:25,70.20953,68.34348,N/A,N/A,,Gaia DR3 495853463226964352,14.68,14.86,14.36,1.8762,0.0213,True,True,False,http://localhost/download/files/ZTF17aaahfst_spec.tar.gz,http://localhost/download/plots/ZTF17aaahfst_plot.tar.gz
https://alerce.online/object/ZTF17aaabeuk,2018-09-02 12:15:27,72.38099,53.23772,N/A,N/A,,Gaia DR3 273045918715054464,18.27,18.21,17.13,0.6866,0.0902,True,False,False,N/A,N/A
https://alerce.online/object/ZTF18abdyukt,2018-09-03 03:07:53,257.07943,-25.80900,https://simbad.u-strasbg.fr/simbad/sim-id?Ident=V%2A%20V2051%20Oph,cataclyv*,0.750738,Gaia DR3 4111991385628196224,15.37,15.50,14.88,9.2063,0.0366,True,True,True,http://localhost/download/files/ZTF18abdyukt_spec.tar.gz,http://localhost/download/plots/ZTF18abdyukt_plot.tar.gz
https://alerce.online/object/ZTF18aaqljwl,2018-09-03 03:20:59,214.04816,70.17362,N/A,N/A,,Gaia DR3 1674163546013411328,18.24,18.70,17.45,1.0083,0.1091,True,False,False,N/A,N/A
https://alerce.online/object/ZTF18absmydq,2018-09-03 05:04:28,282.35711,17.50840,https://simbad.u-strasbg.fr/simbad/sim-id?Ident=Gaia%20DR3%204511417915277119616,star,0.309054,Gaia DR3 4511417915277119616,17.31,17.47,17.02,0.4559,0.0747,True,True,False,http://localhost/download/files/ZTF18absmydq_spec.tar.gz,http://localhost/download/plots/ZTF18absmydq_plot.tar.gz
https://alerce.online/object/ZTF18abvicmn,2018-09-03 05:30:58,301.53660,19.22919,N/A,N/A,,Gaia DR3 1822575389309423232,19.31,19.15,18.80,1.2391,0.1951,True,False,False,N/A,N/A
https://alerce.online/object/ZTF18absnnsr,2018-09-03 05:53:59,297.27699,77.73972,https://simbad.u-strasbg.fr/simbad/sim-id?Ident=V%2A%20AB%20Dra,cataclyv*,0.392126,Gaia DR3 2291308397504739968,14.47,14.62,14.10,2.4943,0.0176,True,True,False,http://localhost/download/files/ZTF18absnnsr_spec.tar.gz,http://localhost/download/plots/ZTF18absnnsr_plot.tar.gz
https://alerce.online/object/ZTF22aaeeiku,2018-09-03 05:53:59,297.27705,77.73972,https://simbad.u-strasbg.fr/simbad/sim-id?Ident=V%2A%20AB%20Dra,cataclyv*,0.377386,Gaia DR3 2291308397504739968,14.47,14.62,14.10,2.4943,0.0176,True,True,False,http://localhost/download/files/ZTF22aaeeiku_spec.tar.gz,http://localhost/download/plots/ZTF22aaeeiku_plot.tar.gz
https://alerce.online/object/ZTF18absnqxs,2018-09-03 06:04:12,315.89407,23.69120,https://simbad.u-strasbg.fr/simbad/sim-id?Ident=2MASS%20J21033457%2B2341283,cataclyv*,0.214765,Gaia DR3 1839419422113114240,18.44,19.03,17.70,0.9450,0.1504,True,False,False,N/A,N/A
https://alerce.online/object/ZTF18absnriv,2018-09-03 06:04:12,313.93293,24.00929,https://simbad.u-strasbg.fr/simbad/sim-id?Ident=ASASSN-V%20J205543.90%2B240033.5,variable*,0.065238,Gaia DR3 1842597079437126144,17.22,17.28,16.90,0.5891,0.0820,True,True,False,http://localhost/download/files/ZTF18absnriv_spec.tar.gz,http://localhost/download/plots/ZTF18absnriv_plot.tar.gz
https://alerce.online/object/ZTF18absnrmu,2018-09-03 06:04:51,309.17814,17.47993,https://simbad.u-strasbg.fr/simbad/sim-id?Ident=V%2A%20KK%20Del,eclbin,0.362011,Gaia DR3 1812215447156860800,15.70,15.80,15.49,1.0240,0.0303,True,True,False,http://localhost/download/files/ZTF18absnrmu_spec.tar.gz,http://localhost/download/plots/ZTF18absnrmu_plot.tar.gz
https://alerce.online/object/ZTF18abnyytv,2018-09-03 06:43:13,15.46170,49.01893,https://simbad.u-strasbg.fr/simbad/sim-id?Ident=ATO%20J015.4617%2B49.0189,eclbin,0.153288,Gaia DR3 402616041123047680,18.14,18.31,17.29,2.3665,0.4474,True,False,False,N/A,N/A
https://alerce.online/object/ZTF18abshbvh,2018-09-03 07:24:27,358.47920,41.88456,N/A,N/A,,Gaia DR3 1921680724575326464,18.74,19.23,17.81,2.8321,0.2088,True,False,False,N/A,N/A
https://alerce.online/object/ZTF18absqict,2018-09-03 09:43:56,24.73280,24.49419,https://simbad.u-strasbg.fr/simbad/sim-id?Ident=SDSS%20J013855.86%2B242939.2,cataclyv*,0.175066,Gaia DR3 291779226024624640,15.47,15.57,15.23,1.0313,0.0392,True,True,True,http://localhost/download/files/ZTF18absqict_spec.tar.gz,http://localhost/download/plots/ZTF18absqict_plot.tar.gz
https://alerce.online/object/ZTF18aaadszm,2018-09-03 09:48:45,24.28723,50.95561,https://simbad.u-strasbg.fr/simbad/sim-id?Ident=V%2A%20KT%20Per,cataclyv*,1.33567,Gaia DR3 405873692214746368,14.08,14.36,13.43,4.0590,0.0340,True,True,True,http://localhost/download/files/ZTF18aaadszm_spec.tar.gz,http://localhost/download/plots/ZTF18aaadszm_plot.tar.gz
https://alerce.online/object/ZTF18aabezub,2018-09-03 09:53:04,40.20770,49.86524,N/A,N/A,,Gaia DR3 438916146934419840,18.07,18.14,17.35,0.7034,0.1142,True,False,False,N/A,N/A
https://alerce.online/object/ZTF17aaaeslm,2018-09-03 09:56:40,17.26261,27.83609,https://simbad.u-strasbg.fr/simbad/sim-id?Ident=SDSS%20J010903.02%2B275010.0,cataclyv*,0.167992,Gaia DR3 307975955720964608,18.12,18.18,17.79,1.8234,0.1312,True,True,False,http://localhost/download/files/ZTF17aaaeslm_spec.tar.gz,http://localhost/download/plots/ZTF17aaaeslm_plot.tar.gz
https://alerce.online/object/ZTF18abtmeie,2018-09-03 09:58:39,10.55448,7.52721,https://simbad.u-strasbg.fr/simbad/sim-id?Ident=PB%20%206108,cataclyv*,0.603942,Gaia DR3 2557191783935736448,18.09,18.20,17.72,1.4927,0.1445,True,True,False,http://localhost/download/files/ZTF18abtmeie_spec.tar.gz,http://localhost/download/plots/ZTF18abtmeie_plot.tar.gz
https://alerce.online/object/ZTF18absqpne,2018-09-03 10:09:30,48.63840,62.38222,N/A,N/A,,Gaia DR3 463721468557060096,18.95,19.24,18.48,2.3886,0.2187,True,False,False,N/A,N/A
https://alerce.online/object/ZTF17aaarxic,2018-09-03 10:10:22,76.97724,72.86402,https://simbad.u-strasbg.fr/simbad/sim-id?Ident=Gaia%20DR2%20502187337396232064,star,0.960863,Gaia DR3 502187337396232064,15.59,16.10,14.60,6.9060,0.0544,True,True,True,http://localhost/download/files/ZTF17aaarxic_spec.tar.gz,http://localhost/download/plots/ZTF17aaarxic_plot.tar.gz
https://alerce.online/object/ZTF18aabfoia,2018-09-03 10:12:54,36.47930,37.56815,https://simbad.u-strasbg.fr/simbad/sim-id?Ident=V%2A%20FS%20And,cataclyv*,0.153043,Gaia DR3 328643514443632768,17.08,17.13,16.53,0.6973,0.0953,True,True,False,http://localhost/download/files/ZTF18aabfoia_spec.tar.gz,http://localhost/download/plots/ZTF18aabfoia_plot.tar.gz
https://alerce.online/object/ZTF17aaaiapl,2018-09-03 11:14:31,99.09548,65.90410,https://simbad.u-strasbg.fr/simbad/sim-id?Ident=RX%20J0636.3%2B6554,cataclyv*,0.320236,Gaia DR3 1104056493449217280,18.64,18.68,18.04,2.2515,0.1668,True,False,False,N/A,N/A
https://alerce.online/object/ZTF18absqsjq,2018-09-03 11:18:45,68.46250,48.84421,https://simbad.u-strasbg.fr/simbad/sim-id?Ident=UCAC4%20695-029797,whitedwarf,0.113979,Gaia DR3 258439731372229120,15.86,15.88,15.84,15.2536,0.0437,True,True,False,http://localhost/download/files/ZTF18absqsjq_spec.tar.gz,http://localhost/download/plots/ZTF18absqsjq_plot.tar.gz
https://alerce.online/object/ZTF17aaabavb,2018-09-03 12:02:28,81.12693,42.74729,https://simbad.u-strasbg.fr/simbad/sim-id?Ident=2MASS%20J05243042%2B4244506,cataclyv*,0.225914,Gaia DR3 195266088206848768,17.11,17.18,16.83,1.6883,0.0774,True,True,True,http://localhost/download/files/ZTF17aaabavb_spec.tar.gz,http://localhost/download/plots/ZTF17aaabavb_plot.tar.gz
https://alerce.online/object/ZTF17aaarmxh,2018-09-03 12:02:28,81.12693,42.74730,https://simbad.u-strasbg.fr/simbad/sim-id?Ident=2MASS%20J05243042%2B4244506,cataclyv*,0.174473,Gaia DR3 195266088206848768,17.11,17.18,16.83,1.6883,0.0774,True,True,True,http://localhost/download/files/ZTF17aaarmxh_spec.tar.gz,http://localhost/download/plots/ZTF17aaarmxh_plot.tar.gz
https://alerce.online/object/ZTF18abonrzw,2018-09-04 03:06:31,285.33968,-24.45994,N/A,N/A,,Gaia DR3 4074496729091809536,17.45,17.52,16.99,0.5356,0.1070,True,True,False,http://localhost/download/files/ZTF18abonrzw_spec.tar.gz,http://localhost/download/plots/ZTF18abonrzw_plot.tar.gz
https://alerce.online/object/ZTF18absqynr,2018-09-04 03:07:53,272.85361,-14.92631,https://simbad.u-strasbg.fr/simbad/sim-id?Ident=V%2A%20UZ%20Ser,cataclyv*,0.217087,Gaia DR3 4146094937780229632,14.77,15.08,14.22,3.2054,0.0360,True,False,False,N/A,N/A
https://alerce.online/object/ZTF18absqxqf,2018-09-04 03:07:53,272.67498,-17.86710,N/A,N/A,,Gaia DR3 4095904529724557568,15.54,15.71,15.23,0.7965,0.0397,True,True,False,http://localhost/download/files/ZTF18absqxqf_spec.tar.gz,http://localhost/download/plots/ZTF18absqxqf_plot.tar.gz
https://alerce.online/object/ZTF18abssfpf,2018-09-04 04:32:20,288.78130,-15.75423,N/A,N/A,,Gaia DR3 4184206690817594624,16.46,16.66,16.05,0.4600,0.0526,True,True,False,http://localhost/download/files/ZTF18abssfpf_spec.tar.gz,http://localhost/download/plots/ZTF18abssfpf_plot.tar.gz
https://alerce.online/object/ZTF18abpptwd,2018-09-04 04:32:20,287.19333,-17.36301,https://simbad.u-strasbg.fr/simbad/sim-id?Ident=V%2A%20V1089%20Sgr,cataclyv*,2.342918,Gaia DR3 4087508177918396416,18.08,18.14,16.96,0.8609,0.1249,True,False,False,N/A,N/A
https://alerce.online/object/ZTF18abssgfr,2018-09-04 04:32:20,288.43159,-14.30874,N/A,N/A,,Gaia DR3 4185395159812049536,17.13,17.38,16.36,1.8576,0.0643,True,True,False,http://localhost/download/files/ZTF18abssgfr_spec.tar.gz,http://localhost/download/plots/ZTF18abssgfr_plot.tar.gz
https://alerce.online/object/ZTF18aagtflo,2018-09-04 05:13:09,230.34065,32.18665,https://simbad.u-strasbg.fr/simbad/sim-id?Ident=SDSS%20J152121.75%2B321111.8,**,0.093657,Gaia DR3 1277290254122089088,19.14,19.70,18.42,2.6253,0.2256,True,True,False,http://localhost/download/files/ZTF18aagtflo_spec.tar.gz,http://localhost/download/plots/ZTF18aagtflo_plot.tar.gz
https://alerce.online/object/ZTF18absubfc,2018-09-04 06:03:11,280.43490,-17.28895,N/A,N/A,,Gaia DR3 4099563223384046848,16.44,16.69,15.87,1.0161,0.0518,True,True,False,http://localhost/download/files/ZTF18absubfc_spec.tar.gz,http://localhost/download/plots/ZTF18absubfc_plot.tar.gz
https://alerce.online/object/ZTF18abstqob,2018-09-04 06:03:11,275.94569,-16.50096,https://simbad.u-strasbg.fr/simbad/sim-id?Ident=ZTF18abstqob,cataclyv*,0.67205,Gaia DR3 4097752984877827584,18.17,18.79,17.22,1.5017,0.1849,True,True,False,http://localhost/download/files/ZTF18abstqob_spec.tar.gz,http://localhost/download/plots/ZTF18abstqob_plot.tar.gz
https://alerce.online/object/ZTF18absungv,2018-09-04 06:28:06,308.27916,12.50751,N/A,N/A,,Gaia DR3 1755740819102178176,19.29,19.41,18.79,1.3060,0.2578,True,False,False,N/A,N/A
https://alerce.online/object/ZTF18absvcaw,2018-09-04 06:39:30,309.05793,2.78983,https://simbad.u-strasbg.fr/simbad/sim-id?Ident=ATO%20J309.0579%2B02.7898,variable*,0.219627,Gaia DR3 4232892137967773824,17.93,18.24,17.25,0.7056,0.1145,True,False,False,N/A,N/A
https://alerce.online/object/ZTF18absvfac,2018-09-04 06:40:09,302.89939,-2.22793,N/A,N/A,,Gaia DR3 4223502720986764672,18.44,18.87,17.56,2.3770,0.1712,True,True,False,http://localhost/download/files/ZTF18absvfac_spec.tar.gz,http://localhost/download/plots/ZTF18absvfac_plot.tar.gz
https://alerce.online/object/ZTF18abteeqy,2018-09-04 07:28:44,345.96513,1.11426,https://simbad.u-strasbg.fr/simbad/sim-id?Ident=V%2A%20HY%20Psc,cataclyv*,0.180961,Gaia DR3 2652196593667289856,17.97,18.04,17.33,1.7838,0.1681,True,True,False,http://localhost/download/files/ZTF18abteeqy_spec.tar.gz,http://localhost/download/plots/ZTF18abteeqy_plot.tar.gz
https://alerce.online/object/ZTF18abtdyju,2018-09-04 08:29:37,341.69906,6.94288,https://simbad.u-strasbg.fr/simbad/sim-id?Ident=SDSS%20J224647.77%2B065634.5,cataclyv*,0.219568,Gaia DR3 2712426053930376704,18.76,18.94,18.22,1.2582,0.1493,True,False,False,N/A,N/A
https://alerce.online/object/ZTF17aadloln,2018-09-04 09:17:19,24.23111,7.27478,https://simbad.u-strasbg.fr/simbad/sim-id?Ident=V%2A%20AY%20Psc,cataclyv*,0.109572,Gaia DR3 2565601982736199168,16.25,16.51,15.62,1.3683,0.0435,True,True,True,http://localhost/download/files/ZTF17aadloln_spec.tar.gz,http://localhost/download/plots/ZTF17aadloln_plot.tar.gz
https://alerce.online/object/ZTF18abrfttz,2018-09-05 03:05:10,285.51263,-6.45231,https://simbad.u-strasbg.fr/simbad/sim-id?Ident=ASASSN%20-17kb,cataclyv*,0.054336,Gaia DR3 4205767216178066944,17.51,17.67,16.99,0.9511,0.1213,True,False,False,N/A,N/A
https://alerce.online/object/ZTF18abthwkz,2018-09-05 04:24:06,300.65818,15.05335,N/A,N/A,,Gaia DR3 1807716172562465408,19.52,20.04,18.86,1.2380,0.2006,True,False,False,N/A,N/A
https://alerce.online/object/ZTF18abnrqmm,2018-09-05 04:33:34,288.11589,-1.30212,https://simbad.u-strasbg.fr/simbad/sim-id?Ident=USNO-B1.0%200886-00475568,star,0.617239,Gaia DR3 4262279021472873856,18.60,19.21,17.75,3.9724,0.3016,True,True,True,http://localhost/download/files/ZTF18abnrqmm_spec.tar.gz,http://localhost/download/plots/ZTF18abnrqmm_plot.tar.gz
https://alerce.online/object/ZTF18abtinpl,2018-09-05 05:30:01,295.17640,-1.96113,https://simbad.u-strasbg.fr/simbad/sim-id?Ident=Gaia%2019fdm,cataclyv*_candidate,0.163201,Gaia DR3 4237919203918211328,19.46,19.80,18.57,2.3695,0.2641,True,False,False,N/A,N/A
https://alerce.online/object/ZTF18abtivtz,2018-09-05 05:50:24,298.90745,43.86623,N/A,N/A,,Gaia DR3 2079000811087979648,16.40,16.41,15.82,0.4753,0.0412,True,True,False,http://localhost/download/files/ZTF18abtivtz_spec.tar.gz,http://localhost/download/plots/ZTF18abtivtz_plot.tar.gz
https://alerce.online/object/ZTF18abortyz,2018-09-05 06:09:20,330.56889,36.51121,https://simbad.u-strasbg.fr/simbad/sim-id?Ident=Gaia%20DR3%201948852822293216896,eclbin,0.211912,Gaia DR3 1948852822293216896,17.74,18.15,17.08,2.4455,0.1016,True,True,False,http://localhost/download/files/ZTF18abortyz_spec.tar.gz,http://localhost/download/plots/ZTF18abortyz_plot.tar.gz
https://alerce.online/object/ZTF18abtjmpx,2018-09-05 06:29:56,317.19355,-3.84220,https://simbad.u-strasbg.fr/simbad/sim-id?Ident=CRTS%20J210846.4-035031,cataclyv*,0.035661,Gaia DR3 6912759105682151424,17.50,17.85,16.72,1.2953,0.0961,True,True,False,http://localhost/download/files/ZTF18abtjmpx_spec.tar.gz,http://localhost/download/plots/ZTF18abtjmpx_plot.tar.gz
https://alerce.online/object/ZTF18abtjrhr,2018-09-05 07:36:35,301.76254,5.32426,https://simbad.u-strasbg.fr/simbad/sim-id?Ident=2MASS%20J20070300%2B0519273,cataclyv*,0.073764,Gaia DR3 4247969152508516352,17.61,17.84,16.98,0.7982,0.0979,True,True,False,http://localhost/download/files/ZTF18abtjrhr_spec.tar.gz,http://localhost/download/plots/ZTF18abtjrhr_plot.tar.gz
https://alerce.online/object/ZTF18abtlkco,2018-09-05 08:59:35,6.92181,-24.66302,https://simbad.u-strasbg.fr/simbad/sim-id?Ident=ASASSN%20-17hc,cataclyv*,0.344331,Gaia DR3 2347829338189150080,17.54,17.64,17.08,1.7844,0.1030,True,True,True,http://localhost/download/files/ZTF18abtlkco_spec.tar.gz,http://localhost/download/plots/ZTF18abtlkco_plot.tar.gz
https://alerce.online/object/ZTF18abtlrqu,2018-09-05 09:27:28,21.96081,38.13661,https://simbad.u-strasbg.fr/simbad/sim-id?Ident=2MASS%20J01275053%2B3808120,cataclyv*,0.189938,Gaia DR3 323282875565022208,17.34,17.40,16.96,2.3903,0.2901,True,True,True,http://localhost/download/files/ZTF18abtlrqu_spec.tar.gz,http://localhost/download/plots/ZTF18abtlrqu_plot.tar.gz
https://alerce.online/object/ZTF18abtmkeq,2018-09-05 10:13:25,31.40659,26.71781,https://simbad.u-strasbg.fr/simbad/sim-id?Ident=ASASSN%20-13dh,cataclyv*,0.579837,Gaia DR3 105746011838379392,19.58,20.01,18.84,2.2803,0.4242,True,False,False,N/A,N/A
https://alerce.online/object/ZTF18abrcwrj,2018-09-05 10:18:46,35.75694,6.28042,https://simbad.u-strasbg.fr/simbad/sim-id?Ident=HS%200220%2B0603,cataclyv*,0.12549,Gaia DR3 2517357336654841984,16.89,16.81,16.28,1.1645,0.1205,True,True,True,http://localhost/download/files/ZTF18abrcwrj_spec.tar.gz,http://localhost/download/plots/ZTF18abrcwrj_plot.tar.gz
https://alerce.online/object/ZTF18abtmwmt,2018-09-05 10:56:31,17.24289,27.54744,N/A,N/A,,Gaia DR3 307194241607268992,19.16,19.68,18.45,1.4130,0.2778,True,False,False,N/A,N/A
https://alerce.online/object/ZTF18aaagbzp,2018-09-05 12:07:13,125.65011,51.09008,https://simbad.u-strasbg.fr/simbad/sim-id?Ident=PG%200818%2B513,cataclyv*,0.346096,Gaia DR3 1028258463932870656,15.17,15.30,14.88,1.3286,0.0321,True,True,True,http://localhost/download/files/ZTF18aaagbzp_spec.tar.gz,http://localhost/download/plots/ZTF18aaagbzp_plot.tar.gz
https://alerce.online/object/ZTF18abtoitj,2018-09-06 05:30:59,297.01418,-15.83185,https://simbad.u-strasbg.fr/simbad/sim-id?Ident=ASASSN%20-15sg,cataclyv*,0.671685,Gaia DR3 6872288148543795584,19.14,19.42,18.47,1.7630,0.2802,True,True,True,http://localhost/download/files/ZTF18abtoitj_spec.tar.gz,http://localhost/download/plots/ZTF18abtoitj_plot.tar.gz
https://alerce.online/object/ZTF18abtojdb,2018-09-06 05:30:59,300.75109,-17.20330,https://simbad.u-strasbg.fr/simbad/sim-id?Ident=USNO-A2.0%200675-34789286,variable*,0.040043,Gaia DR3 6867978921959996672,19.28,19.32,18.30,2.2957,0.3162,True,False,False,N/A,N/A
https://alerce.online/object/ZTF18abtoupn,2018-09-06 06:36:43,314.43777,25.50711,https://simbad.u-strasbg.fr/simbad/sim-id?Ident=V%2A%20VW%20Vul,cataclyv*,0.095953,Gaia DR3 1844515452349537536,15.33,15.49,14.79,1.8129,0.0350,True,True,True,http://localhost/download/files/ZTF18abtoupn_spec.tar.gz,http://localhost/download/plots/ZTF18abtoupn_plot.tar.gz
https://alerce.online/object/ZTF18abyvckk,2018-09-06 06:38:05,309.39421,26.28245,https://simbad.u-strasbg.fr/simbad/sim-id?Ident=Gaia%2018dcv,cataclyv*_candidate,0.175784,Gaia DR3 1855919930550745856,18.58,18.83,18.18,1.3987,0.1506,True,False,False,N/A,N/A
https://alerce.online/object/ZTF17aaaemzh,2018-09-06 07:15:04,3.90956,26.61569,https://simbad.u-strasbg.fr/simbad/sim-id?Ident=CRTS%20J001538.3%2B263657,cataclyv*,0.814502,Gaia DR3 2856493142666940544,17.66,17.85,17.12,1.8044,0.1065,True,True,False,http://localhost/download/files/ZTF17aaaemzh_spec.tar.gz,http://localhost/download/plots/ZTF17aaaemzh_plot.tar.gz
https://alerce.online/object/ZTF18abjrexx,2018-09-06 09:17:47,8.46926,38.92489,https://simbad.u-strasbg.fr/simbad/sim-id?Ident=Gaia%20DR3%20380560941677424768,whitedwarf_candidate,0.189557,Gaia DR3 380560941677424768,18.34,18.27,18.45,1.1887,0.1694,True,False,False,N/A,N/A
https://alerce.online/object/ZTF18abodfgz,2018-09-06 09:42:12,12.35199,22.43827,https://simbad.u-strasbg.fr/simbad/sim-id?Ident=SDSS%20J004924.50%2B222617.9,cataclyv*,0.436789,Gaia DR3 2802295461460467072,18.52,19.37,17.56,1.5337,0.2505,True,False,False,N/A,N/A
https://alerce.online/object/ZTF17aaaslvp,2018-09-06 09:48:18,30.95253,29.99042,https://simbad.u-strasbg.fr/simbad/sim-id?Ident=V%2A%20AI%20Tri,cataclyv*,0.39896,Gaia DR3 300427537812198656,15.78,16.01,15.32,1.9088,0.0409,True,True,True,http://localhost/download/files/ZTF17aaaslvp_spec.tar.gz,http://localhost/download/plots/ZTF17aaaslvp_plot.tar.gz
https://alerce.online/object/ZTF18abtrvgp,2018-09-06 09:50:21,38.49232,41.62391,N/A,N/A,,Gaia DR3 338552824332319872,18.86,18.84,18.20,1.3897,0.2029,True,False,False,N/A,N/A
https://alerce.online/object/ZTF18abybhil,2018-09-06 09:52:24,27.07111,51.02126,https://simbad.u-strasbg.fr/simbad/sim-id?Ident=Gaia%20DR3%20406056486024031872,whitedwarf,0.325413,Gaia DR3 406056486024031872,18.10,18.25,17.75,1.5433,0.1383,True,True,True,http://localhost/download/files/ZTF18abybhil_spec.tar.gz,http://localhost/download/plots/ZTF18abybhil_plot.tar.gz
https://alerce.online/object/ZTF18abtgioa,2018-09-06 10:15:11,36.25194,32.99873,https://simbad.u-strasbg.fr/simbad/sim-id?Ident=V%2A%20WY%20Tri,cataclyv*,0.471471,Gaia DR3 325028217130868480,17.52,17.72,17.09,1.9722,0.1065,True,True,True,http://localhost/download/files/ZTF18abtgioa_spec.tar.gz,http://localhost/download/plots/ZTF18abtgioa_plot.tar.gz
https://alerce.online/object/ZTF18aabeypj,2018-09-06 10:15:52,47.43841,29.88074,https://simbad.u-strasbg.fr/simbad/sim-id?Ident=CRTS%20J030945.2%2B295251,cataclyv*,0.164183,Gaia DR3 122905986733183616,19.13,19.36,18.61,2.4020,0.2011,True,True,False,http://localhost/download/files/ZTF18aabeypj_spec.tar.gz,http://localhost/download/plots/ZTF18aabeypj_plot.tar.gz
https://alerce.online/object/ZTF18abvlgju,2018-09-06 10:15:52,47.09027,33.78878,N/A,N/A,,Gaia DR3 137649200711402368,15.64,15.78,14.95,1.3096,0.1606,True,False,False,N/A,N/A
https://alerce.online/object/ZTF18abtmpnp,2018-09-06 10:25:51,16.49314,-8.91046,N/A,N/A,,Gaia DR3 2474826057933726976,19.30,19.90,18.24,2.3801,0.2730,True,False,False,N/A,N/A
https://alerce.online/object/ZTF17aabvptl,2018-09-06 10:35:48,95.84770,73.12863,https://simbad.u-strasbg.fr/simbad/sim-id?Ident=MASTER%20OT%20J062323.48%2B730744.0,cataclyv*,0.076468,Gaia DR3 1114160047532775552,18.67,19.12,17.95,1.0338,0.1055,True,False,False,N/A,N/A
https://alerce.online/object/ZTF18abupxza,2018-09-06 10:37:11,75.83720,47.08508,https://simbad.u-strasbg.fr/simbad/sim-id?Ident=Gaia%20DR2%20207006089252554240,emline*,0.034107,Gaia DR3 207006089252554240,17.11,17.38,16.63,0.6634,0.0751,True,True,False,http://localhost/download/files/ZTF18abupxza_spec.tar.gz,http://localhost/download/plots/ZTF18abupxza_plot.tar.gz
https://alerce.online/object/ZTF17aaagccm,2018-09-06 10:40:43,58.32586,-3.81313,https://simbad.u-strasbg.fr/simbad/sim-id?Ident=CRTS%20J035318.2-034847,cataclyv*,0.14932,Gaia DR3 3246841554603862912,18.16,18.38,17.68,1.6480,0.1176,True,False,False,N/A,N/A
https://alerce.online/object/ZTF17aaaehby,2018-09-06 10:58:49,6.65433,24.48767,https://simbad.u-strasbg.fr/simbad/sim-id?Ident=SDSS%20J002637.06%2B242915.6,cataclyv*,0.214956,Gaia DR3 2807191999055199232,19.45,19.57,18.26,1.7154,0.2929,True,False,False,N/A,N/A
https://alerce.online/object/ZTF18abuakvj,2018-09-06 12:05:40,99.72439,10.22332,N/A,N/A,,Gaia DR3 3326976397281681152,18.49,18.86,17.84,2.0365,0.1832,True,False,False,N/A,N/A
https://alerce.online/object/ZTF17aabgohw,2018-09-06 12:05:40,98.66709,14.03230,https://simbad.u-strasbg.fr/simbad/sim-id?Ident=LAMOST%20J063440.10%2B140156.3,cataclyv*,0.176489,Gaia DR3 3355671456041735808,16.81,17.40,16.10,1.7461,0.0715,True,False,False,N/A,N/A
https://alerce.online/object/ZTF18aajvzox,2018-09-06 12:06:19,93.82893,15.51647,https://simbad.u-strasbg.fr/simbad/sim-id?Ident=V%2A%20V344%20Ori,cataclyv*,0.083086,Gaia DR3 3345789487910734464,17.91,18.61,17.05,1.2276,0.1360,True,True,True,http://localhost/download/files/ZTF18aajvzox_spec.tar.gz,http://localhost/download/plots/ZTF18aajvzox_plot.tar.gz
https://alerce.online/object/ZTF18aajyerc,2018-09-06 12:11:05,135.06883,43.02172,https://simbad.u-strasbg.fr/simbad/sim-id?Ident=US%202109,cataclyv*,0.401989,Gaia DR3 1008926403817205888,17.80,18.42,16.94,1.1735,0.1140,True,False,False,N/A,N/A
https://alerce.online/object/ZTF18aaadlpa,2018-09-06 12:11:05,133.55839,39.09353,https://simbad.u-strasbg.fr/simbad/sim-id?Ident=1ES%200851%2B39.2,xraybin,0.644947,Gaia DR3 719893044876142848,19.20,19.15,18.98,2.1304,0.1803,True,True,True,http://localhost/download/files/ZTF18aaadlpa_spec.tar.gz,http://localhost/download/plots/ZTF18aaadlpa_plot.tar.gz
https://alerce.online/object/ZTF18abttrrr,2018-09-07 03:02:36,261.87115,13.43387,https://simbad.u-strasbg.fr/simbad/sim-id?Ident=AT%202021aath,cataclyv*,0.300234,Gaia DR3 4542123181914763648,19.16,19.42,18.60,1.8506,0.2041,True,False,False,N/A,N/A
https://alerce.online/object/ZTF18abtuobx,2018-09-07 04:33:58,259.00364,8.93306,https://simbad.u-strasbg.fr/simbad/sim-id?Ident=CRTS%20J171600.8%2B085559,eclbin,0.087267,Gaia DR3 4395427547421898112,17.35,17.83,16.56,1.4330,0.1626,True,True,False,http://localhost/download/files/ZTF18abtuobx_spec.tar.gz,http://localhost/download/plots/ZTF18abtuobx_plot.tar.gz
https://alerce.online/object/ZTF18abtuzrz,2018-09-07 05:31:01,291.30567,-19.46764,https://simbad.u-strasbg.fr/simbad/sim-id?Ident=Gaia%20DR3%204083308322658549120,eclbin,1.143494,Gaia DR3 4083308322658549120,14.71,15.63,13.68,14.5828,0.0485,True,True,True,http://localhost/download/files/ZTF18abtuzrz_spec.tar.gz,http://localhost/download/plots/ZTF18abtuzrz_plot.tar.gz
https://alerce.online/object/ZTF18abtvhnf,2018-09-07 06:00:09,304.39110,-3.66423,https://simbad.u-strasbg.fr/simbad/sim-id?Ident=V%2A%20V794%20Aql,cataclyv*,0.829847,Gaia DR3 4222299752184927616,14.83,14.96,14.50,1.5278,0.0267,True,True,False,http://localhost/download/files/ZTF18abtvhnf_spec.tar.gz,http://localhost/download/plots/ZTF18abtvhnf_plot.tar.gz
https://alerce.online/object/ZTF18abtvgsb,2018-09-07 06:00:53,306.87989,-22.66711,https://simbad.u-strasbg.fr/simbad/sim-id?Ident=CRTS%20J202731.2-224002,cataclyv*,0.312623,Gaia DR3 6849890031536423552,17.87,18.14,17.38,2.8920,0.1086,True,False,False,N/A,N/A
https://alerce.online/object/ZTF18abusyzv,2018-09-07 06:01:33,307.44816,-15.91032,https://simbad.u-strasbg.fr/simbad/sim-id?Ident=V%2A%20SY%20Cap,cataclyv*,0.384656,Gaia DR3 6874902821553728768,18.07,18.25,17.71,2.6237,0.1277,True,False,False,N/A,N/A
https://alerce.online/object/ZTF18abtxzko,2018-09-07 08:42:05,343.13805,10.34049,https://simbad.u-strasbg.fr/simbad/sim-id?Ident=ASASSN%20-15mu,cataclyv*,0.114721,Gaia DR3 2718031505942851200,17.43,17.95,16.73,0.9739,0.1149,True,False,False,N/A,N/A
https://alerce.online/object/ZTF18abumkca,2018-09-07 09:20:15,9.16782,23.14196,https://simbad.u-strasbg.fr/simbad/sim-id?Ident=SDSS%20J003640.29%2B230831.3,cataclyv*,0.886525,Gaia DR3 2805913271327662976,18.39,18.48,17.99,2.0063,0.1679,True,True,True,http://localhost/download/files/ZTF18abumkca_spec.tar.gz,http://localhost/download/plots/ZTF18abumkca_plot.tar.gz
https://alerce.online/object/ZTF18abtzeax,2018-09-07 09:56:50,45.29048,57.66499,https://simbad.u-strasbg.fr/simbad/sim-id?Ident=Lan%20290,whitedwarf_candidate,2.1167,Gaia DR3 461065632581058816,18.80,18.99,18.56,5.2891,0.2112,True,False,False,N/A,N/A
https://alerce.online/object/ZTF17aaahefy,2018-09-07 10:40:35,86.92087,39.44938,https://simbad.u-strasbg.fr/simbad/sim-id?Ident=2MASS%20J05474096%2B3926578,cataclyv*,0.071715,Gaia DR3 191487822656334208,18.06,18.60,17.29,0.8119,0.1402,True,False,False,N/A,N/A
https://alerce.online/object/ZTF17aaaiqdu,2018-09-07 10:43:58,110.22586,34.21274,https://simbad.u-strasbg.fr/simbad/sim-id?Ident=ATO%20J110.2258%2B34.2127,cataclyv*,0.336994,Gaia DR3 896438328413086336,17.24,17.71,16.62,1.0807,0.0785,True,True,False,http://localhost/download/files/ZTF17aaaiqdu_spec.tar.gz,http://localhost/download/plots/ZTF17aaaiqdu_plot.tar.gz
https://alerce.online/object/ZTF18aaawjmk,2018-09-07 10:45:18,109.80051,48.97632,https://simbad.u-strasbg.fr/simbad/sim-id?Ident=PTF1%20J071912.13%2B485834.0,cataclyv*,0.077207,Gaia DR3 976672298935524480,18.93,18.93,18.50,1.1851,0.2292,True,True,False,http://localhost/download/files/ZTF18aaawjmk_spec.tar.gz,http://localhost/download/plots/ZTF18aaawjmk_plot.tar.gz
https://alerce.online/object/ZTF17aaairls,2018-09-07 10:45:57,105.22991,53.42407,N/A,N/A,,Gaia DR3 981721290690018432,18.96,18.93,18.02,1.7083,0.1577,True,False,False,N/A,N/A
https://alerce.online/object/ZTF17aadhvzu,2018-09-07 11:53:16,79.55970,29.68686,https://simbad.u-strasbg.fr/simbad/sim-id?Ident=2MASS%20J05181432%2B2941130,cataclyv*,0.335911,Gaia DR3 3446676070669830528,15.81,16.19,15.21,1.7068,0.0393,True,True,True,http://localhost/download/files/ZTF17aadhvzu_spec.tar.gz,http://localhost/download/plots/ZTF17aadhvzu_plot.tar.gz
https://alerce.online/object/ZTF18abrgsnj,2018-09-08 04:01:13,286.28718,-13.10237,N/A,N/A,,Gaia DR3 4197744908775449856,18.47,18.73,17.97,1.1739,0.2187,True,False,False,N/A,N/A
https://alerce.online/object/ZTF18abucbyy,2018-09-08 04:32:08,312.58301,-16.48407,https://simbad.u-strasbg.fr/simbad/sim-id?Ident=ASASSN%20-14br,cataclyv*,0.542564,Gaia DR3 6886042729769795200,16.98,16.82,16.30,0.6813,0.0621,True,True,False,http://localhost/download/files/ZTF18abucbyy_spec.tar.gz,http://localhost/download/plots/ZTF18abucbyy_plot.tar.gz
https://alerce.online/object/ZTF18abucrvi,2018-09-08 04:56:54,300.71802,15.16473,https://simbad.u-strasbg.fr/simbad/sim-id?Ident=ASASSN%20-15ly,cataclyv*,0.28979,Gaia DR3 1807719264939520640,18.39,19.03,17.55,1.0375,0.1478,True,False,False,N/A,N/A
https://alerce.online/object/ZTF18abucxou,2018-09-08 05:30:04,247.83703,10.52608,https://simbad.u-strasbg.fr/simbad/sim-id?Ident=CRTS%20J163120.9%2B103134,cataclyv*,0.207842,Gaia DR3 4458774810347862528,18.39,18.53,17.90,2.0316,0.0951,True,False,False,N/A,N/A
https://alerce.online/object/ZTF18abmguah,2018-09-08 05:32:18,300.03009,11.54398,N/A,N/A,,Gaia DR3 4303816753994497408,18.95,18.58,17.80,1.6643,0.2496,True,False,False,N/A,N/A
https://alerce.online/object/ZTF18abuduzu,2018-09-08 06:34:17,297.11558,-13.29274,https://simbad.u-strasbg.fr/simbad/sim-id?Ident=Gaia%20DR3%204188707163699348992,star,0.290903,Gaia DR3 4188707163699348992,13.99,14.38,13.43,3.4791,0.0178,True,True,True,http://localhost/download/files/ZTF18abuduzu_spec.tar.gz,http://localhost/download/plots/ZTF18abuduzu_plot.tar.gz
https://alerce.online/object/ZTF18abuduzx,2018-09-08 06:34:17,297.11558,-13.29274,https://simbad.u-strasbg.fr/simbad/sim-id?Ident=Gaia%20DR3%204188707163699348992,star,0.279391,Gaia DR3 4188707163699348992,13.99,14.38,13.43,3.4791,0.0178,True,True,True,http://localhost/download/files/ZTF18abuduzx_spec.tar.gz,http://localhost/download/plots/ZTF18abuduzx_plot.tar.gz
https://alerce.online/object/ZTF18abudxnu,2018-09-08 06:34:17,295.04753,-10.42381,https://simbad.u-strasbg.fr/simbad/sim-id?Ident=V%2A%20V1432%20Aql,cataclyv*,0.195934,Gaia DR3 4193346037615507968,15.78,15.77,15.31,2.1929,0.0358,True,True,True,http://localhost/download/files/ZTF18abudxnu_spec.tar.gz,http://localhost/download/plots/ZTF18abudxnu_plot.tar.gz
https://alerce.online/object/ZTF18abuffpg,2018-09-08 07:51:41,10.34346,-16.65199,N/A,N/A,,Gaia DR3 2370288276231298432,17.15,17.48,16.53,4.5836,0.1016,True,True,False,http://localhost/download/files/ZTF18abuffpg_spec.tar.gz,http://localhost/download/plots/ZTF18abuffpg_plot.tar.gz
https://alerce.online/object/ZTF18absqfjl,2018-09-08 07:52:21,2.85325,-11.47862,https://simbad.u-strasbg.fr/simbad/sim-id?Ident=V%2A%20WW%20Cet,cataclyv*,0.214193,Gaia DR3 2427474150870397056,13.48,13.72,12.98,4.5406,0.0296,True,True,True,http://localhost/download/files/ZTF18absqfjl_spec.tar.gz,http://localhost/download/plots/ZTF18absqfjl_plot.tar.gz
https://alerce.online/object/ZTF17aacpuaq,2018-09-08 11:43:04,79.54732,35.13354,https://simbad.u-strasbg.fr/simbad/sim-id?Ident=ATO%20J079.5473%2B35.1335,cataclyv*_candidate,0.149617,Gaia DR3 183806256466977920,15.56,15.77,15.13,1.0743,0.0359,True,True,False,http://localhost/download/files/ZTF17aacpuaq_spec.tar.gz,http://localhost/download/plots/ZTF17aacpuaq_plot.tar.gz
https://alerce.online/object/ZTF17aaabakj,2018-09-08 11:43:04,81.12698,32.80323,https://simbad.u-strasbg.fr/simbad/sim-id?Ident=ZTF%20J052430.48%2B324811.7,longperiodv*,0.087433,Gaia DR3 180904301685147904,17.80,18.56,16.61,4.7502,0.3912,True,True,True,http://localhost/download/files/ZTF17aaabakj_spec.tar.gz,http://localhost/download/plots/ZTF17aaabakj_plot.tar.gz
https://alerce.online/object/ZTF17aaakuhr,2018-09-08 12:31:07,123.23697,19.19924,https://simbad.u-strasbg.fr/simbad/sim-id?Ident=2MASS%20J08125686%2B1911579,cataclyv*,0.624938,Gaia DR3 669503831427966080,16.08,16.16,15.84,1.2639,0.0483,True,True,True,http://localhost/download/files/ZTF17aaakuhr_spec.tar.gz,http://localhost/download/plots/ZTF17aaakuhr_plot.tar.gz
https://alerce.online/object/ZTF18aaftnru,2018-09-08 12:31:07,125.60977,17.13964,https://simbad.u-strasbg.fr/simbad/sim-id?Ident=Gaia%20DR3%20656078077194265088,whitedwarf_candidate,0.148024,Gaia DR3 656078077194265088,19.58,19.43,19.23,1.6335,0.3218,True,False,False,N/A,N/A
https://alerce.online/object/ZTF17aaagvsz,2018-09-08 12:31:46,127.15384,25.33419,https://simbad.u-strasbg.fr/simbad/sim-id?Ident=V%2A%20AT%20Cnc,cataclyv*,0.081376,Gaia DR3 679528804789642240,14.49,14.90,14.11,2.1489,0.0320,True,True,True,http://localhost/download/files/ZTF17aaagvsz_spec.tar.gz,http://localhost/download/plots/ZTF17aaagvsz_plot.tar.gz
https://alerce.online/object/ZTF18abukrri,2018-09-09 05:53:21,316.24381,31.76543,https://simbad.u-strasbg.fr/simbad/sim-id?Ident=ZTF%20J210458.55%2B314555.7,eclbin,0.149062,Gaia DR3 1865077423605587584,16.48,16.61,16.23,0.7172,0.0435,True,True,False,http://localhost/download/files/ZTF18abukrri_spec.tar.gz,http://localhost/download/plots/ZTF18abukrri_plot.tar.gz
https://alerce.online/object/ZTF18abukrhw,2018-09-09 05:53:21,315.75721,33.07664,https://simbad.u-strasbg.fr/simbad/sim-id?Ident=Gaia%20DR3%201865447821587751680,whitedwarf_candidate,0.208713,Gaia DR3 1865447821587751680,19.37,19.43,19.37,2.1430,0.2380,True,False,False,N/A,N/A
https://alerce.online/object/ZTF18abuktga,2018-09-09 05:58:44,307.37196,15.35104,https://simbad.u-strasbg.fr/simbad/sim-id?Ident=Gaia%20DR3%201805534569689099392,star,0.332228,Gaia DR3 1805534569689099392,18.11,18.35,17.65,3.0306,0.1462,True,False,False,N/A,N/A
https://alerce.online/object/ZTF18abuktcs,2018-09-09 05:58:44,307.78984,16.38566,https://simbad.u-strasbg.fr/simbad/sim-id?Ident=V%2A%20IS%20Del,cataclyv*,0.440142,Gaia DR3 1811659124333618944,17.30,17.37,16.75,0.7014,0.0625,True,True,False,http://localhost/download/files/ZTF18abuktcs_spec.tar.gz,http://localhost/download/plots/ZTF18abuktcs_plot.tar.gz
https://alerce.online/object/ZTF18abulmtu,2018-09-09 06:55:57,336.26930,37.80030,https://simbad.u-strasbg.fr/simbad/sim-id?Ident=ASASSN%20-19sk,cataclyv*,0.619033,Gaia DR3 1908453535271897344,17.97,18.22,17.44,3.0859,0.1045,True,False,False,N/A,N/A
https://alerce.online/object/ZTF18abtcyai,2018-09-09 08:04:17,353.35793,15.37281,https://simbad.u-strasbg.fr/simbad/sim-id?Ident=V%2A%20V598%20Peg,cataclyv*,0.271009,Gaia DR3 2819557935751631744,18.71,18.83,18.43,1.6033,0.2068,True,False,False,N/A,N/A
https://alerce.online/object/ZTF18abumlux,2018-09-09 08:38:32,353.63841,40.43058,N/A,N/A,,Gaia DR3 1920614473174041088,19.76,19.82,19.13,1.7982,0.3508,True,False,False,N/A,N/A
https://alerce.online/object/ZTF18abumoad,2018-09-09 08:42:01,4.91403,54.09202,https://simbad.u-strasbg.fr/simbad/sim-id?Ident=Gaia%20DR3%20419707571427630208,star,0.269637,Gaia DR3 419707571427630208,18.85,18.80,18.29,1.5124,0.1552,True,False,False,N/A,N/A
https://alerce.online/object/ZTF18aabfwba,2018-09-09 09:11:43,31.00461,43.69236,https://simbad.u-strasbg.fr/simbad/sim-id?Ident=CRTS%20CSS151208%20J020401%2B434133,cataclyv*,0.061347,Gaia DR3 346478795636689024,17.91,18.28,17.15,3.3583,0.1037,True,False,False,N/A,N/A
https://alerce.online/object/ZTF18abwjyqu,2018-09-09 09:11:43,31.91009,40.89600,N/A,N/A,,Gaia DR3 345165184183518720,19.24,19.53,18.71,1.7145,0.3004,True,False,False,N/A,N/A
https://alerce.online/object/ZTF18abtgdwr,2018-09-09 09:15:43,27.52981,30.36778,N/A,N/A,,Gaia DR3 302565293359409152,18.83,18.92,18.19,2.3080,0.1816,True,False,False,N/A,N/A
https://alerce.online/object/ZTF18abuocqk,2018-09-09 09:58:00,21.41402,32.38567,https://simbad.u-strasbg.fr/simbad/sim-id?Ident=V%2A%20TY%20Psc,cataclyv*,0.500062,Gaia DR3 316447594027782912,16.83,16.97,16.44,3.8428,0.0708,True,True,True,http://localhost/download/files/ZTF18abuocqk_spec.tar.gz,http://localhost/download/plots/ZTF18abuocqk_plot.tar.gz
https://alerce.online/object/ZTF18aabhjpn,2018-09-09 11:14:34,99.22938,55.96117,N/A,N/A,,Gaia DR3 995076439957933696,17.99,18.18,17.61,2.2281,0.1713,True,False,False,N/A,N/A
https://alerce.online/object/ZTF18abtmzoi,2018-09-09 11:28:52,61.74924,0.87881,https://simbad.u-strasbg.fr/simbad/sim-id?Ident=VSX%20J040659.7%2B005244,cataclyv*,0.409229,Gaia DR3 3258480812896290560,18.23,18.50,17.54,2.1859,0.1329,True,False,False,N/A,N/A
https://alerce.online/object/ZTF18abupvkl,2018-09-09 11:28:52,66.14231,0.23848,https://simbad.u-strasbg.fr/simbad/sim-id?Ident=CRTS%20CSS081030%20J042434%2B001419,cataclyv*,0.119787,Gaia DR3 3254843452336623872,18.17,18.39,17.67,1.0784,0.1390,True,False,False,N/A,N/A
https://alerce.online/object/ZTF18aaabcez,2018-09-09 11:43:12,89.57435,67.89607,https://simbad.u-strasbg.fr/simbad/sim-id?Ident=V%2A%20LU%20Cam,cataclyv*,0.252651,Gaia DR3 481508787854138240,16.50,16.78,15.92,1.3900,0.0500,True,True,True,http://localhost/download/files/ZTF18aaabcez_spec.tar.gz,http://localhost/download/plots/ZTF18aaabcez_plot.tar.gz
https://alerce.online/object/ZTF18abuqgyj,2018-09-09 12:06:39,118.92773,10.83416,N/A,N/A,,Gaia DR3 3150467535066747904,19.31,19.49,18.55,2.2349,0.3006,True,False,False,N/A,N/A
https://alerce.online/object/ZTF18aaicnwh,2018-09-09 12:06:39,117.74984,14.19725,https://simbad.u-strasbg.fr/simbad/sim-id?Ident=CRTS%20J075100.0%2B141150,cataclyv*,0.22349,Gaia DR3 3164517889217942016,18.93,19.12,18.43,1.2981,0.1963,True,False,False,N/A,N/A
https://alerce.online/object/ZTF17aacqong,2018-09-09 12:19:49,98.05440,25.60617,https://simbad.u-strasbg.fr/simbad/sim-id?Ident=ATO%20J098.0545%2B25.6062,cataclyv*,1.072162,Gaia DR3 3384185396023552896,15.11,15.50,14.49,2.2357,0.0303,True,True,True,http://localhost/download/files/ZTF17aacqong_spec.tar.gz,http://localhost/download/plots/ZTF17aacqong_plot.tar.gz
https://alerce.online/object/ZTF18abusrxs,2018-09-10 05:30:57,289.09488,-16.56936,https://simbad.u-strasbg.fr/simbad/sim-id?Ident=Gaia%20DR3%204087842669953384064,star,0.197076,Gaia DR3 4087842669953384064,17.28,17.06,16.75,0.4549,0.0776,True,False,False,N/A,N/A
https://alerce.online/object/ZTF18abutaen,2018-09-10 05:59:58,303.71921,-1.26183,https://simbad.u-strasbg.fr/simbad/sim-id?Ident=ZTF%20J201452.61-011542.5,cataclyv*,0.281059,Gaia DR3 4223953344655923584,17.53,17.94,16.91,0.8561,0.1160,True,True,False,http://localhost/download/files/ZTF18abutaen_spec.tar.gz,http://localhost/download/plots/ZTF18abutaen_plot.tar.gz
https://alerce.online/object/ZTF18abutcxr,2018-09-10 06:05:46,320.83435,5.71490,https://simbad.u-strasbg.fr/simbad/sim-id?Ident=GALEX%20J212320.2%2B054254,**,0.627226,Gaia DR3 1738510574244096896,17.79,17.88,17.58,3.5884,0.1280,True,True,False,http://localhost/download/files/ZTF18abutcxr_spec.tar.gz,http://localhost/download/plots/ZTF18abutcxr_plot.tar.gz
https://alerce.online/object/ZTF18abvpkml,2018-09-10 08:04:17,340.64995,-11.47036,N/A,N/A,,Gaia DR3 2607627683676397312,19.60,20.19,18.81,2.7726,0.5053,True,False,False,N/A,N/A
https://alerce.online/object/ZTF18abunixr,2018-09-10 09:10:42,21.53246,12.18026,https://simbad.u-strasbg.fr/simbad/sim-id?Ident=AT%202023row,cataclyv*_candidate,0.009409,Gaia DR3 2586433428820493952,18.85,19.27,18.17,4.3261,0.2003,True,True,True,http://localhost/download/files/ZTF18abunixr_spec.tar.gz,http://localhost/download/plots/ZTF18abunixr_plot.tar.gz
https://alerce.online/object/ZTF18aabeymw,2018-09-10 09:14:49,50.06367,44.18308,https://simbad.u-strasbg.fr/simbad/sim-id?Ident=SDSS%20J032015.29%2B441059.3,cataclyv*,0.357148,Gaia DR3 242115144795227776,18.90,19.15,18.30,2.1616,0.1850,True,False,False,N/A,N/A
https://alerce.online/object/ZTF17aaatljk,2018-09-10 09:14:49,48.74420,46.63237,N/A,N/A,,Gaia DR3 434824417494743168,18.48,18.43,17.54,0.8411,0.1244,True,False,False,N/A,N/A
https://alerce.online/object/ZTF18abuhqfi,2018-09-10 10:41:13,51.41440,-8.24528,https://simbad.u-strasbg.fr/simbad/sim-id?Ident=2E%20%20%20769,cataclyv*,0.475388,Gaia DR3 5168129581727355008,17.67,17.75,16.92,4.5330,0.0898,True,True,True,http://localhost/download/files/ZTF18abuhqfi_spec.tar.gz,http://localhost/download/plots/ZTF18abuhqfi_plot.tar.gz
https://alerce.online/object/ZTF18abuxyhz,2018-09-10 10:41:13,53.70780,-7.17997,https://simbad.u-strasbg.fr/simbad/sim-id?Ident=CRTS%20J033449.8-071048,cataclyv*,0.063791,Gaia DR3 3244090159897565952,18.61,18.87,18.18,1.5747,0.1717,True,False,False,N/A,N/A
https://alerce.online/object/ZTF18aaabcav,2018-09-10 10:53:26,110.43526,66.64385,https://simbad.u-strasbg.fr/simbad/sim-id?Ident=CRTS%20J072144.5%2B663838,cataclyv*,0.064244,Gaia DR3 1101933718750268544,18.93,18.67,17.88,0.7180,0.1048,True,True,True,http://localhost/download/files/ZTF18aaabcav_spec.tar.gz,http://localhost/download/plots/ZTF18aaabcav_plot.tar.gz
https://alerce.online/object/ZTF18abujfcu,2018-09-10 10:53:26,117.67015,66.39643,https://simbad.u-strasbg.fr/simbad/sim-id?Ident=ZTF18abujfcu,cataclyv*,0.061111,Gaia DR3 1095689931516925568,19.41,18.85,18.24,2.5259,0.2277,True,False,False,N/A,N/A
https://alerce.online/object/ZTF18aaamiym,2018-09-10 11:06:22,96.45667,14.89651,https://simbad.u-strasbg.fr/simbad/sim-id?Ident=LAMOST%20J062549.60%2B145347.4,cataclyv*_candidate,0.137023,Gaia DR3 3356711658463240832,17.24,17.45,16.74,0.6429,0.1212,True,True,True,http://localhost/download/files/ZTF18aaamiym_spec.tar.gz,http://localhost/download/plots/ZTF18aaamiym_plot.tar.gz
https://alerce.online/object/ZTF18abtnfws,2018-09-10 11:12:36,98.30766,57.93588,https://simbad.u-strasbg.fr/simbad/sim-id?Ident=GALEX%20J063313.8%2B575609,whitedwarf,0.251288,Gaia DR3 1004340654352214656,17.60,17.52,17.72,1.6237,0.1004,True,True,False,http://localhost/download/files/ZTF18abtnfws_spec.tar.gz,http://localhost/download/plots/ZTF18abtnfws_plot.tar.gz
https://alerce.online/object/ZTF18aafdmjb,2018-09-10 11:20:32,106.75804,27.63956,N/A,N/A,,Gaia DR3 884415718519895808,18.11,18.18,17.80,0.7554,0.1352,True,False,False,N/A,N/A
https://alerce.online/object/ZTF18abuykit,2018-09-10 11:34:46,51.79839,-17.31625,N/A,N/A,,Gaia DR3 5105520847021315712,17.10,17.80,16.13,7.8351,0.0692,True,True,True,http://localhost/download/files/ZTF18abuykit_spec.tar.gz,http://localhost/download/plots/ZTF18abuykit_plot.tar.gz
https://alerce.online/object/ZTF17aaaxiva,2018-09-10 11:57:07,78.12091,36.29115,N/A,N/A,,Gaia DR3 185487375386568704,17.26,17.49,16.76,0.5255,0.0882,True,True,False,http://localhost/download/files/ZTF17aaaxiva_spec.tar.gz,http://localhost/download/plots/ZTF17aaaxiva_plot.tar.gz
https://alerce.online/object/ZTF18abuzjof,2018-09-11 04:01:13,293.02054,-11.03413,N/A,N/A,,Gaia DR3 4187950905858015488,16.98,17.17,16.64,0.6250,0.0888,True,False,False,N/A,N/A
https://alerce.online/object/ZTF18abvazxu,2018-09-11 05:55:40,299.83101,56.42238,https://simbad.u-strasbg.fr/simbad/sim-id?Ident=Mis%20V1448,cataclyv*,0.289426,Gaia DR3 2234058025343096448,17.15,17.73,16.42,1.3242,0.0530,True,True,False,http://localhost/download/files/ZTF18abvazxu_spec.tar.gz,http://localhost/download/plots/ZTF18abvazxu_plot.tar.gz
https://alerce.online/object/ZTF18abvbbvs,2018-09-11 06:04:34,322.60267,-2.98826,https://simbad.u-strasbg.fr/simbad/sim-id?Ident=V%2A%20VZ%20Aqr,cataclyv*,0.272912,Gaia DR3 2684755714241156736,17.49,18.04,16.65,1.6602,0.1091,True,True,True,http://localhost/download/files/ZTF18abvbbvs_spec.tar.gz,http://localhost/download/plots/ZTF18abvbbvs_plot.tar.gz
https://alerce.online/object/ZTF18abvbjgl,2018-09-11 06:15:42,300.32986,48.38385,N/A,N/A,,Gaia DR3 2086158112083513728,18.50,18.78,17.94,0.6731,0.1175,True,False,False,N/A,N/A
https://alerce.online/object/ZTF18abvbsbr,2018-09-11 06:37:42,318.41964,39.91407,N/A,N/A,,Gaia DR3 1968235696165740160,17.64,17.98,17.05,0.5910,0.0782,True,True,False,http://localhost/download/files/ZTF18abvbsbr_spec.tar.gz,http://localhost/download/plots/ZTF18abvbsbr_plot.tar.gz
https://alerce.online/object/ZTF18abvbshr,2018-09-11 06:37:42,319.85183,37.83181,https://simbad.u-strasbg.fr/simbad/sim-id?Ident=Gaia%20DR3%201963990932750912512,whitedwarf_candidate,0.461598,Gaia DR3 1963990932750912512,19.56,19.73,19.43,3.4785,0.2953,True,False,False,N/A,N/A
https://alerce.online/object/ZTF17aabsjcc,2018-09-11 10:50:46,67.67903,69.74118,https://simbad.u-strasbg.fr/simbad/sim-id?Ident=2MASS%20J04304278%2B6944281,cataclyv*,0.091295,Gaia DR3 496964073049833088,18.06,18.08,17.47,0.5241,0.0911,True,False,False,N/A,N/A
https://alerce.online/object/ZTF18aabezbr,2018-09-11 10:55:29,50.83712,41.78879,https://simbad.u-strasbg.fr/simbad/sim-id?Ident=LAMOST%20J032320.90%2B414719.6,cataclyv*,0.087142,Gaia DR3 237937683506151936,17.74,17.98,17.25,1.5462,0.1143,True,True,False,http://localhost/download/files/ZTF18aabezbr_spec.tar.gz,http://localhost/download/plots/ZTF18aabezbr_plot.tar.gz
https://alerce.online/object/ZTF18aaadweh,2018-09-11 12:16:02,65.94401,71.30498,N/A,N/A,,Gaia DR3 500343280300655872,18.03,18.14,17.59,0.8359,0.1002,True,False,False,N/A,N/A
https://alerce.online/object/ZTF18aaaxwqg,2018-09-11 12:23:07,123.46680,28.22142,https://simbad.u-strasbg.fr/simbad/sim-id?Ident=2MASS%20J08135201%2B2813174,cataclyv*,0.24834,Gaia DR3 684088337774683520,18.27,18.11,17.71,0.9224,0.1237,True,False,False,N/A,N/A
https://alerce.online/object/ZTF18aabisfa,2018-09-11 12:23:46,120.14105,19.40462,https://simbad.u-strasbg.fr/simbad/sim-id?Ident=CRTS%20J080033.8%2B192416,cataclyv*,0.199649,Gaia DR3 670132550216853632,19.73,19.96,19.35,1.3350,0.2454,True,False,False,N/A,N/A
https://alerce.online/object/ZTF17aabhbir,2018-09-11 12:24:27,119.72085,16.27921,https://simbad.u-strasbg.fr/simbad/sim-id?Ident=V%2A%20DW%20Cnc,cataclyv*,0.508253,Gaia DR3 667150159287327360,15.45,15.47,15.12,4.8818,0.0395,True,True,True,http://localhost/download/files/ZTF17aabhbir_spec.tar.gz,http://localhost/download/plots/ZTF17aabhbir_plot.tar.gz
https://alerce.online/object/ZTF18abvigco,2018-09-12 06:26:51,322.49780,78.87265,https://simbad.u-strasbg.fr/simbad/sim-id?Ident=ASASSN%20-15tk,cataclyv*,0.395438,Gaia DR3 2284915042329623040,19.47,19.79,18.81,1.9181,0.2393,True,False,False,N/A,N/A
https://alerce.online/object/ZTF18abxrjhk,2018-09-12 06:59:21,334.79448,35.76375,https://simbad.u-strasbg.fr/simbad/sim-id?Ident=2MASS%20J22191068%2B3545494,hotsubdwarf_candidate,0.03296,Gaia DR3 1905963003995654272,16.96,17.13,16.67,0.8918,0.0707,True,True,False,http://localhost/download/files/ZTF18abxrjhk_spec.tar.gz,http://localhost/download/plots/ZTF18abxrjhk_plot.tar.gz
https://alerce.online/object/ZTF18abviwmi,2018-09-12 07:15:23,357.10667,77.05008,https://simbad.u-strasbg.fr/simbad/sim-id?Ident=Gaia%20DR3%202233466732900604160,hotsubdwarf_candidate,0.254793,Gaia DR3 2233466732900604160,15.07,15.23,14.81,1.6972,0.0216,True,True,False,http://localhost/download/files/ZTF18abviwmi_spec.tar.gz,http://localhost/download/plots/ZTF18abviwmi_plot.tar.gz
https://alerce.online/object/ZTF18abvjbsu,2018-09-12 07:37:07,14.75157,75.00115,https://simbad.u-strasbg.fr/simbad/sim-id?Ident=ASASSN%20-14ge,cataclyv*,0.110554,Gaia DR3 538864154783463680,17.42,17.75,16.69,0.8933,0.0562,True,True,False,http://localhost/download/files/ZTF18abvjbsu_spec.tar.gz,http://localhost/download/plots/ZTF18abvjbsu_plot.tar.gz
https://alerce.online/object/ZTF18abmjink,2018-09-12 08:48:58,336.10270,43.00760,https://simbad.u-strasbg.fr/simbad/sim-id?Ident=Gaia%20DR3%201958656033606852864,hotsubdwarf_candidate,0.265457,Gaia DR3 1958656033606852864,17.13,17.21,16.92,0.6846,0.0606,True,True,False,http://localhost/download/files/ZTF18abmjink_spec.tar.gz,http://localhost/download/plots/ZTF18abmjink_plot.tar.gz
https://alerce.online/object/ZTF18abvkkfx,2018-09-12 09:22:11,11.79753,30.93520,https://simbad.u-strasbg.fr/simbad/sim-id?Ident=GALEX%20J004711.3%2B305608,whitedwarf,2.516816,Gaia DR3 360447124498490240,17.52,17.56,17.49,5.8323,0.0962,True,True,False,http://localhost/download/files/ZTF18abvkkfx_spec.tar.gz,http://localhost/download/plots/ZTF18abvkkfx_plot.tar.gz
https://alerce.online/object/ZTF18abvkkua,2018-09-12 09:22:11,12.58498,36.38032,https://simbad.u-strasbg.fr/simbad/sim-id?Ident=Gaia%20DR3%20364169452395186304,star,0.237162,Gaia DR3 364169452395186304,18.00,18.27,17.45,3.3586,0.1328,True,True,False,http://localhost/download/files/ZTF18abvkkua_spec.tar.gz,http://localhost/download/plots/ZTF18abvkkua_plot.tar.gz
https://alerce.online/object/ZTF18abuylaz,2018-09-12 10:28:09,56.31422,-1.87119,https://simbad.u-strasbg.fr/simbad/sim-id?Ident=CRTS%20J034515.4-015216,cataclyv*,0.122883,Gaia DR3 3251069657846812800,18.91,19.08,18.46,2.5510,0.2121,True,False,False,N/A,N/A
https://alerce.online/object/ZTF18abvmjaw,2018-09-12 11:10:43,67.80190,-3.24784,https://simbad.u-strasbg.fr/simbad/sim-id?Ident=CRTS%20J043112.4-031452,cataclyv*,0.302179,Gaia DR3 3204746167818260480,19.71,19.84,19.31,2.0769,0.2632,True,False,False,N/A,N/A
https://alerce.online/object/ZTF18aaclrfn,2018-09-12 11:39:42,120.56407,40.17975,https://simbad.u-strasbg.fr/simbad/sim-id?Ident=KUV%2007589%2B4019,cataclyv*,0.151324,Gaia DR3 921311411737108480,16.64,16.72,16.42,0.7509,0.0566,True,True,False,http://localhost/download/files/ZTF18aaclrfn_spec.tar.gz,http://localhost/download/plots/ZTF18aaclrfn_plot.tar.gz
https://alerce.online/object/ZTF17aabxrtj,2018-09-12 11:54:03,82.13643,28.64355,https://simbad.u-strasbg.fr/simbad/sim-id?Ident=1RXS%20J052832.5%2B283824,cataclyv*,1.288243,Gaia DR3 3445477328117272576,16.44,16.53,16.14,4.4384,0.0658,True,True,True,http://localhost/download/files/ZTF17aabxrtj_spec.tar.gz,http://localhost/download/plots/ZTF17aabxrtj_plot.tar.gz
https://alerce.online/object/ZTF18abvnsre,2018-09-13 04:00:55,303.73919,-3.45333,https://simbad.u-strasbg.fr/simbad/sim-id?Ident=ASASSN%20-15jq,cataclyv*,0.298054,Gaia DR3 4222548997727340032,19.41,19.71,18.93,1.5521,0.2861,True,False,False,N/A,N/A
https://alerce.online/object/ZTF18abvpojw,2018-09-13 06:35:27,338.66636,0.69091,https://simbad.u-strasbg.fr/simbad/sim-id?Ident=FASTT%201560,cataclyv*,0.071376,Gaia DR3 2654255639643078528,17.61,17.84,17.03,1.9350,0.0994,True,False,False,N/A,N/A
https://alerce.online/object/ZTF18abvllnd,2018-09-13 10:37:25,61.81160,-6.74035,https://simbad.u-strasbg.fr/simbad/sim-id?Ident=V%2A%20LT%20Eri,cataclyv*,0.092232,Gaia DR3 3197024400735832832,17.02,17.18,16.24,1.4397,0.0541,True,True,True,http://localhost/download/files/ZTF18abvllnd_spec.tar.gz,http://localhost/download/plots/ZTF18abvllnd_plot.tar.gz
https://alerce.online/object/ZTF18aaacfor,2018-09-13 10:50:05,113.42260,67.53763,https://simbad.u-strasbg.fr/simbad/sim-id?Ident=V%2A%20V482%20Cam,cataclyv*,0.170717,Gaia DR3 1108037726271701248,16.03,16.22,15.63,1.7596,0.0356,True,True,True,http://localhost/download/files/ZTF18aaacfor_spec.tar.gz,http://localhost/download/plots/ZTF18aaacfor_plot.tar.gz
https://alerce.online/object/ZTF17aaairkd,2018-09-13 10:51:26,106.04185,62.05777,https://simbad.u-strasbg.fr/simbad/sim-id?Ident=V%2A%20LW%20Cam,cataclyv*,0.128419,Gaia DR3 1099223590090176896,17.72,17.55,16.91,1.8148,0.0624,True,False,False,N/A,N/A
https://alerce.online/object/ZTF18abuqhmk,2018-09-13 10:51:26,112.45219,59.63995,https://simbad.u-strasbg.fr/simbad/sim-id?Ident=MASTER%20OT%20J072948.66%2B593824.4,cataclyv*,0.496386,Gaia DR3 1085880432371109888,18.85,19.03,18.39,2.3613,0.2691,True,True,True,http://localhost/download/files/ZTF18abuqhmk_spec.tar.gz,http://localhost/download/plots/ZTF18abuqhmk_plot.tar.gz
https://alerce.online/object/ZTF18aabiamf,2018-09-13 11:50:57,96.90979,37.31687,https://simbad.u-strasbg.fr/simbad/sim-id?Ident=ASASSN%20-19ej,cataclyv*,0.16751,Gaia DR3 955330812599899776,18.47,18.69,17.88,1.2514,0.1550,True,False,False,N/A,N/A
https://alerce.online/object/ZTF17aadabop,2018-09-13 12:09:16,90.38652,24.99738,https://simbad.u-strasbg.fr/simbad/sim-id?Ident=Gaia%20DR2%203429526472413450496,emline*,0.182782,Gaia DR3 3429526472413450496,18.30,18.41,17.88,0.8785,0.1582,True,False,False,N/A,N/A
https://alerce.online/object/ZTF18abwkyxs,2018-09-13 12:15:19,119.85985,59.89751,https://simbad.u-strasbg.fr/simbad/sim-id?Ident=SBSS%200755%2B600,cataclyv*,0.32073,Gaia DR3 1084309161535850368,18.19,18.33,17.70,2.1135,0.1482,True,False,False,N/A,N/A
https://alerce.online/object/ZTF18aaqjfmv,2018-09-13 12:21:34,106.46447,34.80197,N/A,N/A,,Gaia DR3 891648542228297600,18.27,18.97,17.38,1.8113,0.1599,True,False,False,N/A,N/A
https://alerce.online/object/ZTF18aabsiul,2018-09-13 12:22:12,114.57393,28.92214,https://simbad.u-strasbg.fr/simbad/sim-id?Ident=CRTS%20J073817.7%2B285519,cataclyv*,0.037582,Gaia DR3 878597549661945984,18.46,18.96,17.67,0.8765,0.1697,True,False,False,N/A,N/A
https://alerce.online/object/ZTF18abvtydv,2018-09-13 12:26:10,99.68400,18.26980,https://simbad.u-strasbg.fr/simbad/sim-id?Ident=Gaia%20DR3%203371136087085232128,cataclyv*,0.090545,Gaia DR3 3371136087085232128,18.81,19.05,18.17,1.4985,0.1977,True,False,False,N/A,N/A
https://alerce.online/object/ZTF18abvvgob,2018-09-14 04:40:34,299.00689,37.48269,N/A,N/A,,Gaia DR3 2071912671970442240,16.97,17.26,16.17,1.3463,0.2069,True,True,False,http://localhost/download/files/ZTF18abvvgob_spec.tar.gz,http://localhost/download/plots/ZTF18abvvgob_plot.tar.gz
https://alerce.online/object/ZTF18abvwpum,2018-09-14 06:46:11,314.88720,-9.27114,https://simbad.u-strasbg.fr/simbad/sim-id?Ident=CRTS%20J205932.9-091616,cataclyv*,1.063802,Gaia DR3 6908543165784022528,16.93,17.14,16.45,0.7815,0.0626,True,True,True,http://localhost/download/files/ZTF18abvwpum_spec.tar.gz,http://localhost/download/plots/ZTF18abvwpum_plot.tar.gz
https://alerce.online/object/ZTF18abvyppa,2018-09-14 08:43:38,330.06989,69.81729,N/A,N/A,,Gaia DR3 2223490589025491840,17.72,18.02,17.21,0.8719,0.0726,True,False,False,N/A,N/A
https://alerce.online/object/ZTF18abvmlol,2018-09-14 09:53:07,36.88687,13.10468,https://simbad.u-strasbg.fr/simbad/sim-id?Ident=CRTS%20J022732.9%2B130617,cataclyv*,0.330853,Gaia DR3 74525692700241408,17.79,17.98,16.96,2.0518,0.0869,True,False,False,N/A,N/A
https://alerce.online/object/ZTF17aaclmvx,2018-09-14 12:19:11,140.62183,33.12878,https://simbad.u-strasbg.fr/simbad/sim-id?Ident=SDSS%20J092229.25%2B330743.5,cataclyv*,0.252642,Gaia DR3 702007319289982336,18.48,18.60,18.21,1.4876,0.2548,True,True,False,http://localhost/download/files/ZTF17aaclmvx_spec.tar.gz,http://localhost/download/plots/ZTF17aaclmvx_plot.tar.gz
https://alerce.online/object/ZTF17aaajcdl,2018-09-14 12:21:52,116.03568,15.65270,https://simbad.u-strasbg.fr/simbad/sim-id?Ident=Gaia%20DR3%203165642238639102592,star,0.313946,Gaia DR3 3165642238639102592,17.87,18.00,17.51,2.1993,0.1211,True,False,False,N/A,N/A
https://alerce.online/object/ZTF18abwevim,2018-09-15 06:58:04,313.17364,30.62451,https://simbad.u-strasbg.fr/simbad/sim-id?Ident=Gaia%20DR3%201858810207330887296,eclbin,0.246326,Gaia DR3 1858810207330887296,18.01,18.59,17.24,0.8755,0.1129,True,False,False,N/A,N/A
https://alerce.online/object/ZTF18abvuarq,2018-09-15 07:15:30,354.22357,49.11910,N/A,N/A,,Gaia DR3 1943402916812002304,18.71,19.38,17.81,2.4391,0.1525,True,False,False,N/A,N/A
https://alerce.online/object/ZTF18abwfkan,2018-09-15 07:37:20,2.97673,52.17372,N/A,N/A,,Gaia DR3 395817210973146880,18.05,18.47,16.68,1.9006,0.3726,True,False,False,N/A,N/A
https://alerce.online/object/ZTF18abwfkvl,2018-09-15 07:39:17,9.65647,79.36032,https://simbad.u-strasbg.fr/simbad/sim-id?Ident=Gaia%20DR2%20564802669169339648,cataclyv*,0.174656,Gaia DR3 564802664874705536,18.93,19.17,18.05,1.3332,0.0596,True,False,False,N/A,N/A
https://alerce.online/object/ZTF18abuvhrx,2018-09-15 07:48:01,6.39976,22.62800,https://simbad.u-strasbg.fr/simbad/sim-id?Ident=GALEX%20J002535.8%2B223742,whitedwarf,2.301629,Gaia DR3 2800064999043636224,17.99,18.01,18.00,6.3193,0.1236,True,True,False,http://localhost/download/files/ZTF18abuvhrx_spec.tar.gz,http://localhost/download/plots/ZTF18abuvhrx_plot.tar.gz
https://alerce.online/object/ZTF18abwiccd,2018-09-15 08:50:58,355.08615,76.70290,https://simbad.u-strasbg.fr/simbad/sim-id?Ident=PPMXL%20276192295864105445,cataclyv*,0.382789,Gaia DR3 2233452336170027648,17.20,17.55,16.35,1.7876,0.0526,True,True,True,http://localhost/download/files/ZTF18abwiccd_spec.tar.gz,http://localhost/download/plots/ZTF18abwiccd_plot.tar.gz
https://alerce.online/object/ZTF18aabfcyi,2018-09-15 10:46:03,18.88414,37.62655,https://simbad.u-strasbg.fr/simbad/sim-id?Ident=V%2A%20FO%20And,cataclyv*,0.429421,Gaia DR3 321856332242222336,17.67,17.80,17.19,1.6657,0.0849,True,False,False,N/A,N/A
https://alerce.online/object/ZTF17aaajsgj,2018-09-15 11:27:19,44.00476,44.72290,N/A,N/A,,Gaia DR3 433637971426905216,16.09,16.29,15.69,1.0678,0.0429,True,True,True,http://localhost/download/files/ZTF17aaajsgj_spec.tar.gz,http://localhost/download/plots/ZTF17aaajsgj_plot.tar.gz
https://alerce.online/object/ZTF18abydmyu,2018-09-15 11:40:37,86.95162,28.58641,https://simbad.u-strasbg.fr/simbad/sim-id?Ident=V%2A%20FS%20Aur,cataclyv*,0.393675,Gaia DR3 3443331944709730176,15.65,15.79,15.31,1.7304,0.0403,True,True,True,http://localhost/download/files/ZTF18abydmyu_spec.tar.gz,http://localhost/download/plots/ZTF18abydmyu_plot.tar.gz
https://alerce.online/object/ZTF17aaaheoj,2018-09-15 11:44:36,87.12781,53.73391,https://simbad.u-strasbg.fr/simbad/sim-id?Ident=ZTF17aaaheoj,cataclyv*,0.428626,Gaia DR3 264123106973237632,19.60,18.34,17.65,2.3294,0.0749,True,False,False,N/A,N/A
https://alerce.online/object/ZTF18aaaasqw,2018-09-15 11:44:36,93.39654,58.14456,https://simbad.u-strasbg.fr/simbad/sim-id?Ident=UCAC4%20741-043102,hotsubdwarf_candidate,0.2333,Gaia DR3 999294029122286848,14.48,14.54,14.30,1.6968,0.0216,True,True,False,http://localhost/download/files/ZTF18aaaasqw_spec.tar.gz,http://localhost/download/plots/ZTF18aaaasqw_plot.tar.gz
https://alerce.online/object/ZTF18abwlbjr,2018-09-15 12:08:31,97.36722,2.13138,https://simbad.u-strasbg.fr/simbad/sim-id?Ident=Gaia%20DR2%203124020711304718848,emline*,0.075131,Gaia DR3 3124020711304718848,16.98,17.21,16.28,1.1451,0.0606,True,True,False,http://localhost/download/files/ZTF18abwlbjr_spec.tar.gz,http://localhost/download/plots/ZTF18abwlbjr_plot.tar.gz
https://alerce.online/object/ZTF18abwlbmw,2018-09-15 12:08:31,99.63704,2.03540,N/A,N/A,,Gaia DR3 3126748732793713024,17.95,18.20,17.49,0.7087,0.1416,True,False,False,N/A,N/A
https://alerce.online/object/ZTF17aacjbxs,2018-09-15 12:13:08,100.18561,25.68298,https://simbad.u-strasbg.fr/simbad/sim-id?Ident=ATO%20J100.1855%2B25.6829,eclbin,0.08116,Gaia DR3 3384807444726636160,17.56,17.83,16.93,0.6953,0.1210,True,True,False,http://localhost/download/files/ZTF17aacjbxs_spec.tar.gz,http://localhost/download/plots/ZTF17aacjbxs_plot.tar.gz
https://alerce.online/object/ZTF17aacmxtu,2018-09-15 12:13:47,93.82138,32.24776,N/A,N/A,,Gaia DR3 3439726023309801216,18.21,18.45,17.45,0.8398,0.1386,True,False,False,N/A,N/A
https://alerce.online/object/ZTF18aaagcqv,2018-09-15 12:23:19,131.01670,79.73598,https://simbad.u-strasbg.fr/simbad/sim-id?Ident=MASTER%20OT%20J084404.01%2B794408.7,cataclyv*,0.824114,Gaia DR3 1144277041110541440,18.14,17.83,17.38,1.8775,0.0955,True,False,False,N/A,N/A
https://alerce.online/object/ZTF18acacqhs,2018-09-16 06:27:26,308.83495,53.14833,N/A,N/A,,Gaia DR3 2181688187738283392,17.78,18.04,17.41,0.5738,0.0788,True,False,False,N/A,N/A
https://alerce.online/object/ZTF18abwpsyj,2018-09-16 08:32:07,22.21917,-23.66241,https://simbad.u-strasbg.fr/simbad/sim-id?Ident=V%2A%20EQ%20Cet,cataclyv*,1.038163,Gaia DR3 5041907811522399488,17.57,17.69,16.97,3.5063,0.0876,True,True,True,http://localhost/download/files/ZTF18abwpsyj_spec.tar.gz,http://localhost/download/plots/ZTF18abwpsyj_plot.tar.gz
https://alerce.online/object/ZTF18abvlmbn,2018-09-16 09:36:39,17.44259,-27.75674,https://simbad.u-strasbg.fr/simbad/sim-id?Ident=2QZ%20J010946.1-274524,cataclyv*_candidate,0.454749,Gaia DR3 5033623021471044224,19.03,19.17,18.67,1.1764,0.2315,True,True,False,http://localhost/download/files/ZTF18abvlmbn_spec.tar.gz,http://localhost/download/plots/ZTF18abvlmbn_plot.tar.gz
https://alerce.online/object/ZTF18abvkzmr,2018-09-16 09:39:57,28.93121,0.46873,https://simbad.u-strasbg.fr/simbad/sim-id?Ident=V%2A%20FL%20Cet,cataclyv*,1.3154,Gaia DR3 2507796391561705728,18.65,18.84,17.85,3.1546,0.1592,True,True,False,http://localhost/download/files/ZTF18abvkzmr_spec.tar.gz,http://localhost/download/plots/ZTF18abvkzmr_plot.tar.gz
https://alerce.online/object/ZTF18abwkiar,2018-09-16 10:33:21,60.47425,-14.67776,https://simbad.u-strasbg.fr/simbad/sim-id?Ident=ASASSN%20-14gt,cataclyv*,0.140262,Gaia DR3 5110030420947536640,18.38,18.52,18.14,1.2494,0.1607,True,False,False,N/A,N/A
https://alerce.online/object/ZTF18abwbjjy,2018-09-16 10:34:39,65.65885,-13.35855,https://simbad.u-strasbg.fr/simbad/sim-id?Ident=V%2A%20AH%20Eri,cataclyv*,0.332306,Gaia DR3 3176908972944418816,17.39,17.79,16.70,0.8748,0.0688,True,True,True,http://localhost/download/files/ZTF18abwbjjy_spec.tar.gz,http://localhost/download/plots/ZTF18abwbjjy_plot.tar.gz
https://alerce.online/object/ZTF18aaahnyx,2018-09-16 10:48:55,109.51384,64.79575,https://simbad.u-strasbg.fr/simbad/sim-id?Ident=SDSS%20J071803.31%2B644745.0,cataclyv*,0.167623,Gaia DR3 1101345166494742400,18.13,18.28,17.73,1.4697,0.1081,True,True,True,http://localhost/download/files/ZTF18aaahnyx_spec.tar.gz,http://localhost/download/plots/ZTF18aaahnyx_plot.tar.gz
https://alerce.online/object/ZTF18aabhuyb,2018-09-16 11:07:19,108.75254,8.38581,N/A,N/A,,Gaia DR3 3155137435827580160,17.19,17.59,16.43,1.0534,0.0850,True,True,True,http://localhost/download/files/ZTF18aabhuyb_spec.tar.gz,http://localhost/download/plots/ZTF18aabhuyb_plot.tar.gz
https://alerce.online/object/ZTF18abwsres,2018-09-16 11:18:11,89.68948,39.25916,https://simbad.u-strasbg.fr/simbad/sim-id?Ident=MASTER%20OT%20J055845.55%2B391533.4,cataclyv*,0.414689,Gaia DR3 3458275544681382912,18.70,18.89,18.26,2.0512,0.1414,True,True,False,http://localhost/download/files/ZTF18abwsres_spec.tar.gz,http://localhost/download/plots/ZTF18abwsres_plot.tar.gz
https://alerce.online/object/ZTF18abnkaoz,2018-09-17 04:02:04,288.34116,0.18836,N/A,N/A,,Gaia DR3 4264209355906019712,16.83,17.05,16.32,0.6192,0.0902,True,False,False,N/A,N/A
https://alerce.online/object/ZTF18abwuper,2018-09-17 04:32:09,314.82263,-20.00289,N/A,N/A,,Gaia DR3 6809389417646048256,18.10,18.37,17.60,1.1055,0.1568,True,False,False,N/A,N/A
https://alerce.online/object/ZTF18abwurjm,2018-09-17 04:34:47,301.97843,3.46059,https://simbad.u-strasbg.fr/simbad/sim-id?Ident=USNO-A2.0%200900-17773283,cataclyv*,0.045602,Gaia DR3 4247077242421541760,18.77,18.86,18.18,1.6368,0.2159,True,False,False,N/A,N/A
https://alerce.online/object/ZTF17aaagyuc,2018-09-17 11:36:00,80.96571,1.00854,https://simbad.u-strasbg.fr/simbad/sim-id?Ident=V%2A%20BI%20Ori,cataclyv*,0.13381,Gaia DR3 3222072856163838976,16.00,16.22,15.46,1.4381,0.0496,True,True,False,http://localhost/download/files/ZTF17aaagyuc_spec.tar.gz,http://localhost/download/plots/ZTF17aaagyuc_plot.tar.gz
https://alerce.online/object/ZTF17aacmljo,2018-09-17 11:40:37,93.22945,22.17037,https://simbad.u-strasbg.fr/simbad/sim-id?Ident=2MASS%20J06125506%2B2210136,cataclyv*,0.253763,Gaia DR3 3376955492893794048,15.89,16.02,15.59,1.1187,0.0455,True,True,True,http://localhost/download/files/ZTF17aacmljo_spec.tar.gz,http://localhost/download/plots/ZTF17aacmljo_plot.tar.gz
https://alerce.online/object/ZTF18aaahoru,2018-09-17 12:34:37,140.04660,33.94508,https://simbad.u-strasbg.fr/simbad/sim-id?Ident=V%2A%20BK%20Lyn,cataclyv*,0.237963,Gaia DR3 702296666944246784,14.49,14.50,14.44,1.8957,0.0293,True,True,False,http://localhost/download/files/ZTF18aaahoru_spec.tar.gz,http://localhost/download/plots/ZTF18aaahoru_plot.tar.gz
https://alerce.online/object/ZTF18abxdqpx,2018-09-18 07:17:28,315.55870,68.12521,https://simbad.u-strasbg.fr/simbad/sim-id?Ident=2MASS%20J21021404%2B6807306,yso,0.136664,Gaia DR3 2270057376064683904,18.70,19.44,17.47,2.8578,0.2320,True,False,False,N/A,N/A
https://alerce.online/object/ZTF18abvzkly,2018-09-18 08:26:50,352.51265,30.55008,https://simbad.u-strasbg.fr/simbad/sim-id?Ident=CRTS%20J233003.0%2B303300,cataclyv*,0.121667,Gaia DR3 2869854820286374016,18.29,18.61,17.54,1.2265,0.1820,True,False,False,N/A,N/A
https://alerce.online/object/ZTF18abtzbkp,2018-09-18 10:24:04,57.52213,22.83486,N/A,N/A,,Gaia DR3 64147020193671936,18.52,19.42,17.49,5.1308,0.1980,True,False,False,N/A,N/A
https://alerce.online/object/ZTF18aabfaxr,2018-09-18 10:46:53,27.56742,37.93862,https://simbad.u-strasbg.fr/simbad/sim-id?Ident=LAMOST%20J015016.17%2B375618.9,cataclyv*,0.06572,Gaia DR3 342789139554660096,17.72,17.92,16.94,1.3658,0.1124,True,True,True,http://localhost/download/files/ZTF18aabfaxr_spec.tar.gz,http://localhost/download/plots/ZTF18aabfaxr_plot.tar.gz
https://alerce.online/object/ZTF18abxaase,2018-09-18 11:19:01,81.99185,80.04314,https://simbad.u-strasbg.fr/simbad/sim-id?Ident=Gaia%20DR3%20553777140227670272,eclbin,0.256414,Gaia DR3 553777140227670272,19.23,19.89,18.39,1.6120,0.2664,True,False,False,N/A,N/A
https://alerce.online/object/ZTF18abydjvi,2018-09-18 11:24:26,57.54479,32.54151,https://simbad.u-strasbg.fr/simbad/sim-id?Ident=CRTS%20J035010.7%2B323230,cataclyv*_candidate,0.525752,Gaia DR3 216866264713691904,19.31,19.44,18.27,1.7277,0.2742,True,False,False,N/A,N/A
https://alerce.online/object/ZTF17aabhebx,2018-09-18 12:37:43,130.10901,22.07947,https://simbad.u-strasbg.fr/simbad/sim-id?Ident=SDSS%20J084026.15%2B220446.5,cataclyv*,0.546124,Gaia DR3 665231545856102400,19.38,19.44,18.81,2.4962,0.3762,True,True,True,http://localhost/download/files/ZTF17aabhebx_spec.tar.gz,http://localhost/download/plots/ZTF17aabhebx_plot.tar.gz
https://alerce.online/object/ZTF18aabjabo,2018-09-18 12:38:24,119.22134,8.97549,https://simbad.u-strasbg.fr/simbad/sim-id?Ident=2MASS%20J07565311%2B0858319,cataclyv*,0.138019,Gaia DR3 3146975005100167296,16.88,17.02,16.65,0.8983,0.0681,True,True,True,http://localhost/download/files/ZTF18aabjabo_spec.tar.gz,http://localhost/download/plots/ZTF18aabjabo_plot.tar.gz
https://alerce.online/object/ZTF18abyxjqi,2018-09-19 08:25:22,332.27395,-3.77185,https://simbad.u-strasbg.fr/simbad/sim-id?Ident=V%2A%20UU%20Aqr,cataclyv*,1.000806,Gaia DR3 2675351827511262720,13.51,13.71,13.20,3.8487,0.0198,True,True,True,http://localhost/download/files/ZTF18abyxjqi_spec.tar.gz,http://localhost/download/plots/ZTF18abyxjqi_plot.tar.gz
https://alerce.online/object/ZTF18abwzssj,2018-09-19 10:04:47,24.25423,-9.21005,https://simbad.u-strasbg.fr/simbad/sim-id?Ident=V%2A%20GZ%20Cet,cataclyv*,1.665134,Gaia DR3 2465053942183130240,18.28,18.64,17.64,3.3481,0.1481,True,True,True,http://localhost/download/files/ZTF18abwzssj_spec.tar.gz,http://localhost/download/plots/ZTF18abwzssj_plot.tar.gz
https://alerce.online/object/ZTF18abxkang,2018-09-20 03:12:57,291.71644,50.55033,https://simbad.u-strasbg.fr/simbad/sim-id?Ident=%5BTCH2018%5D%20KIC%20012062071-02,planet_candidate,0.573802,Gaia DR3 2130112326354193024,19.12,19.21,18.98,4.1079,0.1925,True,True,True,http://localhost/download/files/ZTF18abxkang_spec.tar.gz,http://localhost/download/plots/ZTF18abxkang_plot.tar.gz
https://alerce.online/object/ZTF18abxxeny,2018-09-20 04:07:11,239.22705,21.12187,https://simbad.u-strasbg.fr/simbad/sim-id?Ident=V%2A%20QZ%20Ser,cataclyv*,0.420597,Gaia DR3 1204588041329337600,17.27,17.81,16.53,3.1106,0.0742,True,True,False,http://localhost/download/files/ZTF18abxxeny_spec.tar.gz,http://localhost/download/plots/ZTF18abxxeny_plot.tar.gz
https://alerce.online/object/ZTF18abycakk,2018-09-21 09:50:14,3.76935,28.67961,https://simbad.u-strasbg.fr/simbad/sim-id?Ident=ATO%20J003.7693%2B28.6796,rscvnv*,0.509512,Gaia DR3 2859983434955681536,16.92,17.24,16.47,1.2826,0.0766,True,True,False,http://localhost/download/files/ZTF18abycakk_spec.tar.gz,http://localhost/download/plots/ZTF18abycakk_plot.tar.gz
https://alerce.online/object/ZTF18abyemxi,2018-09-21 12:05:07,104.08525,35.93856,https://simbad.u-strasbg.fr/simbad/sim-id?Ident=ZTF18abyemxi,cataclyv*_candidate,0.066566,Gaia DR3 940696587712169600,19.54,18.86,18.01,2.3898,0.4643,True,False,False,N/A,N/A
https://alerce.online/object/ZTF17aaahnsb,2018-09-21 12:05:07,102.58127,30.04533,https://simbad.u-strasbg.fr/simbad/sim-id?Ident=PNV%20J06501960%2B3002449,cataclyv*,0.302433,Gaia DR3 888664540685320448,18.45,18.53,17.94,2.6123,0.1657,True,False,False,N/A,N/A
https://alerce.online/object/ZTF17aaarvmd,2018-09-21 12:25:25,78.92260,1.07789,https://simbad.u-strasbg.fr/simbad/sim-id?Ident=V%2A%20V1309%20Ori,cataclyv*,0.198681,Gaia DR3 3233813338246568448,15.73,16.11,15.14,1.5245,0.0371,True,True,False,http://localhost/download/files/ZTF17aaarvmd_spec.tar.gz,http://localhost/download/plots/ZTF17aaarvmd_plot.tar.gz
https://alerce.online/object/ZTF18aaacmkb,2018-09-21 12:39:14,151.31912,69.69343,https://simbad.u-strasbg.fr/simbad/sim-id?Ident=2MASS%20J10051658%2B6941367,cataclyv*,0.111915,Gaia DR3 1070597495622821376,18.71,18.92,17.97,0.8986,0.1373,True,False,False,N/A,N/A
https://alerce.online/object/ZTF18abyindo,2018-09-22 10:00:31,62.57005,-8.57214,https://simbad.u-strasbg.fr/simbad/sim-id?Ident=GALEX%20J041016.8-083419,whitedwarf,0.456855,Gaia DR3 3195473019892503552,17.43,17.50,17.28,4.0673,0.1127,True,True,False,http://localhost/download/files/ZTF18abyindo_spec.tar.gz,http://localhost/download/plots/ZTF18abyindo_plot.tar.gz
https://alerce.online/object/ZTF18abzyvjx,2018-09-23 08:40:47,63.37183,31.27451,https://simbad.u-strasbg.fr/simbad/sim-id?Ident=2MASS%20J04132921%2B3116279,cataclyv*,0.216507,Gaia DR3 166065705072038144,16.84,16.94,16.42,0.7425,0.0696,True,True,True,http://localhost/download/files/ZTF18abzyvjx_spec.tar.gz,http://localhost/download/plots/ZTF18abzyvjx_plot.tar.gz
https://alerce.online/object/ZTF18abyxkrp,2018-09-24 08:15:47,311.66115,60.63411,https://simbad.u-strasbg.fr/simbad/sim-id?Ident=V%2A%20V713%20Cep,cataclyv*,0.319429,Gaia DR3 2194206707428148480,18.35,18.65,17.86,3.1226,0.1091,True,False,False,N/A,N/A
https://alerce.online/object/ZTF18abyiixb,2018-09-24 10:46:17,81.64716,77.29050,N/A,N/A,,Gaia DR3 552282495906894720,17.81,18.27,16.84,3.8684,0.4272,True,False,False,N/A,N/A
https://alerce.online/object/ZTF18aabahqd,2018-09-24 11:47:52,143.20660,47.42301,https://simbad.u-strasbg.fr/simbad/sim-id?Ident=US%20%20691,cataclyv*,0.136698,Gaia DR3 825341673177429376,19.25,19.27,18.84,1.4578,0.2699,True,True,True,http://localhost/download/files/ZTF18aabahqd_spec.tar.gz,http://localhost/download/plots/ZTF18aabahqd_plot.tar.gz
https://alerce.online/object/ZTF17aadcbci,2018-09-24 12:19:37,104.03246,33.60168,https://simbad.u-strasbg.fr/simbad/sim-id?Ident=LAMOST%20J065607.77%2B333606.1,cataclyv*,0.208463,Gaia DR3 939107385389711232,17.84,17.94,17.19,1.1276,0.0763,True,True,True,http://localhost/download/files/ZTF17aadcbci_spec.tar.gz,http://localhost/download/plots/ZTF17aadcbci_plot.tar.gz
https://alerce.online/object/ZTF17aabrzfl,2018-09-25 10:01:51,57.73346,-20.80445,https://simbad.u-strasbg.fr/simbad/sim-id?Ident=ATO%20J057.7334-20.8044,eclbin_candidate,0.587288,Gaia DR3 5093945085525624448,14.78,15.25,13.95,7.9664,0.0221,True,True,True,http://localhost/download/files/ZTF17aabrzfl_spec.tar.gz,http://localhost/download/plots/ZTF17aabrzfl_plot.tar.gz
https://alerce.online/object/ZTF18abzboko,2018-09-25 12:37:49,94.30199,10.35480,https://simbad.u-strasbg.fr/simbad/sim-id?Ident=Gaia%20DR2%203329254314791421056,emline*,0.162772,Gaia DR3 3329254314791421056,18.84,18.96,18.04,1.4256,0.1645,True,False,False,N/A,N/A
https://alerce.online/object/ZTF18aabbbeu,2018-09-26 11:34:34,131.11294,12.87554,https://simbad.u-strasbg.fr/simbad/sim-id?Ident=V%2A%20AC%20Cnc,cataclyv*,0.097577,Gaia DR3 602285226719526784,14.14,14.38,13.72,1.5639,0.0198,True,True,True,http://localhost/download/files/ZTF18aabbbeu_spec.tar.gz,http://localhost/download/plots/ZTF18aabbbeu_plot.tar.gz
https://alerce.online/object/ZTF18aabitjt,2018-09-26 11:34:34,131.11294,12.87555,https://simbad.u-strasbg.fr/simbad/sim-id?Ident=V%2A%20AC%20Cnc,cataclyv*,0.092504,Gaia DR3 602285226719526784,14.14,14.38,13.72,1.5639,0.0198,True,True,True,http://localhost/download/files/ZTF18aabitjt_spec.tar.gz,http://localhost/download/plots/ZTF18aabitjt_plot.tar.gz
https://alerce.online/object/ZTF18aabstqr,2018-09-26 11:40:30,144.94955,32.96865,https://simbad.u-strasbg.fr/simbad/sim-id?Ident=GALEX%20J093948.0%2B325808,whitedwarf,1.018505,Gaia DR3 794184674743537152,17.79,17.77,17.71,2.3679,0.1195,True,True,False,http://localhost/download/files/ZTF18aabstqr_spec.tar.gz,http://localhost/download/plots/ZTF18aabstqr_plot.tar.gz
https://alerce.online/object/ZTF18abzspma,2018-09-27 10:05:20,43.59268,44.50711,N/A,N/A,,Gaia DR3 433584335876697216,17.44,17.97,16.67,6.1046,0.0974,True,True,False,http://localhost/download/files/ZTF18abzspma_spec.tar.gz,http://localhost/download/plots/ZTF18abzspma_plot.tar.gz
https://alerce.online/object/ZTF18abzvtjl,2018-09-28 04:00:58,304.00432,-6.88271,N/A,N/A,,Gaia DR3 4217070367505811584,17.86,18.06,17.42,1.0359,0.1964,True,False,False,N/A,N/A
https://alerce.online/object/ZTF18abzlryq,2018-09-28 11:52:03,105.81191,20.35934,https://simbad.u-strasbg.fr/simbad/sim-id?Ident=USNO-B1.0%201103-00133443,star,0.286565,Gaia DR3 3365243976067685632,19.78,19.92,18.95,1.0555,0.1876,True,False,False,N/A,N/A
https://alerce.online/object/ZTF18acaciry,2018-09-29 03:40:43,288.33818,36.53453,N/A,N/A,,Gaia DR3 2050792496679914496,17.56,17.58,16.75,3.2587,0.4004,True,True,False,http://localhost/download/files/ZTF18acaciry_spec.tar.gz,http://localhost/download/plots/ZTF18acaciry_plot.tar.gz
https://alerce.online/object/ZTF18acadvne,2018-09-29 05:31:44,320.85696,-15.66510,https://simbad.u-strasbg.fr/simbad/sim-id?Ident=ASASSN%20-14dh,cataclyv*,0.44647,Gaia DR3 6836134209062216320,19.32,19.59,18.78,1.8114,0.2859,True,False,False,N/A,N/A
https://alerce.online/object/ZTF17aaantxj,2018-09-29 12:02:50,129.07979,21.35142,https://simbad.u-strasbg.fr/simbad/sim-id?Ident=V%2A%20CC%20Cnc,cataclyv*,0.301464,Gaia DR3 664787098343076992,17.45,17.65,16.87,2.0254,0.0960,True,True,True,http://localhost/download/files/ZTF17aaantxj_spec.tar.gz,http://localhost/download/plots/ZTF17aaantxj_plot.tar.gz
https://alerce.online/object/ZTF18aallweb,2018-09-29 12:04:08,135.96133,33.00996,https://simbad.u-strasbg.fr/simbad/sim-id?Ident=CRTS%20J090350.7%2B330036,cataclyv*,0.252069,Gaia DR3 712480889099565696,18.94,19.08,18.70,3.0620,0.2547,True,True,True,http://localhost/download/files/ZTF18aallweb_spec.tar.gz,http://localhost/download/plots/ZTF18aallweb_plot.tar.gz
https://alerce.online/object/ZTF18acajudm,2018-10-06 08:29:02,26.68607,48.44709,https://simbad.u-strasbg.fr/simbad/sim-id?Ident=MASTER%20OT%20J014644.56%2B482650.2,cataclyv*,0.162418,Gaia DR3 357308297975783296,19.51,19.70,19.21,1.3616,0.2107,True,False,False,N/A,N/A
https://alerce.online/object/ZTF18abuarhr,2018-10-06 09:29:31,57.10240,-11.08803,N/A,N/A,,Gaia DR3 5115681159096347904,16.99,17.20,16.65,1.3003,0.0729,True,False,False,N/A,N/A
https://alerce.online/object/ZTF18acalcpe,2018-10-06 09:34:53,38.61578,-4.90858,https://simbad.u-strasbg.fr/simbad/sim-id?Ident=PHL%20%201364,cataclyv*,0.860039,Gaia DR3 2488974302977323008,15.20,15.22,15.02,12.2825,0.0296,True,True,True,http://localhost/download/files/ZTF18acalcpe_spec.tar.gz,http://localhost/download/plots/ZTF18acalcpe_plot.tar.gz
https://alerce.online/object/ZTF17aacnucz,2018-10-06 10:53:15,93.82138,32.24777,N/A,N/A,,Gaia DR3 3439726023309801216,18.21,18.45,17.45,0.8398,0.1386,True,False,False,N/A,N/A
https://alerce.online/object/ZTF17aaaryjg,2018-10-06 10:56:35,78.92257,1.07788,https://simbad.u-strasbg.fr/simbad/sim-id?Ident=V%2A%20V1309%20Ori,cataclyv*,0.138645,Gaia DR3 3233813338246568448,15.73,16.11,15.14,1.5245,0.0371,True,True,False,http://localhost/download/files/ZTF17aaaryjg_spec.tar.gz,http://localhost/download/plots/ZTF17aaaryjg_plot.tar.gz
https://alerce.online/object/ZTF17aacekfc,2018-10-06 12:03:07,118.13818,29.72765,https://simbad.u-strasbg.fr/simbad/sim-id?Ident=SDSS%20J075233.17%2B294339.7,cataclyv*,0.236689,Gaia DR3 875941782403757056,18.50,18.62,18.22,1.4198,0.1537,True,False,False,N/A,N/A
https://alerce.online/object/ZTF17aadeudb,2018-10-06 12:03:07,118.13819,29.72764,https://simbad.u-strasbg.fr/simbad/sim-id?Ident=SDSS%20J075233.17%2B294339.7,cataclyv*,0.28346,Gaia DR3 875941782403757056,18.50,18.62,18.22,1.4198,0.1537,True,False,False,N/A,N/A
https://alerce.online/object/ZTF18acehxdu,2018-10-09 02:49:56,300.29614,19.64780,N/A,N/A,,Gaia DR3 1823081984998011776,18.38,18.42,17.73,0.8674,0.1248,True,False,False,N/A,N/A
https://alerce.online/object/ZTF18acauhpf,2018-10-09 06:14:48,317.92701,41.65466,https://simbad.u-strasbg.fr/simbad/sim-id?Ident=Gaia%20DR3%201968631176751748352,eclbin,0.591385,Gaia DR3 1968631176751748352,18.19,18.65,17.45,2.8378,0.1018,True,False,False,N/A,N/A
https://alerce.online/object/ZTF17aabveay,2018-10-31 08:29:49,57.73348,-20.80445,https://simbad.u-strasbg.fr/simbad/sim-id?Ident=ATO%20J057.7334-20.8044,eclbin_candidate,0.634165,Gaia DR3 5093945085525624448,14.78,15.25,13.95,7.9664,0.0221,True,True,True,http://localhost/download/files/ZTF17aabveay_spec.tar.gz,http://localhost/download/plots/ZTF17aabveay_plot.tar.gz
https://alerce.online/object/ZTF18aacztkx,2018-10-31 10:10:07,77.38415,45.16493,https://simbad.u-strasbg.fr/simbad/sim-id?Ident=Gaia%20DR3%20205725119549955456,whitedwarf,1.400981,Gaia DR3 205725119549955456,17.43,17.47,17.43,7.5228,0.0927,True,True,False,http://localhost/download/files/ZTF18aacztkx_spec.tar.gz,http://localhost/download/plots/ZTF18aacztkx_plot.tar.gz
https://alerce.online/object/ZTF18aafnnim,2018-10-31 12:07:13,108.17418,15.04941,https://simbad.u-strasbg.fr/simbad/sim-id?Ident=LAMOST%20J071241.81%2B150257.9,star,0.162091,Gaia DR3 3167660293449736704,16.15,16.32,15.73,1.0477,0.1831,True,True,False,http://localhost/download/files/ZTF18aafnnim_spec.tar.gz,http://localhost/download/plots/ZTF18aafnnim_plot.tar.gz
https://alerce.online/object/ZTF18aabvryz,2018-10-31 12:39:31,129.68845,49.18195,https://simbad.u-strasbg.fr/simbad/sim-id?Ident=SDSS%20J083845.23%2B491055.4,cataclyv*,0.334998,Gaia DR3 1014962001098647680,18.27,18.43,17.82,1.4052,0.1579,True,True,True,http://localhost/download/files/ZTF18aabvryz_spec.tar.gz,http://localhost/download/plots/ZTF18aabvryz_plot.tar.gz
https://alerce.online/object/ZTF18acbwfii,2018-10-31 12:42:19,129.99876,74.04079,https://simbad.u-strasbg.fr/simbad/sim-id?Ident=AT%202018hwd,cataclyv*,0.222829,Gaia DR3 1123290903189100160,18.70,18.71,18.23,1.4233,0.1386,True,True,True,http://localhost/download/files/ZTF18acbwfii_spec.tar.gz,http://localhost/download/plots/ZTF18acbwfii_plot.tar.gz
https://alerce.online/object/ZTF18abiwfch,2018-11-01 02:23:24,278.26695,46.61807,https://simbad.u-strasbg.fr/simbad/sim-id?Ident=ATO%20J278.2669%2B46.6181,rscvnv*,0.335409,Gaia DR3 2118607522015143936,15.70,15.57,15.88,1.4335,0.0301,True,True,False,http://localhost/download/files/ZTF18abiwfch_spec.tar.gz,http://localhost/download/plots/ZTF18abiwfch_plot.tar.gz
https://alerce.online/object/ZTF18acaxfpa,2018-11-01 03:44:03,287.21493,43.00864,https://simbad.u-strasbg.fr/simbad/sim-id?Ident=V%2A%20V363%20Lyr,cataclyv*,0.184037,Gaia DR3 2105585421693855744,17.37,17.34,16.81,0.5997,0.0502,True,True,False,http://localhost/download/files/ZTF18acaxfpa_spec.tar.gz,http://localhost/download/plots/ZTF18acaxfpa_plot.tar.gz
https://alerce.online/object/ZTF18aabfylz,2018-11-01 08:46:36,82.90512,48.40855,N/A,N/A,,Gaia DR3 212484917035335552,17.30,17.27,16.70,0.6987,0.1100,True,True,False,http://localhost/download/files/ZTF18aabfylz_spec.tar.gz,http://localhost/download/plots/ZTF18aabfylz_plot.tar.gz
https://alerce.online/object/ZTF17aadqurq,2018-11-01 09:07:02,89.74740,16.66103,N/A,N/A,,Gaia DR3 3348977762394216704,18.80,19.52,17.82,1.2459,0.2093,True,False,False,N/A,N/A
https://alerce.online/object/ZTF17aacvfmz,2018-11-01 10:26:41,59.77470,17.84289,https://simbad.u-strasbg.fr/simbad/sim-id?Ident=CRTS%20J035905.8%2B175034,cataclyv*,0.443807,Gaia DR3 49688618383635200,17.61,17.85,16.91,2.4241,0.1033,True,True,False,http://localhost/download/files/ZTF17aacvfmz_spec.tar.gz,http://localhost/download/plots/ZTF17aacvfmz_plot.tar.gz
https://alerce.online/object/ZTF18aaaocpc,2018-11-01 11:15:14,146.65221,44.77907,https://simbad.u-strasbg.fr/simbad/sim-id?Ident=V%2A%20DV%20UMa,cataclyv*,0.702905,Gaia DR3 820959638305816448,18.61,18.82,17.96,2.5859,0.1544,True,False,False,N/A,N/A
https://alerce.online/object/ZTF18acbwauy,2018-11-01 11:49:47,180.62916,45.06361,https://simbad.u-strasbg.fr/simbad/sim-id?Ident=SDSS%20J120231.01%2B450349.1,cataclyv*,0.148922,Gaia DR3 1539493368978351104,19.61,19.72,19.36,2.0257,0.2113,True,False,False,N/A,N/A
https://alerce.online/object/ZTF18aaglptg,2018-11-01 12:26:45,117.82077,10.00452,https://simbad.u-strasbg.fr/simbad/sim-id?Ident=SDSS%20J075117.00%2B100016.2,cataclyv*,0.354329,Gaia DR3 3150339377539742336,18.39,18.46,18.18,2.1903,0.1431,True,False,False,N/A,N/A
https://alerce.online/object/ZTF18aalprzj,2018-11-01 12:56:59,178.06557,49.24486,https://simbad.u-strasbg.fr/simbad/sim-id?Ident=V%2A%20BC%20UMa,cataclyv*,1.019707,Gaia DR3 787683052032971904,18.31,18.45,18.00,3.3919,0.1259,True,True,False,http://localhost/download/files/ZTF18aalprzj_spec.tar.gz,http://localhost/download/plots/ZTF18aalprzj_plot.tar.gz
https://alerce.online/object/ZTF18acaaiyt,2018-11-02 02:12:53,265.05895,30.05417,https://simbad.u-strasbg.fr/simbad/sim-id?Ident=Gaia%20DR3%204597436725689986688,star,0.236318,Gaia DR3 4597436725689986688,17.29,17.43,16.97,0.8580,0.0613,True,True,True,http://localhost/download/files/ZTF18acaaiyt_spec.tar.gz,http://localhost/download/plots/ZTF18acaaiyt_plot.tar.gz
https://alerce.online/object/ZTF17aadgnra,2018-11-02 07:25:35,78.81352,22.66245,https://simbad.u-strasbg.fr/simbad/sim-id?Ident=UGCS%20J051515.24%2B223944.9,nearir,0.101589,Gaia DR3 3415475783257942912,18.87,19.31,18.12,1.5964,0.2481,True,False,False,N/A,N/A
https://alerce.online/object/ZTF18acccbpm,2018-11-02 08:20:09,47.45821,52.49892,N/A,N/A,,Gaia DR3 446162547035009280,19.48,21.63,17.95,12.5718,0.3862,True,True,False,http://localhost/download/files/ZTF18acccbpm_spec.tar.gz,http://localhost/download/plots/ZTF18acccbpm_plot.tar.gz
https://alerce.online/object/ZTF18acewoqa,2018-11-02 08:38:26,95.21877,8.65978,https://simbad.u-strasbg.fr/simbad/sim-id?Ident=OGLE%20GD-DSCT-258,rscvnv*,0.423789,Gaia DR3 3325744016547861888,17.50,17.92,16.95,1.0471,0.0973,True,True,False,http://localhost/download/files/ZTF18acewoqa_spec.tar.gz,http://localhost/download/plots/ZTF18acewoqa_plot.tar.gz
https://alerce.online/object/ZTF17aacmhee,2018-11-02 12:54:31,140.62183,33.12878,https://simbad.u-strasbg.fr/simbad/sim-id?Ident=SDSS%20J092229.25%2B330743.5,cataclyv*,0.257943,Gaia DR3 702007319289982336,18.48,18.60,18.21,1.4876,0.2548,True,True,False,http://localhost/download/files/ZTF17aacmhee_spec.tar.gz,http://localhost/download/plots/ZTF17aacmhee_plot.tar.gz
https://alerce.online/object/ZTF18aalurkz,2018-11-02 13:02:30,150.54885,-19.42699,https://simbad.u-strasbg.fr/simbad/sim-id?Ident=RE%20J1002-19,cataclyv*,0.159916,Gaia DR3 5670829935783719936,18.05,17.74,17.91,1.1994,0.1175,True,False,False,N/A,N/A
https://alerce.online/object/ZTF18accbjxb,2018-11-03 03:31:39,357.17981,25.04717,https://simbad.u-strasbg.fr/simbad/sim-id?Ident=SDSS%20J234843.14%2B250249.9,cataclyv*,0.329857,Gaia DR3 2852495455827670400,20.08,20.15,19.83,2.0320,0.3187,True,False,False,N/A,N/A
https://alerce.online/object/ZTF17aadeyyl,2018-11-03 08:26:59,57.86511,15.36078,N/A,N/A,,Gaia DR3 39944883777484672,17.74,18.06,17.20,1.9797,0.1199,True,False,False,N/A,N/A
https://alerce.online/object/ZTF18aaakigs,2018-11-03 09:16:17,60.78292,31.16769,https://simbad.u-strasbg.fr/simbad/sim-id?Ident=ATO%20J060.7829%2B31.1677,pulsv*,0.161191,Gaia DR3 169238826911304320,16.31,16.52,15.85,0.9195,0.1044,True,True,False,http://localhost/download/files/ZTF18aaakigs_spec.tar.gz,http://localhost/download/plots/ZTF18aaakigs_plot.tar.gz
https://alerce.online/object/ZTF18acsjexp,2018-11-03 09:16:57,58.37008,33.82030,https://simbad.u-strasbg.fr/simbad/sim-id?Ident=ZTF%20J035328.83%2B334912.9,eclbin,0.329038,Gaia DR3 218714513699180800,18.12,18.35,17.51,2.2724,0.2569,True,False,False,N/A,N/A
https://alerce.online/object/ZTF18acclkfa,2018-11-03 09:31:34,99.71071,1.98884,https://simbad.u-strasbg.fr/simbad/sim-id?Ident=ZTF18acclkfa,cataclyv*_candidate,0.169344,Gaia DR3 3126747736361227008,18.62,18.85,18.23,1.3743,0.2248,True,False,False,N/A,N/A
https://alerce.online/object/ZTF17aaaufmh,2018-11-03 09:32:13,106.70408,3.41292,https://simbad.u-strasbg.fr/simbad/sim-id?Ident=PM%20J07068%2B0324,cataclyv*,1.154345,Gaia DR3 3116059834803771904,17.13,17.33,16.75,4.8255,0.0977,True,True,True,http://localhost/download/files/ZTF17aaaufmh_spec.tar.gz,http://localhost/download/plots/ZTF17aaaufmh_plot.tar.gz
https://alerce.online/object/ZTF18aabfgnn,2018-11-03 10:23:20,76.64023,73.11294,https://simbad.u-strasbg.fr/simbad/sim-id?Ident=Gaia%20DR3%20502209190190665856,star,0.337193,Gaia DR3 502209190190665856,18.63,18.79,18.38,1.3425,0.1762,True,False,False,N/A,N/A
https://alerce.online/object/ZTF18accmmyu,2018-11-03 10:32:37,111.09155,51.43008,N/A,N/A,,Gaia DR3 983290980977760896,19.10,19.77,18.35,3.6421,0.2869,True,False,False,N/A,N/A
https://alerce.online/object/ZTF17aaasaaf,2018-11-03 11:02:10,102.79622,0.24651,N/A,N/A,,Gaia DR3 3113545801468814976,18.23,18.39,17.71,1.3887,0.1333,True,False,False,N/A,N/A
https://alerce.online/object/ZTF18acanduo,2018-11-03 11:14:30,140.96434,73.43992,https://simbad.u-strasbg.fr/simbad/sim-id?Ident=Gaia%20DR3%201121123185951605632,whitedwarf_candidate,0.446651,Gaia DR3 1121123185951605632,18.24,18.19,18.36,5.6371,0.1033,True,False,False,N/A,N/A
https://alerce.online/object/ZTF18aabjkzk,2018-11-03 11:18:41,133.43441,57.81119,https://simbad.u-strasbg.fr/simbad/sim-id?Ident=V%2A%20BZ%20UMa,cataclyv*,0.749071,Gaia DR3 1037411284055821568,16.10,16.23,15.68,6.4561,0.0441,True,True,True,http://localhost/download/files/ZTF18aabjkzk_spec.tar.gz,http://localhost/download/plots/ZTF18aabjkzk_plot.tar.gz
https://alerce.online/object/ZTF17aabhicw,2018-11-03 11:33:13,146.64363,13.84937,https://simbad.u-strasbg.fr/simbad/sim-id?Ident=V%2A%20HY%20Leo,xraybin,0.115474,Gaia DR3 614650192750888320,16.96,17.01,16.53,0.7524,0.0708,True,True,True,http://localhost/download/files/ZTF17aabhicw_spec.tar.gz,http://localhost/download/plots/ZTF17aabhicw_plot.tar.gz
https://alerce.online/object/ZTF18aakapxk,2018-11-03 11:33:52,147.75595,11.87530,https://simbad.u-strasbg.fr/simbad/sim-id?Ident=V%2A%20X%20Leo,cataclyv*,0.5717,Gaia DR3 613187537342908928,15.63,16.01,15.02,2.2527,0.0588,True,True,True,http://localhost/download/files/ZTF18aakapxk_spec.tar.gz,http://localhost/download/plots/ZTF18aakapxk_plot.tar.gz
https://alerce.online/object/ZTF18aaarims,2018-11-03 11:33:52,153.89428,9.07832,https://simbad.u-strasbg.fr/simbad/sim-id?Ident=V%2A%20GG%20Leo,cataclyv*,0.731162,Gaia DR3 3876618514794039040,18.37,18.46,17.69,3.8737,0.1378,True,False,False,N/A,N/A
https://alerce.online/object/ZTF18aabvrtl,2018-11-03 11:52:38,125.43880,45.98984,https://simbad.u-strasbg.fr/simbad/sim-id?Ident=SDSS%20J082145.27%2B455923.4,cataclyv*,0.337358,Gaia DR3 930093722208184448,17.43,17.38,17.44,1.1819,0.0969,True,True,True,http://localhost/download/files/ZTF18aabvrtl_spec.tar.gz,http://localhost/download/plots/ZTF18aabvrtl_plot.tar.gz
https://alerce.online/object/ZTF18aassdgz,2018-11-03 11:56:37,145.01064,27.82832,https://simbad.u-strasbg.fr/simbad/sim-id?Ident=2MASS%20J09400257%2B2749420,cataclyv*,0.303434,Gaia DR3 647867748990767616,17.93,18.40,17.20,1.2494,0.1407,True,True,True,http://localhost/download/files/ZTF18aassdgz_spec.tar.gz,http://localhost/download/plots/ZTF18aassdgz_plot.tar.gz
https://alerce.online/object/ZTF17aaaitrs,2018-11-03 11:57:57,137.46053,18.82972,https://simbad.u-strasbg.fr/simbad/sim-id?Ident=V%2A%20GY%20Cnc,cataclyv*,0.469558,Gaia DR3 635508894697188864,15.98,16.60,15.12,3.6353,0.0589,True,True,True,http://localhost/download/files/ZTF17aaaitrs_spec.tar.gz,http://localhost/download/plots/ZTF17aaaitrs_plot.tar.gz
https://alerce.online/object/ZTF18acpvfqh,2018-11-04 08:43:35,63.15248,69.48526,https://simbad.u-strasbg.fr/simbad/sim-id?Ident=ZTF18acpvfqh,cataclyv*,0.263868,Gaia DR3 493907666947320576,18.15,18.41,17.58,2.5994,0.0768,True,False,False,N/A,N/A
https://alerce.online/object/ZTF17aaadydh,2018-11-04 09:56:16,48.74421,46.63236,N/A,N/A,,Gaia DR3 434824417494743168,18.48,18.43,17.54,0.8411,0.1244,True,False,False,N/A,N/A
https://alerce.online/object/ZTF18accutlo,2018-11-04 10:22:19,118.46189,18.55534,N/A,N/A,,Gaia DR3 668679270724251520,16.59,17.00,16.01,1.2232,0.0586,True,True,False,http://localhost/download/files/ZTF18accutlo_spec.tar.gz,http://localhost/download/plots/ZTF18accutlo_plot.tar.gz
https://alerce.online/object/ZTF18accnpno,2018-11-04 11:10:58,163.74707,68.19809,https://simbad.u-strasbg.fr/simbad/sim-id?Ident=UCAC4%20791-022450,cataclyv*,0.141512,Gaia DR3 1060429594341535488,17.22,17.01,16.42,1.3422,0.0502,True,True,False,http://localhost/download/files/ZTF18accnpno_spec.tar.gz,http://localhost/download/plots/ZTF18accnpno_plot.tar.gz
https://alerce.online/object/ZTF18aaacxft,2018-11-04 12:41:53,165.09138,60.47386,https://simbad.u-strasbg.fr/simbad/sim-id?Ident=LINEAR%2023795703,cataclyv*,0.247332,Gaia DR3 861540207303947776,16.59,17.12,15.90,2.9351,0.0408,True,True,False,http://localhost/download/files/ZTF18aaacxft_spec.tar.gz,http://localhost/download/plots/ZTF18aaacxft_plot.tar.gz
https://alerce.online/object/ZTF17aaajhzf,2018-11-04 12:55:11,157.00034,21.80374,https://simbad.u-strasbg.fr/simbad/sim-id?Ident=1H%201025%2B220,cataclyv*,0.114162,Gaia DR3 721859001729641216,16.47,16.52,16.11,0.9736,0.0606,True,True,True,http://localhost/download/files/ZTF17aaajhzf_spec.tar.gz,http://localhost/download/plots/ZTF17aaajhzf_plot.tar.gz
https://alerce.online/object/ZTF18aaaqvfx,2018-11-04 12:55:50,160.21348,15.19267,https://simbad.u-strasbg.fr/simbad/sim-id?Ident=V%2A%20DO%20Leo,cataclyv*,0.104014,Gaia DR3 3886153548349816576,16.87,16.99,16.34,0.8049,0.0751,True,True,True,http://localhost/download/files/ZTF18aaaqvfx_spec.tar.gz,http://localhost/download/plots/ZTF18aaaqvfx_plot.tar.gz
https://alerce.online/object/ZTF18accwxfq,2018-11-05 02:01:35,312.07447,-6.17925,https://simbad.u-strasbg.fr/simbad/sim-id?Ident=SDSS%20J204817.85-061044.8,cataclyv*,0.649162,Gaia DR3 6913162042334862720,19.68,19.81,19.34,1.9489,0.3530,True,False,False,N/A,N/A
https://alerce.online/object/ZTF18acaqnpt,2018-11-05 02:01:35,311.23279,-11.86445,https://simbad.u-strasbg.fr/simbad/sim-id?Ident=1RXS%20J204455.9-115151,cataclyv*,0.902672,Gaia DR3 6900318165974107520,16.80,17.01,16.30,2.5660,0.0709,True,True,True,http://localhost/download/files/ZTF18acaqnpt_spec.tar.gz,http://localhost/download/plots/ZTF18acaqnpt_plot.tar.gz
https://alerce.online/object/ZTF18acmwjnj,2018-11-05 02:54:14,311.79081,41.92396,https://simbad.u-strasbg.fr/simbad/sim-id?Ident=V%2A%20V516%20Cyg,cataclyv*,0.217435,Gaia DR3 2066230155323606784,15.82,15.83,15.13,1.3604,0.0313,True,True,False,http://localhost/download/files/ZTF18acmwjnj_spec.tar.gz,http://localhost/download/plots/ZTF18acmwjnj_plot.tar.gz
https://alerce.online/object/ZTF18accgniq,2018-11-05 04:00:42,335.11491,-24.36883,N/A,N/A,,Gaia DR3 6625743625454560512,13.07,13.89,12.18,17.4485,0.0132,True,True,False,http://localhost/download/files/ZTF18accgniq_spec.tar.gz,http://localhost/download/plots/ZTF18accgniq_plot.tar.gz
https://alerce.online/object/ZTF18aaaduph,2018-11-05 07:18:32,58.34930,27.31060,https://simbad.u-strasbg.fr/simbad/sim-id?Ident=UCAC4%20587-009921,yso_candidate,0.159796,Gaia DR3 70615142159808000,16.38,17.10,15.32,4.0264,0.2480,True,True,True,http://localhost/download/files/ZTF18aaaduph_spec.tar.gz,http://localhost/download/plots/ZTF18aaaduph_plot.tar.gz
https://alerce.online/object/ZTF18acdtuio,2018-11-05 10:01:10,76.83032,34.45331,https://simbad.u-strasbg.fr/simbad/sim-id?Ident=ZTF%20J050719.27%2B342711.9,eclbin,0.074964,Gaia DR3 184902877581010176,18.27,18.53,17.36,1.7087,0.2926,True,False,False,N/A,N/A
https://alerce.online/object/ZTF17aaatddi,2018-11-05 10:56:11,101.37046,0.38713,https://simbad.u-strasbg.fr/simbad/sim-id?Ident=USNO-B1.0%200903-00103007,star,0.05194,Gaia DR3 3125515119406543232,18.04,17.95,17.41,0.7813,0.1116,True,False,False,N/A,N/A
https://alerce.online/object/ZTF18acdvjes,2018-11-05 11:02:57,105.51775,5.23899,https://simbad.u-strasbg.fr/simbad/sim-id?Ident=ATO%20J105.5178%2B05.2390,whitedwarf,0.511247,Gaia DR3 3128765207057429504,14.98,14.77,15.39,3.0885,0.0534,True,True,False,http://localhost/download/files/ZTF18acdvjes_spec.tar.gz,http://localhost/download/plots/ZTF18acdvjes_plot.tar.gz
https://alerce.online/object/ZTF18aaaguat,2018-11-05 11:34:58,133.83822,11.30418,https://simbad.u-strasbg.fr/simbad/sim-id?Ident=V%2A%20AK%20Cnc,cataclyv*,0.190947,Gaia DR3 604649859617712384,18.33,18.47,17.90,1.7934,0.1536,True,True,True,http://localhost/download/files/ZTF18aaaguat_spec.tar.gz,http://localhost/download/plots/ZTF18aaaguat_plot.tar.gz
https://alerce.online/object/ZTF18aaacbkb,2018-11-05 11:34:58,138.96514,9.01365,https://simbad.u-strasbg.fr/simbad/sim-id?Ident=V%2A%20GZ%20Cnc,cataclyv*,0.806393,Gaia DR3 590619751945633024,16.00,16.13,15.55,2.6377,0.0538,True,True,True,http://localhost/download/files/ZTF18aaacbkb_spec.tar.gz,http://localhost/download/plots/ZTF18aaacbkb_plot.tar.gz
https://alerce.online/object/ZTF18acegehb,2018-11-05 11:36:19,132.80600,34.74672,https://simbad.u-strasbg.fr/simbad/sim-id?Ident=SDSS%20J085113.44%2B344448.5,cataclyv*,0.450497,Gaia DR3 716349868656120320,19.55,19.86,19.07,1.7433,0.3248,True,False,False,N/A,N/A
https://alerce.online/object/ZTF17aadkfiq,2018-11-05 11:38:22,147.95386,34.12321,https://simbad.u-strasbg.fr/simbad/sim-id?Ident=V%2A%20RZ%20LMi,cataclyv*,0.413582,Gaia DR3 795244943252669568,15.06,15.13,15.03,1.5127,0.0335,True,True,True,http://localhost/download/files/ZTF17aadkfiq_spec.tar.gz,http://localhost/download/plots/ZTF17aadkfiq_plot.tar.gz
https://alerce.online/object/ZTF18acdvwxp,2018-11-05 11:59:47,141.90470,-19.25956,https://simbad.u-strasbg.fr/simbad/sim-id?Ident=Gaia%2016cfn,cataclyv*_candidate,0.194444,Gaia DR3 5678353588910722432,17.91,18.37,17.18,0.8463,0.0920,True,False,False,N/A,N/A
https://alerce.online/object/ZTF18aalurns,2018-11-05 11:59:47,146.46240,-19.73386,https://simbad.u-strasbg.fr/simbad/sim-id?Ident=NSV%20%204618,cataclyv*,1.031665,Gaia DR3 5665509162794290944,16.78,16.89,16.52,5.5110,0.0662,True,True,True,http://localhost/download/files/ZTF18aalurns_spec.tar.gz,http://localhost/download/plots/ZTF18aalurns_plot.tar.gz
https://alerce.online/object/ZTF18acdxdtp,2018-11-06 04:04:38,313.18232,46.65972,https://simbad.u-strasbg.fr/simbad/sim-id?Ident=RX%20J2052.7%2B4639,whitedwarf,0.757503,Gaia DR3 2166424114482036352,18.09,17.80,17.60,2.5289,0.1456,True,False,False,N/A,N/A
https://alerce.online/object/ZTF18aceagot,2018-11-06 06:37:31,61.22041,11.21646,https://simbad.u-strasbg.fr/simbad/sim-id?Ident=Gaia%20DR3%203303804808200625280,whitedwarf,0.387648,Gaia DR3 3303804808200625280,18.60,18.61,18.60,2.5277,0.2135,True,True,False,http://localhost/download/files/ZTF18aceagot_spec.tar.gz,http://localhost/download/plots/ZTF18aceagot_plot.tar.gz
https://alerce.online/object/ZTF18abxifnp,2018-11-06 07:26:22,62.89012,-9.12487,https://simbad.u-strasbg.fr/simbad/sim-id?Ident=CRTS%20J041133.6-090729,cataclyv*,0.081548,Gaia DR3 3192424211588236288,18.93,19.16,18.52,1.4829,0.2043,True,False,False,N/A,N/A
https://alerce.online/object/ZTF18abtteya,2018-11-06 07:28:22,44.05358,-10.56658,https://simbad.u-strasbg.fr/simbad/sim-id?Ident=CRTS%20J025612.9-103359,cataclyv*,0.469413,Gaia DR3 5160968320761289472,19.30,19.36,18.96,2.0820,0.3331,True,True,False,http://localhost/download/files/ZTF18abtteya_spec.tar.gz,http://localhost/download/plots/ZTF18abtteya_plot.tar.gz
https://alerce.online/object/ZTF18acebnnj,2018-11-06 07:37:03,79.75865,9.42390,https://simbad.u-strasbg.fr/simbad/sim-id?Ident=ZTF%20J051902.06%2B092526.4,eclbin,0.235644,Gaia DR3 3338614899659955968,18.97,19.36,18.46,2.9166,0.3039,True,False,False,N/A,N/A
https://alerce.online/object/ZTF18acnmsth,2018-11-06 08:05:07,96.31788,14.93266,https://simbad.u-strasbg.fr/simbad/sim-id?Ident=Gaia%20DR3%203356726158272880768,whitedwarf,1.186531,Gaia DR3 3356726158272880768,17.46,17.52,17.47,7.7354,0.1350,True,True,False,http://localhost/download/files/ZTF18acnmsth_spec.tar.gz,http://localhost/download/plots/ZTF18acnmsth_plot.tar.gz
https://alerce.online/object/ZTF18aaaamhp,2018-11-06 08:05:46,89.97883,11.93343,https://simbad.u-strasbg.fr/simbad/sim-id?Ident=Gaia%2018cgw,cataclyv*,0.240867,Gaia DR3 3342232911392616576,17.25,17.40,16.83,1.7424,0.0744,True,True,True,http://localhost/download/files/ZTF18aaaamhp_spec.tar.gz,http://localhost/download/plots/ZTF18aaaamhp_plot.tar.gz
https://alerce.online/object/ZTF18acbzqsp,2018-11-06 12:22:13,147.85826,53.15852,https://simbad.u-strasbg.fr/simbad/sim-id?Ident=PG%200948%2B534,whitedwarf,0.402931,Gaia DR3 1020641700210987520,15.25,15.05,15.61,3.1772,0.0449,True,True,False,http://localhost/download/files/ZTF18acbzqsp_spec.tar.gz,http://localhost/download/plots/ZTF18acbzqsp_plot.tar.gz
https://alerce.online/object/ZTF18aabzbss,2018-11-06 12:28:14,137.50689,16.80555,https://simbad.u-strasbg.fr/simbad/sim-id?Ident=SDSS%20J091001.63%2B164820.1,cataclyv*,0.405725,Gaia DR3 610980332174389632,18.77,19.00,18.18,1.8251,0.2265,True,False,False,N/A,N/A
https://alerce.online/object/ZTF18accnopc,2018-11-06 12:41:05,129.17789,53.47725,https://simbad.u-strasbg.fr/simbad/sim-id?Ident=V%2A%20SW%20UMa,cataclyv*,0.515465,Gaia DR3 1030279027003254784,16.61,16.72,16.29,6.2002,0.0602,True,True,True,http://localhost/download/files/ZTF18accnopc_spec.tar.gz,http://localhost/download/plots/ZTF18accnopc_plot.tar.gz
https://alerce.online/object/ZTF18aceglmy,2018-11-07 02:04:52,297.44842,3.21803,https://simbad.u-strasbg.fr/simbad/sim-id?Ident=ZTF18aceglmy,cataclyv*_candidate,0.023723,Gaia DR3 4242116898789536640,19.01,19.11,18.48,2.1885,0.2449,True,False,False,N/A,N/A
https://alerce.online/object/ZTF18acehkkk,2018-11-07 03:27:13,344.68115,11.15331,https://simbad.u-strasbg.fr/simbad/sim-id?Ident=CRTS%20J225843.5%2B110912,cataclyv*,0.162784,Gaia DR3 2718501100487300352,19.02,19.24,18.59,1.9421,0.2451,True,True,True,http://localhost/download/files/ZTF18acehkkk_spec.tar.gz,http://localhost/download/plots/ZTF18acehkkk_plot.tar.gz
https://alerce.online/object/ZTF18aceijxk,2018-11-07 04:43:16,300.75173,69.69736,N/A,N/A,,Gaia DR3 2250929515872371200,19.27,19.48,18.48,1.3665,0.1505,True,False,False,N/A,N/A
https://alerce.online/object/ZTF18acchmbx,2018-11-07 04:59:52,342.41646,-27.11471,https://simbad.u-strasbg.fr/simbad/sim-id?Ident=V%2A%20TY%20PsA,cataclyv*,0.610219,Gaia DR3 6610409767574182912,15.71,15.89,15.28,5.5026,0.0462,True,True,True,http://localhost/download/files/ZTF18acchmbx_spec.tar.gz,http://localhost/download/plots/ZTF18acchmbx_plot.tar.gz
https://alerce.online/object/ZTF18actxypx,2018-11-07 05:01:15,357.53875,-26.38129,https://simbad.u-strasbg.fr/simbad/sim-id?Ident=V%2A%20VZ%20Scl,cataclyv*,0.612812,Gaia DR3 2337436792938619392,15.43,15.51,15.10,1.7354,0.0408,True,False,False,N/A,N/A
https://alerce.online/object/ZTF18acejhdw,2018-11-07 05:41:34,14.23991,32.10604,https://simbad.u-strasbg.fr/simbad/sim-id?Ident=SDSS%20J005657.57%2B320621.7,cataclyv*,0.223514,Gaia DR3 312918810242506624,19.68,19.70,19.08,1.8216,0.3084,True,False,False,N/A,N/A
https://alerce.online/object/ZTF17aacdiol,2018-11-07 07:39:36,68.65245,18.04575,https://simbad.u-strasbg.fr/simbad/sim-id?Ident=ASASSN%20-19xs,cataclyv*,0.425588,Gaia DR3 3314265394325670016,17.43,17.81,16.74,2.1583,0.1050,True,True,True,http://localhost/download/files/ZTF17aacdiol_spec.tar.gz,http://localhost/download/plots/ZTF17aacdiol_plot.tar.gz
https://alerce.online/object/ZTF18aagqrem,2018-11-07 10:21:44,93.33183,20.22148,https://simbad.u-strasbg.fr/simbad/sim-id?Ident=Gaia%20DR3%203374937506802981632,eclbin,0.405101,Gaia DR3 3374937506802981632,18.29,18.93,17.50,3.1229,0.1563,True,False,False,N/A,N/A
https://alerce.online/object/ZTF18aagqrfq,2018-11-07 10:21:44,93.33183,20.22144,https://simbad.u-strasbg.fr/simbad/sim-id?Ident=Gaia%20DR3%203374937506802981632,eclbin,0.266633,Gaia DR3 3374937506802981632,18.29,18.93,17.50,3.1229,0.1563,True,False,False,N/A,N/A
https://alerce.online/object/ZTF17aacmice,2018-11-07 11:24:39,158.66628,28.29705,https://simbad.u-strasbg.fr/simbad/sim-id?Ident=2MASS%20J10343999%2B2817489,low-mass*,1.239054,Gaia DR3 728444973301172352,18.27,18.81,17.18,1.4599,0.1613,True,False,False,N/A,N/A
https://alerce.online/object/ZTF18aceqsfw,2018-11-07 12:32:34,157.75229,20.47548,https://simbad.u-strasbg.fr/simbad/sim-id?Ident=V%2A%20IL%20Leo,cataclyv*,0.617497,Gaia DR3 720694618916104576,19.30,19.26,18.79,1.9311,0.2277,True,True,True,http://localhost/download/files/ZTF18aceqsfw_spec.tar.gz,http://localhost/download/plots/ZTF18aceqsfw_plot.tar.gz
https://alerce.online/object/ZTF17aaajhib,2018-11-07 12:54:53,148.28429,14.97682,https://simbad.u-strasbg.fr/simbad/sim-id?Ident=RX%20J0953.1%2B1458,cataclyv*,0.419628,Gaia DR3 616146181399718528,18.51,18.63,17.62,2.4038,0.1523,True,True,True,http://localhost/download/files/ZTF17aaajhib_spec.tar.gz,http://localhost/download/plots/ZTF17aaajhib_plot.tar.gz
https://alerce.online/object/ZTF18aaqphee,2018-11-07 13:05:59,151.89435,-20.29233,https://simbad.u-strasbg.fr/simbad/sim-id?Ident=RX%20J1007.5-2017,cataclyv*,0.140516,Gaia DR3 5667667675918226176,18.04,18.17,17.12,1.3840,0.1315,True,True,False,http://localhost/download/files/ZTF18aaqphee_spec.tar.gz,http://localhost/download/plots/ZTF18aaqphee_plot.tar.gz
https://alerce.online/object/ZTF18aaqphdi,2018-11-07 13:05:59,149.86020,-16.02988,https://simbad.u-strasbg.fr/simbad/sim-id?Ident=CRTS%20J095926.4-160147,cataclyv*,0.206789,Gaia DR3 5685949358832512128,19.30,19.40,18.92,1.7725,0.1752,True,False,False,N/A,N/A
https://alerce.online/object/ZTF18acewcid,2018-11-08 07:32:54,62.25491,9.24278,N/A,N/A,,Gaia DR3 3298815945988338176,18.38,18.81,17.83,1.2056,0.1783,True,False,False,N/A,N/A
https://alerce.online/object/ZTF17aactvvy,2018-11-08 07:36:11,70.47707,16.61036,https://simbad.u-strasbg.fr/simbad/sim-id?Ident=KUV%2004390%2B1631,variable*,0.289885,Gaia DR3 3310121300640873984,15.42,15.63,15.03,1.2101,0.0397,True,True,False,http://localhost/download/files/ZTF17aactvvy_spec.tar.gz,http://localhost/download/plots/ZTF17aactvvy_plot.tar.gz
https://alerce.online/object/ZTF18aceweue,2018-11-08 08:13:25,78.74058,8.58400,https://simbad.u-strasbg.fr/simbad/sim-id?Ident=CRTS%20J051457.7%2B083503,cataclyv*,0.214548,Gaia DR3 3242458007902028416,18.81,19.67,17.96,1.0891,0.2149,True,False,False,N/A,N/A
https://alerce.online/object/ZTF17aabrzzd,2018-11-08 08:40:12,72.26122,-18.69146,https://simbad.u-strasbg.fr/simbad/sim-id?Ident=EC%2004468-1846,cataclyv*,0.149853,Gaia DR3 2979418405216259072,17.62,17.43,16.67,1.1111,0.0691,True,True,False,http://localhost/download/files/ZTF17aabrzzd_spec.tar.gz,http://localhost/download/plots/ZTF17aabrzzd_plot.tar.gz
https://alerce.online/object/ZTF18aabiwfv,2018-11-08 08:51:01,123.11787,62.60609,https://simbad.u-strasbg.fr/simbad/sim-id?Ident=V%2A%20SU%20UMa,cataclyv*,0.534913,Gaia DR3 1091051096255456384,14.69,14.87,14.32,4.5063,0.0260,True,True,True,http://localhost/download/files/ZTF18aabiwfv_spec.tar.gz,http://localhost/download/plots/ZTF18aabiwfv_plot.tar.gz
https://alerce.online/object/ZTF18acewjdj,2018-11-08 09:04:15,101.56442,-5.17505,N/A,N/A,,Gaia DR3 3100656909549206016,17.90,18.24,17.23,0.7424,0.1111,True,False,False,N/A,N/A
https://alerce.online/object/ZTF18acaduws,2018-11-09 04:00:35,317.81227,-20.72182,https://simbad.u-strasbg.fr/simbad/sim-id?Ident=CRTS%20J211114.9-204318,eclbin,0.247079,Gaia DR3 6832382954562146432,13.46,13.60,12.78,9.3762,0.7304,True,True,False,http://localhost/download/files/ZTF18acaduws_spec.tar.gz,http://localhost/download/plots/ZTF18acaduws_plot.tar.gz
https://alerce.online/object/ZTF18acmwzay,2018-11-09 05:39:59,35.04401,-12.87053,https://simbad.u-strasbg.fr/simbad/sim-id?Ident=Gaia%2018dup,cataclyv*_candidate,1.199896,Gaia DR3 5150454000302279680,19.27,19.44,18.98,4.2217,0.2923,True,False,False,N/A,N/A
https://alerce.online/object/ZTF17aaaeoum,2018-11-09 05:49:56,26.26363,37.94249,https://simbad.u-strasbg.fr/simbad/sim-id?Ident=V%2A%20AR%20And,cataclyv*,0.273402,Gaia DR3 343491353823524864,16.33,16.63,15.61,2.4070,0.0666,True,True,True,http://localhost/download/files/ZTF17aaaeoum_spec.tar.gz,http://localhost/download/plots/ZTF17aaaeoum_plot.tar.gz
https://alerce.online/object/ZTF21aacvpyr,2018-11-09 05:53:17,36.59722,71.30870,https://simbad.u-strasbg.fr/simbad/sim-id?Ident=V%2A%20AM%20Cas,cataclyv*,0.300627,Gaia DR3 545338083544363392,14.37,14.52,14.01,2.3508,0.0189,True,True,True,http://localhost/download/files/ZTF21aacvpyr_spec.tar.gz,http://localhost/download/plots/ZTF21aacvpyr_plot.tar.gz
https://alerce.online/object/ZTF18acfxetr,2018-11-09 05:53:17,36.59716,71.30871,https://simbad.u-strasbg.fr/simbad/sim-id?Ident=V%2A%20AM%20Cas,cataclyv*,0.31588,Gaia DR3 545338083544363392,14.37,14.52,14.01,2.3508,0.0189,True,True,True,http://localhost/download/files/ZTF18acfxetr_spec.tar.gz,http://localhost/download/plots/ZTF18acfxetr_plot.tar.gz
https://alerce.online/object/ZTF18actybcu,2018-11-09 05:55:58,26.45201,51.72179,N/A,N/A,,Gaia DR3 406158049112734336,16.33,16.47,16.00,3.2070,0.0503,True,True,True,http://localhost/download/files/ZTF18actybcu_spec.tar.gz,http://localhost/download/plots/ZTF18actybcu_plot.tar.gz
https://alerce.online/object/ZTF17aaaymvp,2018-11-09 08:20:37,48.71706,2.10191,https://simbad.u-strasbg.fr/simbad/sim-id?Ident=KUV%2003123%2B0155,whitedwarf,0.42121,Gaia DR3 3268781381421578112,17.06,17.16,16.69,2.3026,0.0919,True,True,True,http://localhost/download/files/ZTF17aaaymvp_spec.tar.gz,http://localhost/download/plots/ZTF17aaaymvp_plot.tar.gz
https://alerce.online/object/ZTF18aaczqjo,2018-11-09 09:26:11,96.07988,27.77728,https://simbad.u-strasbg.fr/simbad/sim-id?Ident=ATO%20J096.0799%2B27.7773,eclbin,0.216625,Gaia DR3 3433469978244828160,14.96,14.89,14.32,0.8825,0.1328,True,True,False,N/A,N/A
https://alerce.online/object/ZTF18acgpdgn,2018-11-09 09:38:13,41.90096,10.59374,https://simbad.u-strasbg.fr/simbad/sim-id?Ident=V%2A%20WX%20Ari,cataclyv*,0.29559,Gaia DR3 22272497806324480,17.81,17.98,17.30,1.7731,0.0463,True,True,True,http://localhost/download/files/ZTF18acgpdgn_spec.tar.gz,http://localhost/download/plots/ZTF18acgpdgn_plot.tar.gz
https://alerce.online/object/ZTF18acgplgw,2018-11-09 09:40:15,42.50065,37.65608,https://simbad.u-strasbg.fr/simbad/sim-id?Ident=V%2A%20PY%20Per,cataclyv*,0.318075,Gaia DR3 141759351271651456,15.93,16.15,15.45,1.8611,0.0468,True,False,False,N/A,N/A
https://alerce.online/object/ZTF18aaalbrm,2018-11-09 09:57:03,85.27968,9.31204,https://simbad.u-strasbg.fr/simbad/sim-id?Ident=Gaia%20DR2%203336335474617325568,star,0.07448,Gaia DR3 3336335474617325568,17.35,18.09,16.26,2.4449,0.0992,True,True,True,http://localhost/download/files/ZTF18aaalbrm_spec.tar.gz,http://localhost/download/plots/ZTF18aaalbrm_plot.tar.gz
https://alerce.online/object/ZTF17aacucfy,2018-11-09 10:04:02,75.35063,20.63825,https://simbad.u-strasbg.fr/simbad/sim-id?Ident=CRTS%20J050124.1%2B203818,cataclyv*,0.344009,Gaia DR3 3408997392029195904,18.16,18.53,17.48,1.4141,0.1718,True,False,False,N/A,N/A
https://alerce.online/object/ZTF18acgqyev,2018-11-09 10:05:20,56.80782,16.18562,https://simbad.u-strasbg.fr/simbad/sim-id?Ident=%5BDCD2013%5D%20MLS%20J034713.8%2B161108,rrlyrae,0.196177,Gaia DR3 43062682140166016,17.10,17.31,16.71,0.9680,0.0814,True,True,True,http://localhost/download/files/ZTF18acgqyev_spec.tar.gz,http://localhost/download/plots/ZTF18acgqyev_plot.tar.gz
https://alerce.online/object/ZTF18aabrxmh,2018-11-09 10:19:21,101.17509,34.78662,https://simbad.u-strasbg.fr/simbad/sim-id?Ident=ASASSN%20-14mn,cataclyv*_candidate,0.252858,Gaia DR3 938892254772887040,18.33,18.58,17.87,1.3916,0.1661,True,False,False,N/A,N/A
https://alerce.online/object/ZTF17aaavwmz,2018-11-09 10:32:42,99.22745,0.03810,https://simbad.u-strasbg.fr/simbad/sim-id?Ident=V%2A%20CW%20Mon,cataclyv*,0.154456,Gaia DR3 3119646304291839872,16.06,16.55,15.18,3.0370,0.0527,True,False,False,N/A,N/A
https://alerce.online/object/ZTF17aaatdch,2018-11-09 10:32:42,97.50526,-6.34731,N/A,N/A,,Gaia DR3 3103280619171019136,16.64,16.81,16.00,0.8850,0.0492,True,True,False,http://localhost/download/files/ZTF17aaatdch_spec.tar.gz,http://localhost/download/plots/ZTF17aaatdch_plot.tar.gz
https://alerce.online/object/ZTF17aaarxou,2018-11-09 10:55:44,85.70294,60.85870,https://simbad.u-strasbg.fr/simbad/sim-id?Ident=V%2A%20BY%20Cam,cataclyv*,0.707769,Gaia DR3 283187642167998720,15.02,15.33,14.44,3.7494,0.0263,True,True,True,http://localhost/download/files/ZTF17aaarxou_spec.tar.gz,http://localhost/download/plots/ZTF17aaarxou_plot.tar.gz
https://alerce.online/object/ZTF17aabvraq,2018-11-09 10:55:44,84.87886,62.60861,https://simbad.u-strasbg.fr/simbad/sim-id?Ident=GALEX%20J053931.0%2B623630,hotsubdwarf_candidate,0.06071,Gaia DR3 286259295401672320,16.85,16.94,16.57,0.8006,0.0714,True,True,True,http://localhost/download/files/ZTF17aabvraq_spec.tar.gz,http://localhost/download/plots/ZTF17aabvraq_plot.tar.gz
https://alerce.online/object/ZTF17aabvqzm,2018-11-09 10:55:44,83.14123,62.79784,https://simbad.u-strasbg.fr/simbad/sim-id?Ident=V%2A%20V391%20Cam,cataclyv*,0.229239,Gaia DR3 286497000368243200,15.50,15.62,15.09,6.1487,0.0319,True,True,True,http://localhost/download/files/ZTF17aabvqzm_spec.tar.gz,http://localhost/download/plots/ZTF17aabvqzm_plot.tar.gz
https://alerce.online/object/ZTF18acnavqf,2018-11-09 10:55:44,79.95650,64.48934,https://simbad.u-strasbg.fr/simbad/sim-id?Ident=GALEX%20J051949.6%2B642921,cataclyv*,0.06009,Gaia DR3 479934630799062656,16.98,17.13,16.68,0.4633,0.0655,True,True,True,http://localhost/download/files/ZTF18acnavqf_spec.tar.gz,http://localhost/download/plots/ZTF18acnavqf_plot.tar.gz
https://alerce.online/object/ZTF18aaaeclg,2018-11-09 10:55:44,90.57751,63.12918,N/A,N/A,,Gaia DR3 1006545961143295104,18.05,18.33,17.52,1.3682,0.0833,True,False,False,N/A,N/A
https://alerce.online/object/ZTF18acjrdsk,2018-11-10 05:38:56,16.92858,48.75511,https://simbad.u-strasbg.fr/simbad/sim-id?Ident=ATO%20J016.9284%2B48.7552,cataclyv*,0.490942,Gaia DR3 401879681868136704,15.06,15.21,14.74,1.3133,0.0325,True,True,True,http://localhost/download/files/ZTF18acjrdsk_spec.tar.gz,http://localhost/download/plots/ZTF18acjrdsk_plot.tar.gz
https://alerce.online/object/ZTF18abraeev,2018-11-10 05:47:15,19.26732,-17.93956,https://simbad.u-strasbg.fr/simbad/sim-id?Ident=V%2A%20WX%20Cet,cataclyv*,0.325531,Gaia DR3 2355217815809560192,18.13,18.23,17.74,3.9363,0.1294,True,True,True,http://localhost/download/files/ZTF18abraeev_spec.tar.gz,http://localhost/download/plots/ZTF18abraeev_plot.tar.gz
https://alerce.online/object/ZTF18achbjfg,2018-11-10 06:41:19,18.82847,50.29547,https://simbad.u-strasbg.fr/simbad/sim-id?Ident=Gaia%20DR3%20403348526323370880,star,0.426189,Gaia DR3 403348526323370880,14.89,15.00,14.54,1.4701,0.2118,True,True,False,http://localhost/download/files/ZTF18achbjfg_spec.tar.gz,http://localhost/download/plots/ZTF18achbjfg_plot.tar.gz
https://alerce.online/object/ZTF18achbnsn,2018-11-10 07:15:26,73.22742,30.28857,https://simbad.u-strasbg.fr/simbad/sim-id?Ident=ZTF%20J045254.58%2B301718.8,eclbin,0.060266,Gaia DR3 159891122647000192,18.52,18.81,17.81,1.9325,0.1702,True,False,False,N/A,N/A
https://alerce.online/object/ZTF18achboxh,2018-11-10 07:58:52,73.68074,14.89520,https://simbad.u-strasbg.fr/simbad/sim-id?Ident=LAMOST%20J045443.38%2B145342.7,cataclyv*,0.081718,Gaia DR3 3392749427668337664,14.74,14.97,14.35,1.2564,0.0242,True,True,True,http://localhost/download/files/ZTF18achboxh_spec.tar.gz,http://localhost/download/plots/ZTF18achboxh_plot.tar.gz
https://alerce.online/object/ZTF18achbpku,2018-11-10 08:01:51,70.48617,50.70999,https://simbad.u-strasbg.fr/simbad/sim-id?Ident=V%2A%20FY%20Per,cataclyv*,0.428007,Gaia DR3 260194758089758976,12.40,12.61,12.05,2.9000,0.0161,True,True,False,http://localhost/download/files/ZTF18achbpku_spec.tar.gz,http://localhost/download/plots/ZTF18achbpku_plot.tar.gz
https://alerce.online/object/ZTF18achckmq,2018-11-10 09:38:47,100.34469,-0.17394,N/A,N/A,,Gaia DR3 3119472650176403072,17.61,17.89,17.11,0.6503,0.1037,True,False,False,N/A,N/A
https://alerce.online/object/ZTF17aabwfnh,2018-11-10 10:26:22,84.93740,-17.40093,N/A,N/A,,Gaia DR3 2970974362073260544,16.83,16.89,16.15,2.5871,0.0482,True,True,False,http://localhost/download/files/ZTF17aabwfnh_spec.tar.gz,http://localhost/download/plots/ZTF17aabwfnh_plot.tar.gz
https://alerce.online/object/ZTF18aaahvpv,2018-11-10 11:48:27,158.45454,23.15445,https://simbad.u-strasbg.fr/simbad/sim-id?Ident=Ton%20%20527,whitedwarf,1.506774,Gaia DR3 722446385752579840,15.65,15.55,15.83,15.5375,0.0436,True,True,False,http://localhost/download/files/ZTF18aaahvpv_spec.tar.gz,http://localhost/download/plots/ZTF18aaahvpv_plot.tar.gz
https://alerce.online/object/ZTF18acmatmw,2018-11-10 12:06:43,123.32685,-1.05759,https://simbad.u-strasbg.fr/simbad/sim-id?Ident=ASASSN%20-14ag,cataclyv*,1.470906,Gaia DR3 3071240270519385856,15.95,16.07,15.54,5.4849,0.0481,True,True,True,http://localhost/download/files/ZTF18acmatmw_spec.tar.gz,http://localhost/download/plots/ZTF18acmatmw_plot.tar.gz
https://alerce.online/object/ZTF18aaabozq,2018-11-10 12:06:43,120.63437,1.04509,N/A,N/A,,Gaia DR3 3084722963136349440,17.04,17.25,16.56,0.8634,0.0761,True,True,True,http://localhost/download/files/ZTF18aaabozq_spec.tar.gz,http://localhost/download/plots/ZTF18aaabozq_plot.tar.gz
https://alerce.online/object/ZTF18acmyxtu,2018-11-12 08:32:04,78.16072,-7.15805,https://simbad.u-strasbg.fr/simbad/sim-id?Ident=IRAS%2005102-0712,galaxy,2.127893,Gaia DR3 3207888537691908096,18.30,18.26,16.92,4.7437,0.3839,True,False,False,N/A,N/A
https://alerce.online/object/ZTF17aacdeds,2018-11-12 09:14:49,56.08406,9.50185,https://simbad.u-strasbg.fr/simbad/sim-id?Ident=CRTS%20J034420.1%2B093007,cataclyv*,0.298557,Gaia DR3 12007117949000576,18.05,18.10,17.79,0.8657,0.1512,True,True,True,http://localhost/download/files/ZTF17aacdeds_spec.tar.gz,http://localhost/download/plots/ZTF17aacdeds_plot.tar.gz
https://alerce.online/object/ZTF17aacgpcx,2018-11-12 09:14:49,56.08404,9.50186,https://simbad.u-strasbg.fr/simbad/sim-id?Ident=CRTS%20J034420.1%2B093007,cataclyv*,0.253556,Gaia DR3 12007117949000576,18.05,18.10,17.79,0.8657,0.1512,True,True,True,http://localhost/download/files/ZTF17aacgpcx_spec.tar.gz,http://localhost/download/plots/ZTF17aacgpcx_plot.tar.gz
https://alerce.online/object/ZTF18achszwx,2018-11-12 09:27:21,68.70717,-14.21888,https://simbad.u-strasbg.fr/simbad/sim-id?Ident=2MASS%20J04344973-1413080,orionv*,0.122775,Gaia DR3 3174353570482504576,17.78,18.11,15.86,8.9171,0.5839,True,True,False,http://localhost/download/files/ZTF18achszwx_spec.tar.gz,http://localhost/download/plots/ZTF18achszwx_plot.tar.gz
https://alerce.online/object/ZTF17aaabzgh,2018-11-12 09:33:58,84.01630,14.44457,https://simbad.u-strasbg.fr/simbad/sim-id?Ident=Gaia%20DR2%203389706146985393792,star,0.129117,Gaia DR3 3389706146985393792,17.80,18.47,16.83,3.1993,0.1155,True,True,True,http://localhost/download/files/ZTF17aaabzgh_spec.tar.gz,http://localhost/download/plots/ZTF17aaabzgh_plot.tar.gz
https://alerce.online/object/ZTF18acruisz,2018-11-12 09:48:49,65.89407,43.82352,https://simbad.u-strasbg.fr/simbad/sim-id?Ident=ATO%20J065.8941%2B43.8235,bydrav*,0.314223,Gaia DR3 229390496722913408,16.36,16.53,15.75,0.9413,0.1662,True,True,False,http://localhost/download/files/ZTF18acruisz_spec.tar.gz,http://localhost/download/plots/ZTF18acruisz_plot.tar.gz
https://alerce.online/object/ZTF17aabcvez,2018-11-12 09:55:33,74.18551,16.81143,https://simbad.u-strasbg.fr/simbad/sim-id?Ident=LAMOST%20J045644.52%2B164841.2,cataclyv*,0.058265,Gaia DR3 3405607528960681856,16.41,16.68,15.94,0.6604,0.0666,True,True,True,http://localhost/download/files/ZTF17aabcvez_spec.tar.gz,http://localhost/download/plots/ZTF17aabcvez_plot.tar.gz
https://alerce.online/object/ZTF18achvivo,2018-11-12 10:28:47,105.94067,-6.66331,N/A,N/A,,Gaia DR3 3052782249129952896,16.96,17.12,16.56,0.8788,0.0641,True,True,False,http://localhost/download/files/ZTF18achvivo_spec.tar.gz,http://localhost/download/plots/ZTF18achvivo_plot.tar.gz
https://alerce.online/object/ZTF18achyzpm,2018-11-12 10:59:32,104.64646,-3.14090,https://simbad.u-strasbg.fr/simbad/sim-id?Ident=2MASS%20J06583514-0308271,yso_candidate,0.026973,Gaia DR3 3102695580207143552,16.97,17.14,16.55,0.5236,0.0835,True,False,False,N/A,N/A
https://alerce.online/object/ZTF18achzsjk,2018-11-12 10:59:32,108.53335,-1.13013,N/A,N/A,,Gaia DR3 3110109312234910976,16.15,16.24,15.14,4.8142,0.6147,True,False,False,N/A,N/A
https://alerce.online/object/ZTF18achznqd,2018-11-12 10:59:32,110.26179,-5.98909,https://simbad.u-strasbg.fr/simbad/sim-id?Ident=1RXS%20J072103.3-055854,cataclyv*,0.075498,Gaia DR3 3058167455227214208,18.07,18.34,17.42,0.5866,0.1039,True,False,False,N/A,N/A
https://alerce.online/object/ZTF17aaanptd,2018-11-12 10:59:32,104.31297,-6.26185,https://simbad.u-strasbg.fr/simbad/sim-id?Ident=Gaia%20DR3%203100846613967311232,star,0.126572,Gaia DR3 3100846613967311232,16.74,17.35,15.82,3.3575,0.0651,True,True,True,http://localhost/download/files/ZTF17aaanptd_spec.tar.gz,http://localhost/download/plots/ZTF17aaanptd_plot.tar.gz
https://alerce.online/object/ZTF18aaeqqbe,2018-11-12 11:57:19,138.06826,23.74518,https://simbad.u-strasbg.fr/simbad/sim-id?Ident=GALEX%20J091216.3%2B234442,**,0.020503,Gaia DR3 687260811073547776,17.32,17.64,16.68,2.0511,0.1046,True,True,False,http://localhost/download/files/ZTF18aaeqqbe_spec.tar.gz,http://localhost/download/plots/ZTF18aaeqqbe_plot.tar.gz
https://alerce.online/object/ZTF17aadhktq,2018-11-12 12:09:40,140.53151,31.05398,https://simbad.u-strasbg.fr/simbad/sim-id?Ident=V%2A%20AR%20Cnc,cataclyv*,0.094453,Gaia DR3 700436735649429376,18.27,18.68,17.58,1.1500,0.1540,True,False,False,N/A,N/A
https://alerce.online/object/ZTF18aaaynbx,2018-11-12 12:55:08,147.10982,25.63631,https://simbad.u-strasbg.fr/simbad/sim-id?Ident=ZTF%20J094826.35%2B253810.6,eclbin,0.727666,Gaia DR3 646422745898398208,18.69,19.20,17.94,2.9386,0.2558,True,False,False,N/A,N/A
https://alerce.online/object/ZTF18acmyhxq,2018-11-13 07:54:01,51.35724,5.61372,N/A,N/A,,Gaia DR3 9155461526053632,18.39,18.91,17.63,2.6724,0.1533,True,False,False,N/A,N/A
https://alerce.online/object/ZTF18acvptud,2018-11-13 08:38:06,76.01786,41.24538,https://simbad.u-strasbg.fr/simbad/sim-id?Ident=ATO%20J076.0178%2B41.2454,variable*,0.532094,Gaia DR3 200941870313168768,14.54,14.40,13.54,2.8404,0.5584,True,True,False,http://localhost/download/files/ZTF18acvptud_spec.tar.gz,http://localhost/download/plots/ZTF18acvptud_plot.tar.gz
https://alerce.online/object/ZTF18aclaxey,2018-11-13 09:14:28,153.91592,73.43469,https://simbad.u-strasbg.fr/simbad/sim-id?Ident=V%2A%20CP%20Dra,cataclyv*,0.23525,Gaia DR3 1078013534048316416,19.94,20.14,19.50,1.4119,0.2688,True,False,False,N/A,N/A
https://alerce.online/object/ZTF18acmzims,2018-11-13 09:20:33,88.25593,-15.96282,N/A,N/A,,Gaia DR3 2995070120739206784,18.48,18.97,17.64,1.0178,0.1642,True,False,False,N/A,N/A
https://alerce.online/object/ZTF17aabuvss,2018-11-15 08:06:45,66.53888,35.69571,https://simbad.u-strasbg.fr/simbad/sim-id?Ident=1RXS%20J042608.9%2B354151,cataclyv*,0.65602,Gaia DR3 176429285061830144,16.14,16.38,15.63,5.3753,0.0499,True,True,True,http://localhost/download/files/ZTF17aabuvss_spec.tar.gz,http://localhost/download/plots/ZTF17aabuvss_plot.tar.gz
https://alerce.online/object/ZTF18acsyxgx,2018-11-15 08:18:07,37.63255,67.76176,N/A,N/A,,Gaia DR3 517662581302043136,19.12,19.79,18.30,1.0906,0.2037,True,False,False,N/A,N/A
https://alerce.online/object/ZTF18acusazp,2018-11-15 08:44:48,97.53536,55.29372,https://simbad.u-strasbg.fr/simbad/sim-id?Ident=ZTF%20J063008.50%2B551737.3,cataclyv*,0.202811,Gaia DR3 997691559644734080,17.71,18.10,17.16,0.8407,0.1100,True,False,False,N/A,N/A
https://alerce.online/object/ZTF18acmzptx,2018-11-15 09:07:06,104.79795,16.74728,https://simbad.u-strasbg.fr/simbad/sim-id?Ident=ATO%20J104.7979%2B16.7472,eclbin,0.079321,Gaia DR3 3361120120272528512,17.08,17.25,16.38,1.3372,0.2570,True,True,False,http://localhost/download/files/ZTF18acmzptx_spec.tar.gz,http://localhost/download/plots/ZTF18acmzptx_plot.tar.gz
https://alerce.online/object/ZTF18acmzpeo,2018-11-15 09:07:06,103.26022,16.66630,https://simbad.u-strasbg.fr/simbad/sim-id?Ident=SDSS%20J065302.45%2B163958.6,star,0.01965,Gaia DR3 3358158723141670656,16.70,16.99,16.22,0.7874,0.0667,True,False,False,N/A,N/A
https://alerce.online/object/ZTF18acmzpem,2018-11-15 09:07:06,103.26022,16.66629,https://simbad.u-strasbg.fr/simbad/sim-id?Ident=SDSS%20J065302.45%2B163958.6,star,0.042143,Gaia DR3 3358158723141670656,16.70,16.99,16.22,0.7874,0.0667,True,False,False,N/A,N/A
https://alerce.online/object/ZTF18acmzskd,2018-11-15 09:18:00,125.04675,58.70974,https://simbad.u-strasbg.fr/simbad/sim-id?Ident=GALEX%20J082011.1%2B584234,**,0.190592,Gaia DR3 1035619453763003904,18.42,18.71,17.85,3.7718,0.1445,True,False,False,N/A,N/A
https://alerce.online/object/ZTF18acmzudm,2018-11-15 09:27:36,103.79826,-1.44439,N/A,N/A,,Gaia DR3 3112116947450575232,17.18,17.29,16.92,0.5497,0.0872,True,False,False,N/A,N/A
https://alerce.online/object/ZTF18aabfgpj,2018-11-15 10:16:51,60.72000,43.92896,https://simbad.u-strasbg.fr/simbad/sim-id?Ident=WISE%20J040252.74%2B435544.4,cataclyv*,0.671536,Gaia DR3 233133230009660800,18.15,18.39,17.46,1.7992,0.1264,True,False,False,N/A,N/A
https://alerce.online/object/ZTF17aadfmzh,2018-11-15 10:20:08,82.49505,18.80276,https://simbad.u-strasbg.fr/simbad/sim-id?Ident=SV%2A%20HV%20%206907,cataclyv*,0.013419,Gaia DR3 3400871176465742592,17.38,17.60,16.71,2.1818,0.0563,True,True,True,http://localhost/download/files/ZTF17aadfmzh_spec.tar.gz,http://localhost/download/plots/ZTF17aadfmzh_plot.tar.gz
https://alerce.online/object/ZTF21acerjdn,2018-11-15 10:20:08,82.49505,18.80275,https://simbad.u-strasbg.fr/simbad/sim-id?Ident=SV%2A%20HV%20%206907,cataclyv*,0.034846,Gaia DR3 3400871176465742592,17.38,17.60,16.71,2.1818,0.0563,True,True,True,http://localhost/download/files/ZTF21acerjdn_spec.tar.gz,http://localhost/download/plots/ZTF21acerjdn_plot.tar.gz
https://alerce.online/object/ZTF18acnnaav,2018-11-15 11:58:14,144.98243,69.94600,https://simbad.u-strasbg.fr/simbad/sim-id?Ident=ASASSN%20-13ai,cataclyv*,0.137197,Gaia DR3 1071182710686668160,19.49,19.72,18.97,1.1617,0.2129,True,False,False,N/A,N/A
https://alerce.online/object/ZTF18aabgcoy,2018-11-16 07:48:01,87.67319,9.30544,https://simbad.u-strasbg.fr/simbad/sim-id?Ident=V%2A%20V526%20Ori,orionv*,0.038383,Gaia DR3 3335782905601559808,14.24,14.38,13.90,1.4720,0.0228,True,True,True,http://localhost/download/files/ZTF18aabgcoy_spec.tar.gz,http://localhost/download/plots/ZTF18aabgcoy_plot.tar.gz
https://alerce.online/object/ZTF17aacqkto,2018-11-16 09:28:57,79.84542,15.90965,https://simbad.u-strasbg.fr/simbad/sim-id?Ident=1RXS%20J051922.6%2B155421,cataclyv*,0.329132,Gaia DR3 3393671398233326976,17.34,17.57,16.59,1.6417,0.0686,True,True,True,http://localhost/download/files/ZTF17aacqkto_spec.tar.gz,http://localhost/download/plots/ZTF17aacqkto_plot.tar.gz
https://alerce.online/object/ZTF18acukeey,2018-11-16 09:45:13,84.76468,8.40672,https://simbad.u-strasbg.fr/simbad/sim-id?Ident=Gaia%20DR2%203334578455035280128,star,0.143445,Gaia DR3 3334578455035280128,18.56,19.12,17.64,2.3921,0.1471,True,False,False,N/A,N/A
https://alerce.online/object/ZTF18aaeulfd,2018-11-16 11:43:45,156.82804,43.80708,N/A,N/A,,Gaia DR3 829809332521142400,16.20,16.39,15.78,1.0138,0.0503,True,True,False,http://localhost/download/files/ZTF18aaeulfd_spec.tar.gz,http://localhost/download/plots/ZTF18aaeulfd_plot.tar.gz
https://alerce.online/object/ZTF18acpdkwe,2018-11-17 08:53:28,123.31596,-4.80299,https://simbad.u-strasbg.fr/simbad/sim-id?Ident=ATO%20J123.3159-04.8029,variable*,0.055642,Gaia DR3 3067710460235960704,16.40,16.61,16.02,0.4213,0.0611,True,True,False,N/A,N/A
https://alerce.online/object/ZTF17aaapome,2018-11-17 09:32:06,151.31405,19.18552,https://simbad.u-strasbg.fr/simbad/sim-id?Ident=CRTS%20J100515.4%2B191108,cataclyv*,0.235106,Gaia DR3 626719772406892288,18.12,18.26,17.63,2.9292,0.1693,True,True,True,http://localhost/download/files/ZTF17aaapome_spec.tar.gz,http://localhost/download/plots/ZTF17aaapome_plot.tar.gz
https://alerce.online/object/ZTF18acpchxc,2018-11-17 10:03:31,81.07352,8.56430,N/A,N/A,,Gaia DR3 3337516384464217216,19.63,20.60,18.28,2.2847,0.3986,True,False,False,N/A,N/A
https://alerce.online/object/ZTF18accnhrq,2018-11-17 11:26:52,150.06337,30.72502,https://simbad.u-strasbg.fr/simbad/sim-id?Ident=SDSS%20J100015.18%2B304330.5,whitedwarf,0.622484,Gaia DR3 744171081954649600,18.29,19.13,17.28,2.5287,0.1658,True,False,False,N/A,N/A
https://alerce.online/object/ZTF18acpeexz,2018-11-17 11:56:17,143.34300,-3.02064,https://simbad.u-strasbg.fr/simbad/sim-id?Ident=Gaia%20DR3%203825748819061481088,whitedwarf_candidate,0.330512,Gaia DR3 3825748819061481088,18.58,18.62,18.35,2.0595,0.1656,True,False,False,N/A,N/A
https://alerce.online/object/ZTF17aabuvbl,2018-11-18 05:13:33,351.75870,50.12024,https://simbad.u-strasbg.fr/simbad/sim-id?Ident=AT%202024fhn,transient,0.064914,Gaia DR3 1943185527046658688,16.74,16.97,16.18,0.7264,0.0471,True,True,True,http://localhost/download/files/ZTF17aabuvbl_spec.tar.gz,http://localhost/download/plots/ZTF17aabuvbl_plot.tar.gz
https://alerce.online/object/ZTF18acpfnzs,2018-11-18 09:48:03,50.92383,76.28129,https://simbad.u-strasbg.fr/simbad/sim-id?Ident=V%2A%20V590%20Cas,mira_candidate,0.34575,Gaia DR3 548239282414049152,17.36,17.70,16.74,2.4037,0.0419,True,True,False,http://localhost/download/files/ZTF18acpfnzs_spec.tar.gz,http://localhost/download/plots/ZTF18acpfnzs_plot.tar.gz
https://alerce.online/object/ZTF18acpfodq,2018-11-18 09:48:49,62.09111,60.78031,https://simbad.u-strasbg.fr/simbad/sim-id?Ident=ATO%20J062.0910%2B60.7803,variable*,0.0779,Gaia DR3 473695898746498560,15.55,15.75,15.18,1.5409,0.0347,True,True,False,http://localhost/download/files/ZTF18acpfodq_spec.tar.gz,http://localhost/download/plots/ZTF18acpfodq_plot.tar.gz
https://alerce.online/object/ZTF18acpgdli,2018-11-18 10:19:14,78.87094,56.09227,https://simbad.u-strasbg.fr/simbad/sim-id?Ident=MASTER%20OT%20J051529.15%2B560532.0,cataclyv*,0.005276,Gaia DR3 267785644630328064,18.35,18.75,17.73,2.1138,0.1048,True,False,False,N/A,N/A
https://alerce.online/object/ZTF17aacjahu,2018-11-18 10:22:00,73.25210,22.78168,N/A,N/A,,Gaia DR3 3413226556129600640,17.72,18.11,17.16,0.8528,0.1270,True,True,True,http://localhost/download/files/ZTF17aacjahu_spec.tar.gz,http://localhost/download/plots/ZTF17aacjahu_plot.tar.gz
https://alerce.online/object/ZTF17aacwcof,2018-11-18 10:22:00,73.25210,22.78168,N/A,N/A,,Gaia DR3 3413226556129600640,17.72,18.11,17.16,0.8528,0.1270,True,True,True,http://localhost/download/files/ZTF17aacwcof_spec.tar.gz,http://localhost/download/plots/ZTF17aacwcof_plot.tar.gz
https://alerce.online/object/ZTF18acpluqx,2018-11-18 11:12:19,130.41950,72.45906,https://simbad.u-strasbg.fr/simbad/sim-id?Ident=NSV%20%204168,cataclyv*,0.453657,Gaia DR3 1122302888912661888,18.86,19.02,18.48,2.2840,0.1753,True,False,False,N/A,N/A
https://alerce.online/object/ZTF18actaodk,2018-11-19 06:46:10,357.10658,77.05012,https://simbad.u-strasbg.fr/simbad/sim-id?Ident=Gaia%20DR3%202233466732900604160,hotsubdwarf_candidate,0.346958,Gaia DR3 2233466732900604160,15.07,15.23,14.81,1.6972,0.0216,True,True,False,http://localhost/download/files/ZTF18actaodk_spec.tar.gz,http://localhost/download/plots/ZTF18actaodk_plot.tar.gz
https://alerce.online/object/ZTF18acpsudi,2018-11-19 07:10:48,4.82875,73.41402,N/A,N/A,,Gaia DR3 537741317191585152,17.68,17.79,16.88,0.5995,0.0606,True,False,False,N/A,N/A
https://alerce.online/object/ZTF18acqvevl,2018-11-19 10:38:34,61.61348,9.97403,N/A,N/A,,Gaia DR3 3303415963339034624,18.06,19.10,16.94,4.7546,0.1389,True,True,True,http://localhost/download/files/ZTF18acqvevl_spec.tar.gz,http://localhost/download/plots/ZTF18acqvevl_plot.tar.gz
https://alerce.online/object/ZTF18acpvmnu,2018-11-19 11:03:47,106.89988,-9.21160,https://simbad.u-strasbg.fr/simbad/sim-id?Ident=ASASSN%20-17gp,cataclyv*,0.214378,Gaia DR3 3051216067838344704,19.83,20.12,19.67,1.9611,0.3696,True,True,False,http://localhost/download/files/ZTF18acpvmnu_spec.tar.gz,http://localhost/download/plots/ZTF18acpvmnu_plot.tar.gz
https://alerce.online/object/ZTF18aacdxxf,2018-11-19 11:53:16,140.79747,42.60937,https://simbad.u-strasbg.fr/simbad/sim-id?Ident=GALEX%20J092311.4%2B423634,whitedwarf,0.468942,Gaia DR3 817461778282929664,17.43,17.44,17.50,6.7873,0.0838,True,True,False,http://localhost/download/files/ZTF18aacdxxf_spec.tar.gz,http://localhost/download/plots/ZTF18aacdxxf_plot.tar.gz
https://alerce.online/object/ZTF18aafvibb,2018-11-20 08:49:12,129.69116,19.23778,https://simbad.u-strasbg.fr/simbad/sim-id?Ident=SDSS%20J083845.86%2B191416.5,whitedwarf,0.809802,Gaia DR3 661256399005907456,18.17,18.27,17.90,2.9681,0.1740,True,True,False,http://localhost/download/files/ZTF18aafvibb_spec.tar.gz,http://localhost/download/plots/ZTF18aafvibb_plot.tar.gz
https://alerce.online/object/ZTF17aaaiwfl,2018-11-21 10:29:58,122.07909,0.98327,https://simbad.u-strasbg.fr/simbad/sim-id?Ident=ASASSN%20-15cw,cataclyv*,0.325374,Gaia DR3 3084580919978268672,17.84,17.86,17.30,2.7269,0.1056,True,True,True,http://localhost/download/files/ZTF17aaaiwfl_spec.tar.gz,http://localhost/download/plots/ZTF17aaaiwfl_plot.tar.gz
https://alerce.online/object/ZTF18acqxpid,2018-11-21 10:29:58,120.64330,-0.16121,https://simbad.u-strasbg.fr/simbad/sim-id?Ident=ASASSN%20-14kj,cataclyv*,0.149239,Gaia DR3 3084019099597471744,18.28,18.65,18.02,1.2247,0.1216,True,False,False,N/A,N/A
https://alerce.online/object/ZTF18acpupju,2018-11-21 10:29:58,121.03306,-0.37120,N/A,N/A,,Gaia DR3 3083251949718928512,18.72,18.79,18.26,1.0377,0.1692,True,False,False,N/A,N/A
https://alerce.online/object/ZTF18achddcc,2018-11-21 12:17:34,119.76445,55.41789,N/A,N/A,,Gaia DR3 1080979982061425280,16.77,17.08,16.28,0.9261,0.0614,True,True,False,http://localhost/download/files/ZTF18achddcc_spec.tar.gz,http://localhost/download/plots/ZTF18achddcc_plot.tar.gz
https://alerce.online/object/ZTF18acpwlpf,2018-11-21 12:30:41,140.03975,0.71237,https://simbad.u-strasbg.fr/simbad/sim-id?Ident=V%2A%20V524%20Hya,cataclyv*,0.4309,Gaia DR3 3844106127759399808,17.58,17.66,17.14,0.8582,0.1199,True,True,True,http://localhost/download/files/ZTF18acpwlpf_spec.tar.gz,http://localhost/download/plots/ZTF18acpwlpf_plot.tar.gz
https://alerce.online/object/ZTF18accmhht,2018-11-25 07:30:29,93.62238,79.50667,N/A,N/A,,Gaia DR3 1141406284969466496,18.76,18.93,18.28,1.2858,0.1539,True,False,False,N/A,N/A
https://alerce.online/object/ZTF17aaaaotl,2018-11-25 09:42:05,66.07488,47.87010,https://simbad.u-strasbg.fr/simbad/sim-id?Ident=NSV%20%201586,pulsv*,0.255706,Gaia DR3 258046621605141888,15.63,16.00,15.05,1.6392,0.0376,True,True,False,http://localhost/download/files/ZTF17aaaaotl_spec.tar.gz,http://localhost/download/plots/ZTF17aaaaotl_plot.tar.gz
https://alerce.online/object/ZTF18acnbgot,2018-11-26 12:49:23,211.64714,74.31658,https://simbad.u-strasbg.fr/simbad/sim-id?Ident=GD%20492,whitedwarf,1.723773,Gaia DR3 1711956376295435520,15.56,15.65,15.42,1.6375,0.0257,True,True,False,http://localhost/download/files/ZTF18acnbgot_spec.tar.gz,http://localhost/download/plots/ZTF18acnbgot_plot.tar.gz
https://alerce.online/object/ZTF17aabvsta,2018-11-27 09:52:47,82.69308,-14.30763,N/A,N/A,,Gaia DR3 2984544667724458752,18.24,18.33,17.85,0.9784,0.1162,True,False,False,N/A,N/A
https://alerce.online/object/ZTF17aaafglk,2018-11-28 08:13:45,43.68231,22.73396,https://simbad.u-strasbg.fr/simbad/sim-id?Ident=ASASSN%20-15bu,cataclyv*,0.099903,Gaia DR3 109693846992684544,17.06,17.35,16.45,3.4532,0.0645,True,True,True,http://localhost/download/files/ZTF17aaafglk_spec.tar.gz,http://localhost/download/plots/ZTF17aaafglk_plot.tar.gz
https://alerce.online/object/ZTF18aaaatwt,2018-11-28 08:26:13,60.66265,42.84595,https://simbad.u-strasbg.fr/simbad/sim-id?Ident=SV%2A%20R%20%20%20%20%204,cataclyv*,0.611716,Gaia DR3 230780309488710016,17.04,17.09,16.50,3.9587,0.0611,True,True,True,http://localhost/download/files/ZTF18aaaatwt_spec.tar.gz,http://localhost/download/plots/ZTF18aaaatwt_plot.tar.gz
https://alerce.online/object/ZTF18acskaqh,2018-11-28 08:26:13,65.76492,43.44747,https://simbad.u-strasbg.fr/simbad/sim-id?Ident=Gaia%20DR2%20229346855560052096,emline*,0.249815,Gaia DR3 229346855560052096,18.78,19.45,17.83,1.1540,0.1906,True,False,False,N/A,N/A
https://alerce.online/object/ZTF18acrumbc,2018-11-28 08:33:24,93.38134,-9.35015,N/A,N/A,,Gaia DR3 3004869552480971264,18.47,18.69,17.74,1.8030,0.3217,True,False,False,N/A,N/A
https://alerce.online/object/ZTF18actavui,2018-11-28 08:34:03,85.15607,-2.08952,N/A,N/A,,Gaia DR3 3216534581735569024,19.45,20.30,17.89,2.8109,0.1748,True,False,False,N/A,N/A
https://alerce.online/object/ZTF18acrunsb,2018-11-28 08:34:03,83.99551,-6.04435,https://simbad.u-strasbg.fr/simbad/sim-id?Ident=V%2A%20V654%20Ori,orionv*,0.042776,Gaia DR3 3017173401131432704,17.22,17.89,16.29,2.7931,0.1029,True,True,True,http://localhost/download/files/ZTF18acrunsb_spec.tar.gz,http://localhost/download/plots/ZTF18acrunsb_plot.tar.gz
https://alerce.online/object/ZTF17aaasrzk,2018-11-28 08:34:03,83.89834,-5.65227,https://simbad.u-strasbg.fr/simbad/sim-id?Ident=V%2A%20V2547%20Ori,orionv*,0.01223,Gaia DR3 3017248442799982976,17.36,17.69,16.10,2.4820,0.1008,True,True,True,http://localhost/download/files/ZTF17aaasrzk_spec.tar.gz,http://localhost/download/plots/ZTF17aaasrzk_plot.tar.gz
https://alerce.online/object/ZTF17aaatvny,2018-11-28 08:34:03,88.03242,-5.41683,https://simbad.u-strasbg.fr/simbad/sim-id?Ident=V%2A%20CN%20Ori,cataclyv*,0.053048,Gaia DR3 3022568258011201024,13.85,14.00,13.54,2.8693,0.0204,True,True,False,http://localhost/download/files/ZTF17aaatvny_spec.tar.gz,http://localhost/download/plots/ZTF17aaatvny_plot.tar.gz
https://alerce.online/object/ZTF18aaaaksg,2018-11-28 08:50:01,80.71860,60.60376,https://simbad.u-strasbg.fr/simbad/sim-id?Ident=SDSS%20J052252.43%2B603613.9,blue,0.118061,Gaia DR3 284495369512087168,17.25,17.47,16.86,0.5333,0.0901,True,True,True,http://localhost/download/files/ZTF18aaaaksg_spec.tar.gz,http://localhost/download/plots/ZTF18aaaaksg_plot.tar.gz
https://alerce.online/object/ZTF18acruybz,2018-11-28 08:56:53,67.48056,34.79265,https://simbad.u-strasbg.fr/simbad/sim-id?Ident=LAMOST%20J042955.26%2B344734.3,whitedwarf,1.236086,Gaia DR3 173280902235344640,17.01,17.23,16.53,4.2396,0.1029,True,True,False,http://localhost/download/files/ZTF18acruybz_spec.tar.gz,http://localhost/download/plots/ZTF18acruybz_plot.tar.gz
https://alerce.online/object/ZTF17aaavfwx,2018-11-28 09:00:28,76.55463,-4.13544,https://simbad.u-strasbg.fr/simbad/sim-id?Ident=V%2A%20AQ%20Eri,cataclyv*,0.344638,Gaia DR3 3212803625248377088,17.15,17.31,16.74,2.6290,0.0901,True,True,True,http://localhost/download/files/ZTF17aaavfwx_spec.tar.gz,http://localhost/download/plots/ZTF17aaavfwx_plot.tar.gz
https://alerce.online/object/ZTF18actauvk,2018-11-28 09:00:28,81.05064,0.69667,https://simbad.u-strasbg.fr/simbad/sim-id?Ident=CRTS%20CSS131106%20J052412%2B004148,cataclyv*,0.086105,Gaia DR3 3221858928137002880,17.92,18.33,17.14,1.2755,0.0986,True,False,False,N/A,N/A
https://alerce.online/object/ZTF17aaahrrt,2018-11-28 09:00:28,82.24807,-3.56456,https://simbad.u-strasbg.fr/simbad/sim-id?Ident=V%2A%20V1159%20Ori,cataclyv*,0.48319,Gaia DR3 3210749947983249408,14.28,14.38,14.11,2.8039,0.0205,True,True,False,http://localhost/download/files/ZTF17aaahrrt_spec.tar.gz,http://localhost/download/plots/ZTF17aaahrrt_plot.tar.gz
https://alerce.online/object/ZTF17aaarxex,2018-11-28 09:00:28,82.24805,-3.56457,https://simbad.u-strasbg.fr/simbad/sim-id?Ident=V%2A%20V1159%20Ori,cataclyv*,0.56425,Gaia DR3 3210749947983249408,14.28,14.38,14.11,2.8039,0.0205,True,True,False,http://localhost/download/files/ZTF17aaarxex_spec.tar.gz,http://localhost/download/plots/ZTF17aaarxex_plot.tar.gz
https://alerce.online/object/ZTF17aaahsxa,2018-11-28 09:02:33,104.52440,-17.74004,https://simbad.u-strasbg.fr/simbad/sim-id?Ident=1RXS%20J065806.3-174427,cataclyv*,1.080363,Gaia DR3 2933992632075460352,16.73,17.23,15.97,4.7960,0.0442,True,True,False,http://localhost/download/files/ZTF17aaahsxa_spec.tar.gz,http://localhost/download/plots/ZTF17aaahsxa_plot.tar.gz
https://alerce.online/object/ZTF17aaagrxo,2018-11-28 09:03:53,108.27559,-8.75619,https://simbad.u-strasbg.fr/simbad/sim-id?Ident=OGLE%20GD1670.31.03740,variable*,0.179354,Gaia DR3 3048347059745859072,17.34,17.58,16.72,2.4637,0.0821,True,True,False,http://localhost/download/files/ZTF17aaagrxo_spec.tar.gz,http://localhost/download/plots/ZTF17aaagrxo_plot.tar.gz
https://alerce.online/object/ZTF18acrvelb,2018-11-28 09:04:31,105.68540,-1.64156,N/A,N/A,,Gaia DR3 3109099239002478720,17.96,18.12,17.55,0.8355,0.1606,True,True,False,http://localhost/download/files/ZTF18acrvelb_spec.tar.gz,http://localhost/download/plots/ZTF18acrvelb_plot.tar.gz
https://alerce.online/object/ZTF18acrvfna,2018-11-28 09:05:11,113.38316,-5.79323,N/A,N/A,,Gaia DR3 3055384690075332992,17.62,18.37,16.76,2.2622,0.0976,True,True,False,http://localhost/download/files/ZTF18acrvfna_spec.tar.gz,http://localhost/download/plots/ZTF18acrvfna_plot.tar.gz
https://alerce.online/object/ZTF17aabwgnv,2018-11-28 09:05:50,112.78494,5.98004,https://simbad.u-strasbg.fr/simbad/sim-id?Ident=V%2A%20SV%20CMi,cataclyv*,0.348402,Gaia DR3 3141492569543716096,15.11,15.28,14.66,2.3738,0.0257,True,True,False,http://localhost/download/files/ZTF17aabwgnv_spec.tar.gz,http://localhost/download/plots/ZTF17aabwgnv_plot.tar.gz
https://alerce.online/object/ZTF17aabskxk,2018-11-28 09:30:13,102.46216,-7.62805,https://simbad.u-strasbg.fr/simbad/sim-id?Ident=RX%20J0649.8-0737,cataclyv*,0.090665,Gaia DR3 3099139244207211520,17.08,17.58,16.27,1.7039,0.0678,True,True,False,http://localhost/download/files/ZTF17aabskxk_spec.tar.gz,http://localhost/download/plots/ZTF17aabskxk_plot.tar.gz
https://alerce.online/object/ZTF18acrvres,2018-11-28 09:30:13,102.67126,-7.48921,N/A,N/A,,Gaia DR3 3099159615233832448,17.09,17.25,16.69,0.5144,0.0684,True,True,False,http://localhost/download/files/ZTF18acrvres_spec.tar.gz,http://localhost/download/plots/ZTF18acrvres_plot.tar.gz
https://alerce.online/object/ZTF18acrvsjf,2018-11-28 09:35:03,72.82016,1.07387,https://simbad.u-strasbg.fr/simbad/sim-id?Ident=UCAC4%20456-007634,ellipvar,0.697287,Gaia DR3 3231653210215464832,15.34,15.53,15.02,3.4062,0.0327,True,True,False,http://localhost/download/files/ZTF18acrvsjf_spec.tar.gz,http://localhost/download/plots/ZTF18acrvsjf_plot.tar.gz
https://alerce.online/object/ZTF17aaaosux,2018-11-28 10:02:57,82.36875,-7.77696,https://simbad.u-strasbg.fr/simbad/sim-id?Ident=Haro%204-264,emline*,0.016258,Gaia DR3 3016379102763090560,17.03,18.04,15.82,6.3143,0.5274,True,True,True,http://localhost/download/files/ZTF17aaaosux_spec.tar.gz,http://localhost/download/plots/ZTF17aaaosux_plot.tar.gz
https://alerce.online/object/ZTF17aaakhci,2018-11-28 10:02:57,83.14339,-7.57376,https://simbad.u-strasbg.fr/simbad/sim-id?Ident=V%2A%20V1166%20Ori,orionv*,0.094158,Gaia DR3 3016400719333973632,17.72,17.84,16.96,0.8710,0.0698,True,False,False,N/A,N/A
https://alerce.online/object/ZTF17aabvslm,2018-11-28 10:02:57,84.31834,-7.19621,https://simbad.u-strasbg.fr/simbad/sim-id?Ident=CRTS%20J053716.3-071146,yso,0.104533,Gaia DR3 3016473390180542720,17.48,18.23,16.43,2.6628,0.0914,True,False,False,N/A,N/A
https://alerce.online/object/ZTF18acrwnwq,2018-11-28 10:02:57,82.89427,-12.81728,https://simbad.u-strasbg.fr/simbad/sim-id?Ident=ATO%20J082.8942-12.8172,variable*,0.11357,Gaia DR3 3009561482131683328,17.01,17.07,16.64,0.7300,0.0582,True,True,True,http://localhost/download/files/ZTF18acrwnwq_spec.tar.gz,http://localhost/download/plots/ZTF18acrwnwq_plot.tar.gz
https://alerce.online/object/ZTF18aaadvcv,2018-11-28 10:06:15,59.52773,34.06214,https://simbad.u-strasbg.fr/simbad/sim-id?Ident=CRTS%20J035806.6%2B340343,cataclyv*,0.445691,Gaia DR3 218638819194867456,17.53,17.64,16.82,0.9371,0.1055,True,True,True,http://localhost/download/files/ZTF18aaadvcv_spec.tar.gz,http://localhost/download/plots/ZTF18aaadvcv_plot.tar.gz
https://alerce.online/object/ZTF18acrwtsm,2018-11-28 10:09:03,28.33757,74.77277,https://simbad.u-strasbg.fr/simbad/sim-id?Ident=RX%20J0153.3%2B7446,cataclyv*,0.035279,Gaia DR3 558935743846455296,16.88,17.04,16.31,0.7199,0.0503,True,True,True,http://localhost/download/files/ZTF18acrwtsm_spec.tar.gz,http://localhost/download/plots/ZTF18acrwtsm_plot.tar.gz
https://alerce.online/object/ZTF18acrxpcz,2018-11-28 11:07:39,139.90253,-5.92207,https://simbad.u-strasbg.fr/simbad/sim-id?Ident=CRTS%20J091936.6-055519,cataclyv*,0.218366,Gaia DR3 5746417687996443136,17.33,17.39,17.02,2.2673,0.1147,True,True,False,http://localhost/download/files/ZTF18acrxpcz_spec.tar.gz,http://localhost/download/plots/ZTF18acrxpcz_plot.tar.gz
https://alerce.online/object/ZTF18acwydyp,2018-11-28 11:13:10,155.26049,80.14157,https://simbad.u-strasbg.fr/simbad/sim-id?Ident=GALEX%20J102102.6%2B800830,hotsubdwarf_candidate,0.255767,Gaia DR3 1133795950814826240,17.28,17.18,17.39,0.6184,0.0648,True,True,False,http://localhost/download/files/ZTF18acwydyp_spec.tar.gz,http://localhost/download/plots/ZTF18acwydyp_plot.tar.gz
https://alerce.online/object/ZTF18acrxszj,2018-11-28 11:37:57,174.61135,3.36835,https://simbad.u-strasbg.fr/simbad/sim-id?Ident=V%2A%20QZ%20Vir,cataclyv*,1.832491,Gaia DR3 3800596876396315648,15.94,16.06,15.66,7.9220,0.0456,True,True,True,http://localhost/download/files/ZTF18acrxszj_spec.tar.gz,http://localhost/download/plots/ZTF18acrxszj_plot.tar.gz
https://alerce.online/object/ZTF18acsjaxs,2018-12-03 06:15:04,65.69392,21.70903,N/A,N/A,,Gaia DR3 145534524445561472,17.40,17.66,16.90,0.4823,0.0947,True,True,False,http://localhost/download/files/ZTF18acsjaxs_spec.tar.gz,http://localhost/download/plots/ZTF18acsjaxs_plot.tar.gz
https://alerce.online/object/ZTF18aaaenbi,2018-12-03 06:17:46,60.21763,34.07727,https://simbad.u-strasbg.fr/simbad/sim-id?Ident=MASTER%20OT%20J040052.30%2B340438.0,transient,0.86018,Gaia DR3 218604390737159040,17.87,18.09,17.30,3.0076,0.0967,True,False,False,N/A,N/A
https://alerce.online/object/ZTF17aaceoyy,2018-12-03 06:54:09,77.72736,18.17853,https://simbad.u-strasbg.fr/simbad/sim-id?Ident=MASTER%20OT%20J051054.52%2B181042.9,cataclyv*,0.38543,Gaia DR3 3395511435236009728,19.87,20.15,19.07,2.5160,0.4424,True,True,False,http://localhost/download/files/ZTF17aaceoyy_spec.tar.gz,http://localhost/download/plots/ZTF17aaceoyy_plot.tar.gz
https://alerce.online/object/ZTF17aacuafj,2018-12-03 06:54:48,74.93350,19.43964,https://simbad.u-strasbg.fr/simbad/sim-id?Ident=V%2A%20V1208%20Tau,cataclyv*,0.102024,Gaia DR3 3408324422192886528,18.45,18.83,17.70,1.8167,0.2196,True,True,True,http://localhost/download/files/ZTF17aacuafj_spec.tar.gz,http://localhost/download/plots/ZTF17aacuafj_plot.tar.gz
https://alerce.online/object/ZTF18aabiptl,2018-12-03 08:11:25,102.13902,19.62062,https://simbad.u-strasbg.fr/simbad/sim-id?Ident=V%2A%20MP%20Gem,eclbin,0.07916,Gaia DR3 3365663714635965952,16.84,17.13,16.81,0.5293,0.0572,True,True,False,http://localhost/download/files/ZTF18aabiptl_spec.tar.gz,http://localhost/download/plots/ZTF18aabiptl_plot.tar.gz
https://alerce.online/object/ZTF18aaawxcl,2018-12-03 08:11:25,102.13903,19.62061,https://simbad.u-strasbg.fr/simbad/sim-id?Ident=V%2A%20MP%20Gem,eclbin,0.074528,Gaia DR3 3365663714635965952,16.84,17.13,16.81,0.5293,0.0572,True,True,False,http://localhost/download/files/ZTF18aaawxcl_spec.tar.gz,http://localhost/download/plots/ZTF18aaawxcl_plot.tar.gz
https://alerce.online/object/ZTF17aaatjpw,2018-12-03 10:53:01,116.03567,15.65269,https://simbad.u-strasbg.fr/simbad/sim-id?Ident=Gaia%20DR3%203165642238639102592,star,0.352119,Gaia DR3 3165642238639102592,17.87,18.00,17.51,2.1993,0.1211,True,False,False,N/A,N/A
https://alerce.online/object/ZTF17aackrzg,2018-12-03 11:32:28,141.66111,36.40068,https://simbad.u-strasbg.fr/simbad/sim-id?Ident=V%2A%20YZ%20LMi,cataclyv*,0.694237,Gaia DR3 798764346831516032,19.27,19.25,19.41,1.2272,0.2078,True,True,False,http://localhost/download/files/ZTF17aackrzg_spec.tar.gz,http://localhost/download/plots/ZTF17aackrzg_plot.tar.gz
https://alerce.online/object/ZTF18aaaaoxf,2018-12-03 12:01:34,104.45495,21.55514,https://simbad.u-strasbg.fr/simbad/sim-id?Ident=ATO%20J104.4549%2B21.5551,pulsv*,0.072649,Gaia DR3 3366365271772611072,16.49,16.58,16.24,0.7294,0.0569,True,False,False,N/A,N/A
https://alerce.online/object/ZTF18acsvxzz,2018-12-04 03:10:06,337.48956,26.71783,https://simbad.u-strasbg.fr/simbad/sim-id?Ident=ATO%20J337.4895%2B26.7178,variable*,0.264172,Gaia DR3 1880782332291949056,16.59,16.60,16.32,1.2885,0.1433,True,False,False,N/A,N/A
https://alerce.online/object/ZTF18acsvybp,2018-12-04 03:11:24,339.16509,39.16463,N/A,N/A,,Gaia DR3 1908275719327409536,19.37,19.58,18.19,4.3567,0.7636,True,False,False,N/A,N/A
https://alerce.online/object/ZTF18acswtgb,2018-12-04 03:33:53,323.58766,-2.27728,https://simbad.u-strasbg.fr/simbad/sim-id?Ident=ZTF18acswtgb,cataclyv*_candidate,0.268557,Gaia DR3 2674390308888325632,19.02,19.04,18.69,1.6828,0.3095,True,False,False,N/A,N/A
https://alerce.online/object/ZTF18aaaammb,2018-12-04 05:36:49,87.87079,7.87803,N/A,N/A,,Gaia DR3 3335057979544055168,17.81,18.37,16.96,2.1886,0.1595,True,False,False,N/A,N/A
https://alerce.online/object/ZTF18acszlnz,2018-12-04 05:36:49,89.68564,2.18134,N/A,N/A,,Gaia DR3 3315952178304327424,18.30,18.76,17.42,0.8198,0.1426,True,False,False,N/A,N/A
https://alerce.online/object/ZTF18acszima,2018-12-04 05:36:49,88.73732,1.71564,https://simbad.u-strasbg.fr/simbad/sim-id?Ident=2MASS%20J05545694%2B0142560,yso,0.065129,Gaia DR3 3315829312176411520,17.03,17.51,16.09,3.4185,0.1742,True,True,False,http://localhost/download/files/ZTF18acszima_spec.tar.gz,http://localhost/download/plots/ZTF18acszima_plot.tar.gz
https://alerce.online/object/ZTF17aabwdlv,2018-12-04 05:55:52,96.12376,0.35158,https://simbad.u-strasbg.fr/simbad/sim-id?Ident=SDSS%20J062429.70%2B002106.0,cataclyv*,0.339584,Gaia DR3 3120280997380365824,18.86,19.25,18.19,2.1954,0.2340,True,True,False,http://localhost/download/files/ZTF17aabwdlv_spec.tar.gz,http://localhost/download/plots/ZTF17aabwdlv_plot.tar.gz
https://alerce.online/object/ZTF18acuwzwf,2018-12-04 05:55:52,95.09357,-5.44779,N/A,N/A,,Gaia DR3 3008353428092638208,17.33,17.46,16.91,1.2530,0.0965,True,True,True,http://localhost/download/files/ZTF18acuwzwf_spec.tar.gz,http://localhost/download/plots/ZTF18acuwzwf_plot.tar.gz
https://alerce.online/object/ZTF18actaaed,2018-12-04 05:55:52,96.25725,-2.79961,https://simbad.u-strasbg.fr/simbad/sim-id?Ident=ASASSN%20-15bv,cataclyv*,0.094976,Gaia DR3 3117341620544380160,18.79,19.14,18.23,1.1254,0.2012,True,False,False,N/A,N/A
https://alerce.online/object/ZTF18acszxsy,2018-12-04 05:56:32,91.46172,-7.27978,N/A,N/A,,Gaia DR3 3018113827169467776,18.57,18.94,17.92,3.7589,0.1888,True,False,False,N/A,N/A
https://alerce.online/object/ZTF18acszxxp,2018-12-04 05:56:32,88.30688,-7.17418,https://simbad.u-strasbg.fr/simbad/sim-id?Ident=Gaia%20DR2%203018868848060577664,star,0.056882,Gaia DR3 3018868848060577664,18.65,19.83,17.48,3.6412,0.1910,True,False,False,N/A,N/A
https://alerce.online/object/ZTF17aaagarl,2018-12-04 05:57:50,83.43901,-6.67637,https://simbad.u-strasbg.fr/simbad/sim-id?Ident=V%2A%20ST%20Ori,orionv*,0.013799,Gaia DR3 3016753215890834944,17.91,18.49,16.77,2.8379,0.0854,True,False,False,N/A,N/A
https://alerce.online/object/ZTF18actabdl,2018-12-04 05:57:50,85.84339,-12.42340,N/A,N/A,,Gaia DR3 3009080235340019328,18.27,18.44,17.78,0.7599,0.1205,True,False,False,N/A,N/A
https://alerce.online/object/ZTF18actacfv,2018-12-04 05:57:50,79.16422,-10.53727,https://simbad.u-strasbg.fr/simbad/sim-id?Ident=UCAC4%20398-008562,hotsubdwarf_candidate,0.106645,Gaia DR3 2990095865712197632,16.62,16.69,16.44,0.8335,0.0509,True,True,True,http://localhost/download/files/ZTF18actacfv_spec.tar.gz,http://localhost/download/plots/ZTF18actacfv_plot.tar.gz
https://alerce.online/object/ZTF19aaabidy,2018-12-05 04:36:00,48.04036,50.14043,N/A,N/A,,Gaia DR3 436732375105660800,17.98,18.39,17.36,0.7517,0.1192,True,False,False,N/A,N/A
https://alerce.online/object/ZTF18actyzxn,2018-12-05 05:03:40,55.93825,32.06627,https://simbad.u-strasbg.fr/simbad/sim-id?Ident=Cl%2A%20IC%20%20348%20%20%20%20LRL%20%20%20%20%20245,yso,0.171742,Gaia DR3 216679729989231744,20.32,21.39,18.76,7.5713,1.4838,True,False,False,N/A,N/A
https://alerce.online/object/ZTF18acuajcr,2018-12-05 06:01:10,53.86946,-25.73938,https://simbad.u-strasbg.fr/simbad/sim-id?Ident=NAME%20UZ%20For%20b,planet,0.245756,Gaia DR3 5084805635638179584,16.64,16.80,16.14,4.1785,0.0575,True,True,True,http://localhost/download/files/ZTF18acuajcr_spec.tar.gz,http://localhost/download/plots/ZTF18acuajcr_plot.tar.gz
https://alerce.online/object/ZTF18acuauty,2018-12-05 06:30:22,79.08614,-16.55990,https://simbad.u-strasbg.fr/simbad/sim-id?Ident=UCAC4%20368-007536,hotsubdwarf_candidate,0.174849,Gaia DR3 2983108331879225344,15.30,15.43,15.02,1.2029,0.0307,True,True,True,http://localhost/download/files/ZTF18acuauty_spec.tar.gz,http://localhost/download/plots/ZTF18acuauty_plot.tar.gz
https://alerce.online/object/ZTF18acrxnze,2018-12-09 10:46:17,119.00131,-2.85435,https://simbad.u-strasbg.fr/simbad/sim-id?Ident=ASASSN%20-15tc,cataclyv*,0.267144,Gaia DR3 3081121787677797504,16.62,16.89,16.06,1.4874,0.0671,True,True,True,http://localhost/download/files/ZTF18acrxnze_spec.tar.gz,http://localhost/download/plots/ZTF18acrxnze_plot.tar.gz
https://alerce.online/object/ZTF17aaaizfe,2018-12-09 11:28:40,134.78829,5.61511,https://simbad.u-strasbg.fr/simbad/sim-id?Ident=RX%20J0859.1%2B0537,cataclyv*,0.223131,Gaia DR3 583340808875713280,18.07,18.39,17.41,2.2497,0.1183,True,False,False,N/A,N/A
https://alerce.online/object/ZTF18aabjifc,2018-12-09 11:28:40,136.61769,5.44916,https://simbad.u-strasbg.fr/simbad/sim-id?Ident=SDSS%20J090628.24%2B052656.9,cataclyv*,0.030029,Gaia DR3 580320897110564480,18.33,18.58,17.64,0.6006,0.0971,True,True,False,http://localhost/download/files/ZTF18aabjifc_spec.tar.gz,http://localhost/download/plots/ZTF18aabjifc_plot.tar.gz
https://alerce.online/object/ZTF18acqyphc,2018-12-09 11:29:19,134.16786,-4.07770,https://simbad.u-strasbg.fr/simbad/sim-id?Ident=ASASSN%20-15ds,star,0.171628,Gaia DR3 5761140728513144192,17.69,17.79,17.43,1.3007,0.1107,True,False,False,N/A,N/A
https://alerce.online/object/ZTF18acsoscj,2018-12-09 11:29:19,138.19167,-3.82132,https://simbad.u-strasbg.fr/simbad/sim-id?Ident=CRTS%20J091245.9-034916,cataclyv*,0.452642,Gaia DR3 5759752908615824128,17.82,17.93,17.43,1.5173,0.1076,True,False,False,N/A,N/A
https://alerce.online/object/ZTF19aaaemwo,2018-12-09 11:59:22,174.61111,6.32206,https://simbad.u-strasbg.fr/simbad/sim-id?Ident=PM%20J11384%2B0619,cataclyv*,1.136056,Gaia DR3 3909559715659399808,18.54,18.63,18.40,4.7919,0.2156,True,True,True,http://localhost/download/files/ZTF19aaaemwo_spec.tar.gz,http://localhost/download/plots/ZTF19aaaemwo_plot.tar.gz
https://alerce.online/object/ZTF18aczeouv,2018-12-09 11:59:22,174.64838,4.74860,https://simbad.u-strasbg.fr/simbad/sim-id?Ident=ASASSN%20-17fo,cataclyv*,1.055047,Gaia DR3 3897111418674001408,19.13,19.37,18.79,2.0763,0.3814,True,True,False,http://localhost/download/files/ZTF18aczeouv_spec.tar.gz,http://localhost/download/plots/ZTF18aczeouv_plot.tar.gz
https://alerce.online/object/ZTF18acsosfz,2018-12-09 12:02:56,138.54465,1.62582,https://simbad.u-strasbg.fr/simbad/sim-id?Ident=SDSS%20J091410.71%2B013732.9,cataclyv*,0.063804,Gaia DR3 3843535378146405888,17.69,18.14,16.99,0.9818,0.1164,True,False,False,N/A,N/A
https://alerce.online/object/ZTF17aaaizeq,2018-12-09 12:31:47,141.18526,8.03089,https://simbad.u-strasbg.fr/simbad/sim-id?Ident=V%2A%20HU%20Leo,cataclyv*,0.331021,Gaia DR3 587316166180416640,18.76,19.14,17.92,1.8745,0.2747,True,False,False,N/A,N/A
https://alerce.online/object/ZTF17aaajeks,2018-12-09 12:31:47,144.65413,7.24848,https://simbad.u-strasbg.fr/simbad/sim-id?Ident=V%2A%20HM%20Leo,cataclyv*,0.605559,Gaia DR3 3854288674880283264,16.66,16.98,15.91,1.9435,0.0862,True,True,True,http://localhost/download/files/ZTF17aaajeks_spec.tar.gz,http://localhost/download/plots/ZTF17aaajeks_plot.tar.gz
https://alerce.online/object/ZTF17aabtlxj,2018-12-09 12:31:47,141.55957,1.09930,https://simbad.u-strasbg.fr/simbad/sim-id?Ident=SDSS%20J092614.31%2B010557.2,cataclyv*,0.297816,Gaia DR3 3844016380122912640,19.47,19.57,19.07,2.6824,0.3394,True,False,False,N/A,N/A
https://alerce.online/object/ZTF17aabvszf,2018-12-10 07:34:24,80.96571,1.00855,https://simbad.u-strasbg.fr/simbad/sim-id?Ident=V%2A%20BI%20Ori,cataclyv*,0.164956,Gaia DR3 3222072856163838976,16.00,16.22,15.46,1.4381,0.0496,True,True,False,http://localhost/download/files/ZTF17aabvszf_spec.tar.gz,http://localhost/download/plots/ZTF17aabvszf_plot.tar.gz
https://alerce.online/object/ZTF17aabvtof,2018-12-10 07:35:45,83.15217,12.46340,https://simbad.u-strasbg.fr/simbad/sim-id?Ident=ATO%20J083.1521%2B12.4634,variable*,0.049414,Gaia DR3 3340984729470702208,16.52,17.18,15.55,2.8511,0.1051,True,True,True,http://localhost/download/files/ZTF17aabvtof_spec.tar.gz,http://localhost/download/plots/ZTF17aabvtof_plot.tar.gz
https://alerce.online/object/ZTF18acwwavu,2018-12-10 07:57:52,115.03960,-13.39859,N/A,N/A,,Gaia DR3 3030679728951321472,18.40,18.38,17.78,0.7472,0.1314,True,False,False,N/A,N/A
https://alerce.online/object/ZTF18acuyqbr,2018-12-10 08:30:20,86.49271,2.35170,https://simbad.u-strasbg.fr/simbad/sim-id?Ident=CRTS%20J054558.3%2B022106,cataclyv*,0.355123,Gaia DR3 3223064065896252928,18.49,19.14,17.56,1.9188,0.1924,True,False,False,N/A,N/A
https://alerce.online/object/ZTF18aaaamoh,2018-12-10 08:30:20,88.92805,7.56716,https://simbad.u-strasbg.fr/simbad/sim-id?Ident=ATO%20J088.9280%2B07.5671,cataclyv*,0.163485,Gaia DR3 3322989366260382976,17.26,17.27,16.42,0.7361,0.0525,True,True,False,http://localhost/download/files/ZTF18aaaamoh_spec.tar.gz,http://localhost/download/plots/ZTF18aaaamoh_plot.tar.gz
https://alerce.online/object/ZTF18aaashew,2018-12-12 07:06:26,119.22135,8.97549,https://simbad.u-strasbg.fr/simbad/sim-id?Ident=2MASS%20J07565311%2B0858319,cataclyv*,0.164498,Gaia DR3 3146975005100167296,16.88,17.02,16.65,0.8983,0.0681,True,True,True,http://localhost/download/files/ZTF18aaashew_spec.tar.gz,http://localhost/download/plots/ZTF18aaashew_plot.tar.gz
https://alerce.online/object/ZTF18acwhgpm,2018-12-12 07:32:55,114.54036,-13.36905,https://simbad.u-strasbg.fr/simbad/sim-id?Ident=SDSS%20J073809.69-132208.5,star,0.11229,Gaia DR3 3030673647279590528,17.28,17.40,17.02,0.5101,0.0910,True,True,True,http://localhost/download/files/ZTF18acwhgpm_spec.tar.gz,http://localhost/download/plots/ZTF18acwhgpm_plot.tar.gz
https://alerce.online/object/ZTF18actbrbg,2018-12-12 07:34:15,117.29332,-5.82377,https://simbad.u-strasbg.fr/simbad/sim-id?Ident=RX%20J0749.1-0549,cataclyv*,0.129288,Gaia DR3 3044263340416525568,17.92,18.15,17.42,0.8493,0.0960,True,False,False,N/A,N/A
https://alerce.online/object/ZTF18acvgcfw,2018-12-12 11:08:02,135.54265,-11.50870,https://simbad.u-strasbg.fr/simbad/sim-id?Ident=CRTS%20J090210.2-113032,cataclyv*,0.442309,Gaia DR3 5737067406753752960,17.50,18.10,16.71,1.1864,0.0753,True,True,False,http://localhost/download/files/ZTF18acvgcfw_spec.tar.gz,http://localhost/download/plots/ZTF18acvgcfw_plot.tar.gz
https://alerce.online/object/ZTF18aatvnrk,2018-12-12 12:14:10,165.18810,52.17878,https://simbad.u-strasbg.fr/simbad/sim-id?Ident=GALEX%20J110045.1%2B521044,whitedwarf,0.244266,Gaia DR3 836510989033113472,18.53,18.47,18.72,1.5723,0.1517,True,True,False,http://localhost/download/files/ZTF18aatvnrk_spec.tar.gz,http://localhost/download/plots/ZTF18aatvnrk_plot.tar.gz
https://alerce.online/object/ZTF18acvpwbk,2018-12-13 05:32:37,61.45637,9.94104,N/A,N/A,,Gaia DR3 3301960652322861440,18.67,18.89,18.13,1.2839,0.2501,True,False,False,N/A,N/A
https://alerce.online/object/ZTF18acsorzs,2018-12-13 11:07:07,123.57884,-0.83945,https://simbad.u-strasbg.fr/simbad/sim-id?Ident=CRTS%20J081418.9-005022,cataclyv*,0.081917,Gaia DR3 3071338844311737088,18.54,18.69,17.96,1.7917,0.1652,True,True,True,http://localhost/download/files/ZTF18acsorzs_spec.tar.gz,http://localhost/download/plots/ZTF18acsorzs_plot.tar.gz
https://alerce.online/object/ZTF18acvvypr,2018-12-13 12:01:26,157.17855,-8.32410,https://simbad.u-strasbg.fr/simbad/sim-id?Ident=CRTS%20J102842.9-081927,cataclyv*,0.570632,Gaia DR3 3774360153840332800,19.32,19.66,18.88,1.3647,0.2039,True,True,True,http://localhost/download/files/ZTF18acvvypr_spec.tar.gz,http://localhost/download/plots/ZTF18acvvypr_plot.tar.gz
https://alerce.online/object/ZTF18acvwalp,2018-12-13 12:04:44,176.33828,-4.43506,https://simbad.u-strasbg.fr/simbad/sim-id?Ident=V%2A%20TW%20Vir,cataclyv*,0.485748,Gaia DR3 3599772726850899712,16.61,17.13,15.81,2.4629,0.0771,True,True,True,http://localhost/download/files/ZTF18acvwalp_spec.tar.gz,http://localhost/download/plots/ZTF18acvwalp_plot.tar.gz
https://alerce.online/object/ZTF18acvwfpj,2018-12-13 12:37:03,148.59565,-8.99116,N/A,N/A,,Gaia DR3 3771293207888584192,17.06,17.51,16.45,2.1679,0.0825,True,False,False,N/A,N/A
https://alerce.online/object/ZTF18acwarvb,2018-12-14 05:24:55,351.58141,34.34756,N/A,N/A,,Gaia DR3 1912202040991314304,14.97,15.26,14.34,1.9610,0.3077,True,True,False,http://localhost/download/files/ZTF18acwarvb_spec.tar.gz,http://localhost/download/plots/ZTF18acwarvb_plot.tar.gz
https://alerce.online/object/ZTF18acwexhc,2018-12-14 07:04:42,84.28432,-24.83732,https://simbad.u-strasbg.fr/simbad/sim-id?Ident=ZTF%20J053708.26-245014.6,whitedwarf,0.614335,Gaia DR3 2909321068611958016,16.86,16.99,16.51,4.5738,0.0489,True,True,True,http://localhost/download/files/ZTF18acwexhc_spec.tar.gz,http://localhost/download/plots/ZTF18acwexhc_plot.tar.gz
https://alerce.online/object/ZTF18acwevfv,2018-12-14 07:04:42,79.26889,-25.51756,https://simbad.u-strasbg.fr/simbad/sim-id?Ident=ASASSN%20-18abu,cataclyv*,0.178878,Gaia DR3 2956322407560265088,18.41,18.71,17.79,0.8810,0.1095,True,False,False,N/A,N/A
https://alerce.online/object/ZTF18acxhwlq,2018-12-14 07:26:19,84.30010,0.15585,https://simbad.u-strasbg.fr/simbad/sim-id?Ident=IRAS%2005346%2B0007,star,0.165439,Gaia DR3 3222330829079210112,16.02,16.18,15.63,2.4117,0.1056,True,True,False,http://localhost/download/files/ZTF18acxhwlq_spec.tar.gz,http://localhost/download/plots/ZTF18acxhwlq_plot.tar.gz
https://alerce.online/object/ZTF18acvestb,2018-12-14 07:52:27,104.90339,-17.87248,N/A,N/A,,Gaia DR3 2933792688461738752,18.76,18.85,18.30,1.4381,0.1898,True,True,False,http://localhost/download/files/ZTF18acvestb_spec.tar.gz,http://localhost/download/plots/ZTF18acvestb_plot.tar.gz
https://alerce.online/object/ZTF17aaahsin,2018-12-14 07:53:06,97.53617,-18.32923,https://simbad.u-strasbg.fr/simbad/sim-id?Ident=Gaia%2015afz,cataclyv*,0.043787,Gaia DR3 2940648525711004032,18.97,19.10,18.46,1.0871,0.1561,True,False,False,N/A,N/A
https://alerce.online/object/ZTF17aabwggq,2018-12-14 07:53:06,103.19659,-14.35712,https://simbad.u-strasbg.fr/simbad/sim-id?Ident=V%2A%20DM%20CMa,cataclyv*,0.518356,Gaia DR3 2948960215143275136,17.23,17.62,16.58,1.3875,0.0770,True,True,False,http://localhost/download/files/ZTF17aabwggq_spec.tar.gz,http://localhost/download/plots/ZTF17aabwggq_plot.tar.gz
https://alerce.online/object/ZTF18achawng,2018-12-16 06:22:17,9.38458,30.58845,https://simbad.u-strasbg.fr/simbad/sim-id?Ident=Gaia%20DR3%202858607774110350976,star,0.196144,Gaia DR3 2858607774110350976,18.77,19.00,18.34,2.0882,0.1879,True,False,False,N/A,N/A
https://alerce.online/object/ZTF18acwwbrq,2018-12-16 10:02:27,117.57355,-15.32363,https://simbad.u-strasbg.fr/simbad/sim-id?Ident=Gaia%20DR3%205719412342388349696,eclbin,0.214858,Gaia DR3 5719412342388349696,16.35,16.55,15.88,0.6286,0.0955,True,True,False,http://localhost/download/files/ZTF18acwwbrq_spec.tar.gz,http://localhost/download/plots/ZTF18acwwbrq_plot.tar.gz
https://alerce.online/object/ZTF18acvfhcg,2018-12-16 10:03:08,109.60346,-20.43058,N/A,N/A,,Gaia DR3 2930034080971245824,18.54,18.71,18.01,0.7708,0.1388,True,False,False,N/A,N/A
https://alerce.online/object/ZTF18acxgvaf,2018-12-17 02:41:22,326.75600,38.40965,https://simbad.u-strasbg.fr/simbad/sim-id?Ident=Gaia%20DR3%201953180396981208448,star,0.241998,Gaia DR3 1953180396981208448,20.17,20.47,19.55,2.4019,0.3490,True,False,False,N/A,N/A
https://alerce.online/object/ZTF18acxgxrh,2018-12-17 02:56:40,312.79317,4.81170,https://simbad.u-strasbg.fr/simbad/sim-id?Ident=MASTER%20OT%20J205110.36%2B044842.2,cataclyv*,0.197198,Gaia DR3 1734813603834406144,19.34,19.62,18.88,1.3667,0.2563,True,False,False,N/A,N/A
https://alerce.online/object/ZTF18acxhphf,2018-12-17 03:35:01,343.15439,-5.32146,https://simbad.u-strasbg.fr/simbad/sim-id?Ident=PB%20%207296,cataclyv*,0.270137,Gaia DR3 2612053222273626752,19.04,19.15,19.07,1.9532,0.3137,True,False,False,N/A,N/A
https://alerce.online/object/ZTF18acxwucn,2018-12-17 11:21:43,126.41977,-11.31634,https://simbad.u-strasbg.fr/simbad/sim-id?Ident=Gaia%2018dki,cataclyv*_candidate,0.444848,Gaia DR3 5751183516851917312,18.94,19.00,18.62,1.0394,0.2005,True,False,False,N/A,N/A
https://alerce.online/object/ZTF18acufqmy,2018-12-17 12:07:05,205.91009,-8.23445,https://simbad.u-strasbg.fr/simbad/sim-id?Ident=V%2A%20HS%20Vir,cataclyv*,0.275136,Gaia DR3 3618331314896034048,15.77,15.86,15.45,2.7043,0.0472,True,True,True,http://localhost/download/files/ZTF18acufqmy_spec.tar.gz,http://localhost/download/plots/ZTF18acufqmy_plot.tar.gz
https://alerce.online/object/ZTF18actvdpq,2018-12-17 12:07:05,205.46547,-6.43715,https://simbad.u-strasbg.fr/simbad/sim-id?Ident=ATO%20J205.4654-06.4371,eclbin,0.126163,Gaia DR3 3632261538808897408,17.84,17.77,17.87,0.9716,0.1192,True,False,False,N/A,N/A
https://alerce.online/object/ZTF18acyeieo,2018-12-17 13:02:51,189.94343,-4.73460,N/A,N/A,,Gaia DR3 3680238797406231168,17.24,17.53,16.78,0.4881,0.0862,True,True,False,http://localhost/download/files/ZTF18acyeieo_spec.tar.gz,http://localhost/download/plots/ZTF18acyeieo_plot.tar.gz
https://alerce.online/object/ZTF19aadaqcm,2018-12-19 05:27:10,355.60923,32.80549,https://simbad.u-strasbg.fr/simbad/sim-id?Ident=SDSS%20J234226.21%2B324819.8,cataclyv*,0.161468,Gaia DR3 2871939764914510976,17.25,17.47,16.84,1.7518,0.0893,True,True,True,http://localhost/download/files/ZTF19aadaqcm_spec.tar.gz,http://localhost/download/plots/ZTF19aadaqcm_plot.tar.gz
https://alerce.online/object/ZTF18acvufgr,2018-12-19 06:32:45,102.29673,-20.47344,N/A,N/A,,Gaia DR3 2926987467394224000,19.17,19.31,18.73,1.2220,0.2103,True,False,False,N/A,N/A
https://alerce.online/object/ZTF18acvegfz,2018-12-19 06:34:03,105.29322,-20.74543,https://simbad.u-strasbg.fr/simbad/sim-id?Ident=AT%202016ecy,cataclyv*,0.170581,Gaia DR3 2932030240037826048,19.23,19.35,18.55,1.1474,0.1807,True,False,False,N/A,N/A
https://alerce.online/object/ZTF18acyuamv,2018-12-19 06:35:23,114.53891,-11.11285,N/A,N/A,,Gaia DR3 3040231912313188608,16.17,15.92,15.24,3.1681,0.5291,True,True,False,http://localhost/download/files/ZTF18acyuamv_spec.tar.gz,http://localhost/download/plots/ZTF18acyuamv_plot.tar.gz
https://alerce.online/object/ZTF18acsclls,2018-12-20 02:19:42,320.17688,40.24300,https://simbad.u-strasbg.fr/simbad/sim-id?Ident=Gaia%20DR3%201965596391525733120,star,0.157095,Gaia DR3 1965596391525733120,17.02,17.14,16.88,0.6219,0.0547,True,True,False,http://localhost/download/files/ZTF18acsclls_spec.tar.gz,http://localhost/download/plots/ZTF18acsclls_plot.tar.gz
https://alerce.online/object/ZTF18aczbajx,2018-12-20 03:25:33,309.17815,17.47991,https://simbad.u-strasbg.fr/simbad/sim-id?Ident=V%2A%20KK%20Del,eclbin,0.401686,Gaia DR3 1812215447156860800,15.70,15.80,15.49,1.0240,0.0303,True,True,False,http://localhost/download/files/ZTF18aczbajx_spec.tar.gz,http://localhost/download/plots/ZTF18aczbajx_plot.tar.gz
https://alerce.online/object/ZTF18acxhozq,2018-12-20 04:00:54,13.17712,-26.57746,https://simbad.u-strasbg.fr/simbad/sim-id?Ident=Gaia%20DR3%202342907653560634240,star,0.318852,Gaia DR3 2342907653560634240,16.52,16.39,16.43,0.7368,0.0936,True,True,False,http://localhost/download/files/ZTF18acxhozq_spec.tar.gz,http://localhost/download/plots/ZTF18acxhozq_plot.tar.gz
https://alerce.online/object/ZTF18aczddtb,2018-12-20 10:02:34,135.00843,-15.47222,https://simbad.u-strasbg.fr/simbad/sim-id?Ident=GALEX%20J090002.0-152820,cataclyv*,0.043709,Gaia DR3 5730698038974339584,17.43,17.53,16.67,0.8171,0.0715,True,True,True,http://localhost/download/files/ZTF18aczddtb_spec.tar.gz,http://localhost/download/plots/ZTF18aczddtb_plot.tar.gz
https://alerce.online/object/ZTF18aczddgn,2018-12-20 10:02:34,138.48641,-16.15782,https://simbad.u-strasbg.fr/simbad/sim-id?Ident=Gaia%20DR3%205730976657796339584,star,0.230388,Gaia DR3 5730976657796339584,18.54,18.72,18.17,0.9915,0.1919,True,False,False,N/A,N/A
https://alerce.online/object/ZTF18aaagwgy,2018-12-20 10:05:16,143.02179,3.72567,https://simbad.u-strasbg.fr/simbad/sim-id?Ident=AT%202023acjp,transient,0.144323,Gaia DR3 3850925956004914816,17.75,18.00,17.12,1.5645,0.1024,True,False,False,N/A,N/A
https://alerce.online/object/ZTF18acucsxw,2018-12-20 10:17:52,112.99366,-4.84766,https://simbad.u-strasbg.fr/simbad/sim-id?Ident=ASASSN%20-15ec,cataclyv*,0.290514,Gaia DR3 3057180196858980224,17.70,15.37,15.19,0.9428,0.1199,True,True,False,http://localhost/download/files/ZTF18acucsxw_spec.tar.gz,http://localhost/download/plots/ZTF18acucsxw_plot.tar.gz
https://alerce.online/object/ZTF18aayanow,2018-12-20 12:48:06,204.17049,51.91374,https://simbad.u-strasbg.fr/simbad/sim-id?Ident=V%2A%20UX%20UMa,cataclyv*,0.338075,Gaia DR3 1559987685901122304,12.93,13.00,12.74,3.4252,0.0157,True,True,True,http://localhost/download/files/ZTF18aayanow_spec.tar.gz,http://localhost/download/plots/ZTF18aayanow_plot.tar.gz
https://alerce.online/object/ZTF19aaaenxw,2018-12-20 13:03:10,174.34242,1.81635,https://simbad.u-strasbg.fr/simbad/sim-id?Ident=V%2A%20RZ%20Leo,cataclyv*,1.084644,Gaia DR3 3799290858445023488,18.20,18.50,17.63,3.5641,0.1486,True,True,False,http://localhost/download/files/ZTF19aaaenxw_spec.tar.gz,http://localhost/download/plots/ZTF19aaaenxw_plot.tar.gz
https://alerce.online/object/ZTF17aaagsai,2018-12-22 08:00:56,113.67442,-14.79704,N/A,N/A,,Gaia DR3 3029924811138092032,18.69,18.97,17.96,0.9835,0.1749,True,False,False,N/A,N/A
https://alerce.online/object/ZTF18acryivn,2018-12-23 11:44:05,196.61385,-7.10288,https://simbad.u-strasbg.fr/simbad/sim-id?Ident=Gaia%20DR3%203628979908916867328,eclbin,0.385872,Gaia DR3 3628979908916867328,17.84,18.65,16.84,2.1130,0.1667,True,False,False,N/A,N/A
https://alerce.online/object/ZTF17aabvifa,2018-12-24 07:02:45,66.64026,-25.04120,https://simbad.u-strasbg.fr/simbad/sim-id?Ident=ASASSN-V%20J042633.67-250229.0,cataclyv*_candidate,0.697263,Gaia DR3 4896134903510805888,14.98,15.50,14.21,3.7688,0.0245,True,True,True,http://localhost/download/files/ZTF17aabvifa_spec.tar.gz,http://localhost/download/plots/ZTF17aabvifa_plot.tar.gz
https://alerce.online/object/ZTF18acvudof,2018-12-24 07:18:46,97.72387,-17.67969,N/A,N/A,,Gaia DR3 2940708105496972160,16.83,16.94,16.49,0.4797,0.0600,True,True,True,http://localhost/download/files/ZTF18acvudof_spec.tar.gz,http://localhost/download/plots/ZTF18acvudof_plot.tar.gz
https://alerce.online/object/ZTF19aabmujq,2018-12-24 07:18:46,97.11165,-17.94844,https://simbad.u-strasbg.fr/simbad/sim-id?Ident=Gaia%20DR3%202943678573596559488,eclbin,0.01999,Gaia DR3 2943678573596559488,18.68,19.17,17.98,1.5719,0.2426,True,False,False,N/A,N/A
https://alerce.online/object/ZTF17aaahrzk,2018-12-24 07:21:25,88.03243,-5.41682,https://simbad.u-strasbg.fr/simbad/sim-id?Ident=V%2A%20CN%20Ori,cataclyv*,0.023104,Gaia DR3 3022568258011201024,13.85,14.00,13.54,2.8693,0.0204,True,True,False,http://localhost/download/files/ZTF17aaahrzk_spec.tar.gz,http://localhost/download/plots/ZTF17aaahrzk_plot.tar.gz
https://alerce.online/object/ZTF18acyurvo,2018-12-24 07:31:06,93.56183,-25.07669,https://simbad.u-strasbg.fr/simbad/sim-id?Ident=Gaia%20DR3%202912425780212327680,hotsubdwarf_candidate,0.134707,Gaia DR3 2912425780212327680,16.86,17.01,16.62,0.5842,0.0511,True,True,True,http://localhost/download/files/ZTF18acyurvo_spec.tar.gz,http://localhost/download/plots/ZTF18acyurvo_plot.tar.gz
https://alerce.online/object/ZTF17aaagzft,2018-12-24 07:31:45,91.47161,-16.33594,N/A,N/A,,Gaia DR3 2991433726548269696,19.17,19.29,18.39,1.6388,0.2137,True,False,False,N/A,N/A
https://alerce.online/object/ZTF18adakztt,2018-12-24 12:02:28,157.18273,-16.21758,https://simbad.u-strasbg.fr/simbad/sim-id?Ident=CRTS%20CSS140309%20J102844-161303,cataclyv*,0.206615,Gaia DR3 3748782322217725696,17.95,18.22,17.27,1.0417,0.1255,True,False,False,N/A,N/A
https://alerce.online/object/ZTF18adalbvx,2018-12-24 12:16:44,182.82976,-8.66586,https://simbad.u-strasbg.fr/simbad/sim-id?Ident=CRTS%20J121119.1-083957,cataclyv*,0.029984,Gaia DR3 3582182533671675136,18.00,18.19,17.58,1.1710,0.0887,True,False,False,N/A,N/A
https://alerce.online/object/ZTF18acviwua,2018-12-24 12:50:10,240.94212,19.59437,https://simbad.u-strasbg.fr/simbad/sim-id?Ident=CRTS%20CSS160906%20J160346%2B193540,cataclyv*,0.451852,Gaia DR3 1203263915795342336,18.71,18.43,18.07,4.2508,0.1232,True,True,True,http://localhost/download/files/ZTF18acviwua_spec.tar.gz,http://localhost/download/plots/ZTF18acviwua_plot.tar.gz
https://alerce.online/object/ZTF18acuexzs,2018-12-24 12:58:04,216.16216,-2.46091,https://simbad.u-strasbg.fr/simbad/sim-id?Ident=2QZ%20J142438.9-022739,cataclyv*,0.15883,Gaia DR3 3646410775989868800,18.55,18.79,17.72,2.3874,0.2412,True,False,False,N/A,N/A
https://alerce.online/object/ZTF18adalhww,2018-12-24 12:59:22,205.87914,-15.31640,https://simbad.u-strasbg.fr/simbad/sim-id?Ident=%5BDCD2013%5D%20CSS%20J134330.9-151858,rrlyrae,0.619015,Gaia DR3 3605402947939098880,17.74,17.91,17.15,0.6274,0.1085,True,False,False,N/A,N/A
https://alerce.online/object/ZTF19aaajerp,2018-12-28 07:08:32,67.82872,-0.92638,N/A,N/A,,Gaia DR3 3206246103540947968,19.58,19.78,19.07,2.0386,0.3755,True,False,False,N/A,N/A
https://alerce.online/object/ZTF17aaarlxm,2018-12-28 07:28:40,72.38097,53.23772,N/A,N/A,,Gaia DR3 273045918715054464,18.27,18.21,17.13,0.6866,0.0902,True,False,False,N/A,N/A
https://alerce.online/object/ZTF19aaeqmcg,2018-12-28 10:02:27,116.64626,-7.77615,https://simbad.u-strasbg.fr/simbad/sim-id?Ident=TCP%20J07463511-0746335,cataclyv*,0.599486,Gaia DR3 3043389739770108800,18.41,18.52,17.95,1.2697,0.1672,True,False,False,N/A,N/A
https://alerce.online/object/ZTF18adaylce,2018-12-28 10:02:27,120.54019,-10.47922,N/A,N/A,,Gaia DR3 3038077037025890048,18.54,18.63,17.90,0.8653,0.1688,True,False,False,N/A,N/A
https://alerce.online/object/ZTF18adaylew,2018-12-28 10:02:27,118.66791,-8.22311,N/A,N/A,,Gaia DR3 3042433718708246784,17.09,17.35,16.36,1.1876,0.0654,True,True,False,http://localhost/download/files/ZTF18adaylew_spec.tar.gz,http://localhost/download/plots/ZTF18adaylew_plot.tar.gz
https://alerce.online/object/ZTF18aabjisq,2018-12-28 10:33:22,137.05016,6.07251,https://simbad.u-strasbg.fr/simbad/sim-id?Ident=GALEX%20J090812.1%2B060420,whitedwarf,0.186877,Gaia DR3 580790014913812608,17.07,17.24,16.67,3.7121,0.0919,True,True,True,http://localhost/download/files/ZTF18aabjisq_spec.tar.gz,http://localhost/download/plots/ZTF18aabjisq_plot.tar.gz
https://alerce.online/object/ZTF18aanaubg,2018-12-28 13:20:11,200.92416,54.27692,https://simbad.u-strasbg.fr/simbad/sim-id?Ident=SDSS%20J132341.89%2B541636.6,whitedwarf,0.967647,Gaia DR3 1563542510072616576,18.21,18.52,17.60,3.0572,0.1023,True,True,False,http://localhost/download/files/ZTF18aanaubg_spec.tar.gz,http://localhost/download/plots/ZTF18aanaubg_plot.tar.gz
https://alerce.online/object/ZTF18abzkffr,2018-12-29 10:46:29,109.89889,33.63213,N/A,N/A,,Gaia DR3 896276764627816832,18.55,19.23,17.62,1.3075,0.2475,True,False,False,N/A,N/A
https://alerce.online/object/ZTF18adbhptr,2018-12-29 11:28:27,132.78075,3.14291,https://simbad.u-strasbg.fr/simbad/sim-id?Ident=V%2A%20CT%20Hya,cataclyv*,0.224122,Gaia DR3 581110831791334400,18.54,18.59,18.19,1.7210,0.1172,True,False,False,N/A,N/A
https://alerce.online/object/ZTF19aaaonhi,2018-12-29 12:07:16,159.94580,-5.11631,https://simbad.u-strasbg.fr/simbad/sim-id?Ident=RX%20J1039.7-0507,xraybin,0.41501,Gaia DR3 3776795812613678976,18.82,19.11,18.00,2.5984,0.1741,True,True,True,http://localhost/download/files/ZTF19aaaonhi_spec.tar.gz,http://localhost/download/plots/ZTF19aaaonhi_plot.tar.gz
https://alerce.online/object/ZTF18acwyzll,2018-12-29 13:04:35,225.20543,-8.74645,https://simbad.u-strasbg.fr/simbad/sim-id?Ident=CRTS%20J150049.3-084447,cataclyv*,0.330897,Gaia DR3 6332176456085282304,18.59,18.73,18.12,1.2223,0.1065,True,False,False,N/A,N/A
https://alerce.online/object/ZTF18acwyyqy,2018-12-29 13:05:16,231.27861,-3.44875,https://simbad.u-strasbg.fr/simbad/sim-id?Ident=1RXS%20J152506.9-032647,cataclyv*,1.461135,Gaia DR3 4413778946245759360,16.18,16.56,15.60,4.1278,0.0450,True,True,True,http://localhost/download/files/ZTF18acwyyqy_spec.tar.gz,http://localhost/download/plots/ZTF18acwyyqy_plot.tar.gz
https://alerce.online/object/ZTF18adbagti,2018-12-29 13:15:18,235.62075,-5.62138,https://simbad.u-strasbg.fr/simbad/sim-id?Ident=ATO%20J235.6206-05.6213,eclbin,0.400592,Gaia DR3 4397604443007748224,13.63,13.64,12.96,6.4478,0.8491,True,False,False,N/A,N/A
https://alerce.online/object/ZTF18aczexlb,2018-12-29 13:15:18,233.57063,-3.92773,N/A,N/A,,Gaia DR3 4401821649918413056,18.41,18.51,17.61,2.0137,0.1849,True,False,False,N/A,N/A
https://alerce.online/object/ZTF18acyygtf,2018-12-29 13:16:39,221.75191,-16.03031,https://simbad.u-strasbg.fr/simbad/sim-id?Ident=CRTS%20J144700.4-160148,eclbin,0.501258,Gaia DR3 6309836067731365504,16.54,16.56,16.30,1.3706,0.0760,True,False,False,N/A,N/A
https://alerce.online/object/ZTF18adbmaoa,2018-12-30 02:56:37,351.46790,46.78165,N/A,N/A,,Gaia DR3 1938629593239013376,17.85,18.37,17.18,0.7939,0.1207,True,False,False,N/A,N/A
https://alerce.online/object/ZTF18adbmine,2018-12-30 03:36:41,26.84102,-21.94769,https://simbad.u-strasbg.fr/simbad/sim-id?Ident=GD%201400,whitedwarf,0.414407,Gaia DR3 5135466183642594304,15.21,15.23,15.18,21.6207,0.0324,True,True,False,http://localhost/download/files/ZTF18adbmine_spec.tar.gz,http://localhost/download/plots/ZTF18adbmine_plot.tar.gz
https://alerce.online/object/ZTF19aaafjxl,2019-01-03 12:32:38,158.88757,5.86646,https://simbad.u-strasbg.fr/simbad/sim-id?Ident=SDSS%20J103533.02%2B055158.4,cataclyv*,0.921681,Gaia DR3 3859020040917830400,18.78,18.82,18.75,5.1220,0.2865,True,True,True,http://localhost/download/files/ZTF19aaafjxl_spec.tar.gz,http://localhost/download/plots/ZTF19aaafjxl_plot.tar.gz
https://alerce.online/object/ZTF19aagzlnb,2019-01-04 02:43:16,36.59717,71.30872,https://simbad.u-strasbg.fr/simbad/sim-id?Ident=V%2A%20AM%20Cas,cataclyv*,0.25456,Gaia DR3 545338083544363392,14.37,14.52,14.01,2.3508,0.0189,True,True,True,http://localhost/download/files/ZTF19aagzlnb_spec.tar.gz,http://localhost/download/plots/ZTF19aagzlnb_plot.tar.gz
https://alerce.online/object/ZTF18abzcdbj,2019-01-04 05:10:35,97.60213,29.60968,https://simbad.u-strasbg.fr/simbad/sim-id?Ident=ATO%20J097.6021%2B29.6096,eclbin,0.053276,Gaia DR3 3435280010603391232,16.41,16.62,15.66,1.6495,0.2786,True,True,False,http://localhost/download/files/ZTF18abzcdbj_spec.tar.gz,http://localhost/download/plots/ZTF18abzcdbj_plot.tar.gz
https://alerce.online/object/ZTF19aaaofsw,2019-01-04 10:05:58,148.67533,-12.74330,https://simbad.u-strasbg.fr/simbad/sim-id?Ident=ASASSN%20-15hp,cataclyv*,0.031054,Gaia DR3 5687982905587854976,19.22,19.44,18.87,1.2792,0.1887,True,False,False,N/A,N/A
https://alerce.online/object/ZTF19aaaopmp,2019-01-04 10:36:59,149.71829,-17.97591,https://simbad.u-strasbg.fr/simbad/sim-id?Ident=Gaia%20DR3%205671975077144346112,whitedwarf_candidate,0.536099,Gaia DR3 5671975077144346112,17.17,16.99,17.56,0.8089,0.1078,True,True,False,http://localhost/download/files/ZTF19aaaopmp_spec.tar.gz,http://localhost/download/plots/ZTF19aaaopmp_plot.tar.gz
https://alerce.online/object/ZTF18acvwgep,2019-01-04 10:39:37,138.55837,-6.79583,https://simbad.u-strasbg.fr/simbad/sim-id?Ident=PG%200911-066,cataclyv*,0.365844,Gaia DR3 5745881603063095680,18.67,18.78,18.40,2.9476,0.1713,True,False,False,N/A,N/A
https://alerce.online/object/ZTF18adawban,2019-01-04 10:45:32,115.61599,-24.65354,https://simbad.u-strasbg.fr/simbad/sim-id?Ident=Gaia%2018dmo,cataclyv*_candidate,0.218766,Gaia DR3 5614672074471772288,17.39,17.58,16.84,0.9759,0.0628,True,True,True,http://localhost/download/files/ZTF18adawban_spec.tar.gz,http://localhost/download/plots/ZTF18adawban_plot.tar.gz
https://alerce.online/object/ZTF18acyxakh,2019-01-04 10:52:08,112.26201,1.83220,N/A,N/A,,Gaia DR3 3135013010080376192,18.18,18.49,17.58,0.9152,0.1191,True,False,False,N/A,N/A
https://alerce.online/object/ZTF19aaapgpe,2019-01-04 11:57:19,211.22488,-10.45067,https://simbad.u-strasbg.fr/simbad/sim-id?Ident=SDSS%20J140453.98-102702.1,cataclyv*,0.67728,Gaia DR3 3614573802627605632,19.36,19.46,19.16,2.0526,0.1932,True,False,False,N/A,N/A
https://alerce.online/object/ZTF19aaaqcne,2019-01-04 12:29:27,190.85820,2.92955,https://simbad.u-strasbg.fr/simbad/sim-id?Ident=RX%20J1243.4%2B0256,cataclyv*,1.209371,Gaia DR3 3703726255561754880,17.48,17.58,17.13,1.6574,0.0978,True,True,True,http://localhost/download/files/ZTF19aaaqcne_spec.tar.gz,http://localhost/download/plots/ZTF19aaaqcne_plot.tar.gz
https://alerce.online/object/ZTF19aaappih,2019-01-04 12:37:29,180.22036,-15.43897,https://simbad.u-strasbg.fr/simbad/sim-id?Ident=CRTS%20J120052.9-152620,cataclyv*,0.443757,Gaia DR3 3568974066128043520,18.74,18.56,17.84,1.5067,0.1211,True,False,False,N/A,N/A
https://alerce.online/object/ZTF19aaawfpd,2019-01-05 03:35:19,4.41660,-10.77687,N/A,N/A,,Gaia DR3 2425001624096998912,13.21,14.14,12.25,26.0735,0.0159,True,True,False,http://localhost/download/files/ZTF19aaawfpd_spec.tar.gz,http://localhost/download/plots/ZTF19aaawfpd_plot.tar.gz
https://alerce.online/object/ZTF18acrkdsi,2019-01-05 04:22:08,76.26282,22.42487,https://simbad.u-strasbg.fr/simbad/sim-id?Ident=Gaia%20DR3%203418268607216934016,cataclyv*,0.58992,Gaia DR3 3418268607216934016,19.12,19.58,18.52,1.8331,0.3342,True,False,False,N/A,N/A
https://alerce.online/object/ZTF17aabxzol,2019-01-07 05:11:18,118.56040,31.53770,https://simbad.u-strasbg.fr/simbad/sim-id?Ident=CRTS%20J075414.5%2B313216,cataclyv*,0.119431,Gaia DR3 880693906019213824,19.72,19.89,19.51,1.8633,0.1340,True,False,False,N/A,N/A
https://alerce.online/object/ZTF19aabjwol,2019-01-07 05:24:01,99.97792,19.33282,https://simbad.u-strasbg.fr/simbad/sim-id?Ident=ZTF%20J063954.70%2B191958.0,eclbin,0.151636,Gaia DR3 3371642407892051968,17.03,17.60,16.21,5.3873,0.0847,True,True,False,http://localhost/download/files/ZTF19aabjwol_spec.tar.gz,http://localhost/download/plots/ZTF19aabjwol_plot.tar.gz
https://alerce.online/object/ZTF19aaakzga,2019-01-08 09:55:54,119.23536,-23.26614,https://simbad.u-strasbg.fr/simbad/sim-id?Ident=ASASSN%20-16dc,cataclyv*,0.270845,Gaia DR3 5710755475028251776,18.21,18.42,17.71,1.6338,0.0859,True,False,False,N/A,N/A
https://alerce.online/object/ZTF19aaakulz,2019-01-08 09:55:54,121.86883,-21.02656,https://simbad.u-strasbg.fr/simbad/sim-id?Ident=ASASSN%20-15cs,cataclyv*,0.151716,Gaia DR3 5712969857091915392,17.78,17.94,17.19,0.8188,0.0896,True,False,False,N/A,N/A
https://alerce.online/object/ZTF18adauagg,2019-01-08 09:56:35,112.37262,-22.76353,https://simbad.u-strasbg.fr/simbad/sim-id?Ident=Gaia%20DR3%205618742569586268032,variable*,0.18257,Gaia DR3 5618742569586268032,16.32,15.65,14.93,0.9473,0.0885,True,True,False,http://localhost/download/files/ZTF18adauagg_spec.tar.gz,http://localhost/download/plots/ZTF18adauagg_plot.tar.gz
https://alerce.online/object/ZTF19aacbgrm,2019-01-09 02:42:55,332.60515,30.76833,https://simbad.u-strasbg.fr/simbad/sim-id?Ident=ASASSN%20-13cv,cataclyv*,4.225153,Gaia DR3 1898408805059830400,20.32,21.51,18.99,3.2347,0.5944,True,False,False,N/A,N/A
https://alerce.online/object/ZTF18aabpcfe,2019-01-09 10:37:18,149.33023,23.71124,https://simbad.u-strasbg.fr/simbad/sim-id?Ident=SDSS%20J095719.24%2B234240.7,**,0.321127,Gaia DR3 642198323440548480,17.79,17.78,17.77,2.1131,0.1490,True,True,False,http://localhost/download/files/ZTF18aabpcfe_spec.tar.gz,http://localhost/download/plots/ZTF18aabpcfe_plot.tar.gz
https://alerce.online/object/ZTF18adbaeyj,2019-01-09 13:24:27,244.57199,3.16008,N/A,N/A,,Gaia DR3 4436157508268272000,18.65,18.79,18.07,1.3900,0.2079,True,False,False,N/A,N/A
https://alerce.online/object/ZTF19aacowoc,2019-01-10 03:08:38,41.24090,27.51918,https://simbad.u-strasbg.fr/simbad/sim-id?Ident=V%2A%20BB%20Ari,cataclyv*,0.539609,Gaia DR3 126928996700556928,18.36,18.62,17.80,2.9866,0.1467,True,True,True,http://localhost/download/files/ZTF19aacowoc_spec.tar.gz,http://localhost/download/plots/ZTF19aacowoc_plot.tar.gz
https://alerce.online/object/ZTF18aaejngr,2019-01-10 05:38:36,107.54734,30.51173,https://simbad.u-strasbg.fr/simbad/sim-id?Ident=GALEX%20J071011.3%2B303041,whitedwarf,0.938499,Gaia DR3 886501797019233920,16.68,16.63,16.80,8.6590,0.0654,True,True,False,http://localhost/download/files/ZTF18aaejngr_spec.tar.gz,http://localhost/download/plots/ZTF18aaejngr_plot.tar.gz
https://alerce.online/object/ZTF19aacwwsa,2019-01-10 10:59:04,146.49290,29.38132,https://simbad.u-strasbg.fr/simbad/sim-id?Ident=1RXS%20J094558.3%2B292249,cataclyv*,0.866977,Gaia DR3 648437669676020352,18.98,18.98,18.86,2.6525,0.2810,True,True,True,http://localhost/download/files/ZTF19aacwwsa_spec.tar.gz,http://localhost/download/plots/ZTF19aacwwsa_plot.tar.gz
https://alerce.online/object/ZTF19aaczxaz,2019-01-10 11:26:44,195.57364,16.83568,https://simbad.u-strasbg.fr/simbad/sim-id?Ident=GALEX%20J130217.7%2B165008,whitedwarf,0.56858,Gaia DR3 3937407901354145536,19.19,19.10,19.30,3.2169,0.2643,True,False,False,N/A,N/A
https://alerce.online/object/ZTF18adbahiw,2019-01-10 13:08:45,239.18427,-0.16396,https://simbad.u-strasbg.fr/simbad/sim-id?Ident=V%2A%20V493%20Ser,cataclyv*,0.157562,Gaia DR3 4409581010854168064,18.24,18.47,17.68,3.4118,0.1311,True,False,False,N/A,N/A
https://alerce.online/object/ZTF18acyutkw,2019-01-12 06:01:08,93.71547,-27.42646,https://simbad.u-strasbg.fr/simbad/sim-id?Ident=MASTER%20OT%20J061451.70-272535.5,cataclyv*,0.185915,Gaia DR3 2899514902359089408,18.84,18.61,18.26,0.9550,0.1762,True,False,False,N/A,N/A
https://alerce.online/object/ZTF19aadlckt,2019-01-12 06:05:45,115.73203,-8.27121,https://simbad.u-strasbg.fr/simbad/sim-id?Ident=ATO%20J115.7320-08.2712,variable*,0.100543,Gaia DR3 3041858605408672128,16.60,16.53,16.20,0.7140,0.0560,True,True,False,http://localhost/download/files/ZTF19aadlckt_spec.tar.gz,http://localhost/download/plots/ZTF19aadlckt_plot.tar.gz
https://alerce.online/object/ZTF18adcfzyz,2019-01-12 06:21:53,96.45666,14.89649,https://simbad.u-strasbg.fr/simbad/sim-id?Ident=LAMOST%20J062549.60%2B145347.4,cataclyv*_candidate,0.216333,Gaia DR3 3356711658463240832,17.24,17.45,16.74,0.6429,0.1212,True,True,True,http://localhost/download/files/ZTF18adcfzyz_spec.tar.gz,http://localhost/download/plots/ZTF18adcfzyz_plot.tar.gz
https://alerce.online/object/ZTF19aaedvik,2019-01-23 11:36:07,168.69434,-13.88699,https://simbad.u-strasbg.fr/simbad/sim-id?Ident=SDSS%20J111446.64-135312.9,cataclyv*,0.410549,Gaia DR3 3564681087399787904,18.64,18.70,17.84,1.4900,0.1176,True,False,False,N/A,N/A
https://alerce.online/object/ZTF19aaafowo,2019-01-23 12:54:55,246.54037,-3.89041,https://simbad.u-strasbg.fr/simbad/sim-id?Ident=V%2A%20V1032%20Oph,cataclyv*,0.310988,Gaia DR3 4357536624383506560,17.46,17.73,16.91,2.3145,0.0746,True,True,False,http://localhost/download/files/ZTF19aaafowo_spec.tar.gz,http://localhost/download/plots/ZTF19aaafowo_plot.tar.gz
https://alerce.online/object/ZTF19aaefsyg,2019-01-24 04:34:16,78.25016,-25.38976,N/A,N/A,,Gaia DR3 2956561001583884800,18.20,18.92,17.23,1.6978,0.0839,True,False,False,N/A,N/A
https://alerce.online/object/ZTF18aczsael,2019-01-24 06:00:59,118.60487,-20.34299,https://simbad.u-strasbg.fr/simbad/sim-id?Ident=Gaia%20DR3%205712525070282432512,eclbin,0.095855,Gaia DR3 5712525070282432512,18.03,18.52,17.34,0.9849,0.1168,True,False,False,N/A,N/A
https://alerce.online/object/ZTF19aaegzot,2019-01-24 06:01:38,111.74681,-13.05622,https://simbad.u-strasbg.fr/simbad/sim-id?Ident=SDSS%20J072659.23-130322.2,star,0.248269,Gaia DR3 3033567596250650880,18.94,19.18,18.48,1.1979,0.2259,True,False,False,N/A,N/A
https://alerce.online/object/ZTF19aaeostt,2019-01-25 12:59:10,164.48722,13.11758,https://simbad.u-strasbg.fr/simbad/sim-id?Ident=GALEX%20J105756.9%2B130703,whitedwarf,0.27984,Gaia DR3 3871966446737848064,18.49,18.54,18.28,2.9486,0.3066,True,False,False,N/A,N/A
https://alerce.online/object/ZTF18acqxeba,2019-01-26 05:45:30,120.81920,66.18615,https://simbad.u-strasbg.fr/simbad/sim-id?Ident=iPTF%2017an,cataclyv*_candidate,0.094431,Gaia DR3 1095068436866327808,18.72,19.11,18.00,0.8749,0.1487,True,False,False,N/A,N/A
https://alerce.online/object/ZTF19aaeqsrf,2019-01-26 06:13:58,79.95651,64.48935,https://simbad.u-strasbg.fr/simbad/sim-id?Ident=GALEX%20J051949.6%2B642921,cataclyv*,0.029842,Gaia DR3 479934630799062656,16.98,17.13,16.68,0.4633,0.0655,True,True,True,http://localhost/download/files/ZTF19aaeqsrf_spec.tar.gz,http://localhost/download/plots/ZTF19aaeqsrf_plot.tar.gz
https://alerce.online/object/ZTF19aaeqznr,2019-01-26 06:31:01,100.19850,-24.38703,https://simbad.u-strasbg.fr/simbad/sim-id?Ident=V%2A%20PU%20CMa,cataclyv*,0.839639,Gaia DR3 2923643719394227328,15.18,15.32,14.75,6.1170,0.0237,True,True,True,http://localhost/download/files/ZTF19aaeqznr_spec.tar.gz,http://localhost/download/plots/ZTF19aaeqznr_plot.tar.gz
https://alerce.online/object/ZTF18aaapdpi,2019-01-26 06:31:01,96.66221,-27.02628,N/A,N/A,,Gaia DR3 2898980230473152640,16.77,16.82,16.35,0.4559,0.0421,True,True,True,http://localhost/download/files/ZTF18aaapdpi_spec.tar.gz,http://localhost/download/plots/ZTF18aaapdpi_plot.tar.gz
https://alerce.online/object/ZTF18aculoxo,2019-01-26 06:32:22,106.86372,-25.58562,https://simbad.u-strasbg.fr/simbad/sim-id?Ident=Gaia%20DR3%205611370859510427520,star,0.087408,Gaia DR3 5611370859510427520,18.47,18.11,17.96,0.6420,0.1021,True,False,False,N/A,N/A
https://alerce.online/object/ZTF19aaerhgx,2019-01-26 06:34:20,123.77847,-19.05540,https://simbad.u-strasbg.fr/simbad/sim-id?Ident=V%2A%20VV%20Pup,cataclyv*,1.728349,Gaia DR3 5719598950133755392,15.95,16.10,15.55,7.3571,0.0368,True,True,True,http://localhost/download/files/ZTF19aaerhgx_spec.tar.gz,http://localhost/download/plots/ZTF19aaerhgx_plot.tar.gz
https://alerce.online/object/ZTF19aaeskex,2019-01-26 12:27:20,164.45797,-21.94964,https://simbad.u-strasbg.fr/simbad/sim-id?Ident=NSV%20%205031,cataclyv*,0.203066,Gaia DR3 3549823111895468672,17.82,17.96,17.30,1.5958,0.0792,True,False,False,N/A,N/A
https://alerce.online/object/ZTF19aaesmdr,2019-01-26 13:02:31,249.59558,-17.66662,N/A,N/A,,Gaia DR3 4131910997212307712,13.97,14.20,13.50,2.3327,0.0199,True,True,True,http://localhost/download/files/ZTF19aaesmdr_spec.tar.gz,http://localhost/download/plots/ZTF19aaesmdr_plot.tar.gz
https://alerce.online/object/ZTF19aaevays,2019-01-27 03:23:29,27.17127,36.56384,https://simbad.u-strasbg.fr/simbad/sim-id?Ident=FBS%200145%2B363,cataclyv*,0.780214,Gaia DR3 318552918277214080,15.46,15.38,15.58,3.7861,0.0448,True,True,True,http://localhost/download/files/ZTF19aaevays_spec.tar.gz,http://localhost/download/plots/ZTF19aaevays_plot.tar.gz
https://alerce.online/object/ZTF19aakvpme,2019-01-27 04:54:26,79.55975,29.68685,https://simbad.u-strasbg.fr/simbad/sim-id?Ident=2MASS%20J05181432%2B2941130,cataclyv*,0.390216,Gaia DR3 3446676070669830528,15.81,16.19,15.21,1.7068,0.0393,True,True,True,http://localhost/download/files/ZTF19aakvpme_spec.tar.gz,http://localhost/download/plots/ZTF19aakvpme_plot.tar.gz
https://alerce.online/object/ZTF19aakuyyr,2019-01-28 03:30:45,53.01928,-25.94863,https://simbad.u-strasbg.fr/simbad/sim-id?Ident=V%2A%20VY%20For,cataclyv*,0.286834,Gaia DR3 5084901254493219968,18.71,19.54,17.73,1.7147,0.1561,True,False,False,N/A,N/A
https://alerce.online/object/ZTF19aaahqmv,2019-01-28 04:58:25,62.85725,-15.39004,https://simbad.u-strasbg.fr/simbad/sim-id?Ident=V%2A%20XZ%20Eri,cataclyv*,0.514717,Gaia DR3 5097770801875122432,19.23,19.34,18.99,2.7043,0.2425,True,False,False,N/A,N/A
https://alerce.online/object/ZTF19aahkvnk,2019-01-28 09:45:06,193.26325,-18.46454,N/A,N/A,,Gaia DR3 3510296356072166528,18.13,18.33,17.59,3.8593,0.1362,True,False,False,N/A,N/A
https://alerce.online/object/ZTF19aafmmdo,2019-01-28 10:33:45,185.39334,-14.96403,https://simbad.u-strasbg.fr/simbad/sim-id?Ident=Gaia%20DR3%203521773745637847552,star,0.196493,Gaia DR3 3521773745637847552,19.14,19.15,18.75,1.9396,0.2721,True,False,False,N/A,N/A
https://alerce.online/object/ZTF19aafykfh,2019-01-29 10:00:36,136.00137,15.39296,N/A,N/A,,Gaia DR3 610390139244097792,14.63,15.02,14.03,4.2785,0.5586,True,True,False,http://localhost/download/files/ZTF19aafykfh_spec.tar.gz,http://localhost/download/plots/ZTF19aafykfh_plot.tar.gz
https://alerce.online/object/ZTF19aagmurd,2019-01-30 09:32:56,124.04853,-23.11048,N/A,N/A,,Gaia DR3 5699549046366287872,17.80,18.13,17.23,0.6694,0.0949,True,False,False,N/A,N/A
https://alerce.online/object/ZTF19aagzyqe,2019-01-31 04:56:59,83.92428,-11.62137,https://simbad.u-strasbg.fr/simbad/sim-id?Ident=CRTS%20J053541.8-113717,cataclyv*,0.253968,Gaia DR3 3010168240751521792,19.82,19.90,19.37,1.3992,0.2467,True,False,False,N/A,N/A
https://alerce.online/object/ZTF18adaqdvy,2019-02-08 04:58:57,105.81190,20.35934,https://simbad.u-strasbg.fr/simbad/sim-id?Ident=USNO-B1.0%201103-00133443,star,0.297253,Gaia DR3 3365243976067685632,19.78,19.92,18.95,1.0555,0.1876,True,False,False,N/A,N/A
https://alerce.online/object/ZTF18aaccjrg,2019-02-08 11:46:31,207.17310,18.56963,https://simbad.u-strasbg.fr/simbad/sim-id?Ident=PB%20%204095,**,1.3051,Gaia DR3 1245093225062192640,16.81,17.29,16.01,5.9891,0.0806,True,True,True,http://localhost/download/files/ZTF18aaccjrg_spec.tar.gz,http://localhost/download/plots/ZTF18aaccjrg_plot.tar.gz
https://alerce.online/object/ZTF19aailwsn,2019-02-08 12:29:52,229.67944,2.11634,N/A,N/A,,Gaia DR3 4421573452894699392,17.77,17.31,16.55,1.0690,0.1868,True,False,False,N/A,N/A
https://alerce.online/object/ZTF19aaioefp,2019-02-09 04:10:01,37.08501,50.06174,https://simbad.u-strasbg.fr/simbad/sim-id?Ident=ZTF%20J022820.40%2B500342.3,eclbin,0.0205,Gaia DR3 450770119232770176,17.90,18.21,17.24,0.8499,0.1690,True,False,False,N/A,N/A
https://alerce.online/object/ZTF19aaiqzsv,2019-02-09 04:58:19,84.30012,0.15583,https://simbad.u-strasbg.fr/simbad/sim-id?Ident=IRAS%2005346%2B0007,star,0.163621,Gaia DR3 3222330829079210112,16.02,16.18,15.63,2.4117,0.1056,True,True,False,http://localhost/download/files/ZTF19aaiqzsv_spec.tar.gz,http://localhost/download/plots/ZTF19aaiqzsv_plot.tar.gz
https://alerce.online/object/ZTF19aaiqofg,2019-02-09 05:30:16,118.22910,-6.24727,https://simbad.u-strasbg.fr/simbad/sim-id?Ident=Gaia%20DR3%203043990932113003648,whitedwarf,0.91031,Gaia DR3 3043990932113003648,17.94,18.13,17.60,6.5304,0.1466,True,True,False,http://localhost/download/files/ZTF19aaiqofg_spec.tar.gz,http://localhost/download/plots/ZTF19aaiqofg_plot.tar.gz
https://alerce.online/object/ZTF18accnijz,2019-02-24 05:03:31,156.65440,47.90734,https://simbad.u-strasbg.fr/simbad/sim-id?Ident=CRTS%20J102637.0%2B475426,cataclyv*,0.130056,Gaia DR3 834461538014044288,19.98,20.02,19.77,1.5978,0.2935,True,False,False,N/A,N/A
https://alerce.online/object/ZTF18adauagj,2019-02-25 04:37:36,112.57090,-22.55616,N/A,N/A,,Gaia DR3 5618770778932308608,17.08,17.23,16.43,0.6883,0.0552,True,True,False,http://localhost/download/files/ZTF18adauagj_spec.tar.gz,http://localhost/download/plots/ZTF18adauagj_plot.tar.gz
https://alerce.online/object/ZTF18adaubfm,2019-02-25 04:37:36,111.12425,-21.17285,https://simbad.u-strasbg.fr/simbad/sim-id?Ident=ATO%20J111.1242-21.1728,eclbin,0.04069,Gaia DR3 5619901038222784768,17.53,17.56,17.32,0.4044,0.0756,True,True,False,http://localhost/download/files/ZTF18adaubfm_spec.tar.gz,http://localhost/download/plots/ZTF18adaubfm_plot.tar.gz
https://alerce.online/object/ZTF19aaakuza,2019-02-25 04:38:15,118.56491,-24.32681,https://simbad.u-strasbg.fr/simbad/sim-id?Ident=V%2A%20BX%20Pup,cataclyv*,0.145396,Gaia DR3 5698588863483876096,15.30,15.43,14.85,1.3119,0.0353,True,True,False,http://localhost/download/files/ZTF19aaakuza_spec.tar.gz,http://localhost/download/plots/ZTF19aaakuza_plot.tar.gz
https://alerce.online/object/ZTF19aakrojk,2019-02-25 07:02:34,126.88297,-20.76780,N/A,N/A,,Gaia DR3 5706292209438121088,18.46,19.34,17.25,2.9755,0.3079,True,False,False,N/A,N/A
https://alerce.online/object/ZTF19aakroeq,2019-02-25 07:02:34,129.56666,-27.49195,N/A,N/A,,Gaia DR3 5645807147083065472,19.17,19.52,18.56,0.6582,0.1255,True,False,False,N/A,N/A
https://alerce.online/object/ZTF19aakrzro,2019-02-25 07:31:46,125.27176,-17.70590,https://simbad.u-strasbg.fr/simbad/sim-id?Ident=ASASSN%20-17mb,cataclyv*,0.431772,Gaia DR3 5720164855021055744,16.53,16.89,15.73,2.3999,0.0477,True,True,True,http://localhost/download/files/ZTF19aakrzro_spec.tar.gz,http://localhost/download/plots/ZTF19aakrzro_plot.tar.gz
https://alerce.online/object/ZTF19aakvwdu,2019-02-26 04:04:10,102.13948,6.93977,https://simbad.u-strasbg.fr/simbad/sim-id?Ident=PNV%20J06483343%2B0656236,cataclyv*,0.026849,Gaia DR3 3133113805608088064,18.18,18.84,17.32,3.0149,0.1375,True,True,True,http://localhost/download/files/ZTF19aakvwdu_spec.tar.gz,http://localhost/download/plots/ZTF19aakvwdu_plot.tar.gz
https://alerce.online/object/ZTF18adawahq,2019-02-26 05:01:12,113.72035,-24.67263,https://simbad.u-strasbg.fr/simbad/sim-id?Ident=Gaia%20DR3%205615190253680459264,eclbin,0.159306,Gaia DR3 5615190253680459264,17.26,17.45,16.84,0.3796,0.0645,True,True,False,http://localhost/download/files/ZTF18adawahq_spec.tar.gz,http://localhost/download/plots/ZTF18adawahq_plot.tar.gz
https://alerce.online/object/ZTF19aalaiwx,2019-02-26 08:01:01,191.50845,-20.38400,https://simbad.u-strasbg.fr/simbad/sim-id?Ident=CRTS%20J124602.0-202302,cataclyv*,0.127396,Gaia DR3 3503672730523124480,19.04,19.09,18.59,1.3524,0.1824,True,True,True,http://localhost/download/files/ZTF19aalaiwx_spec.tar.gz,http://localhost/download/plots/ZTF19aalaiwx_plot.tar.gz
https://alerce.online/object/ZTF19aalahfn,2019-02-26 08:02:19,205.87221,-17.55702,N/A,N/A,,Gaia DR3 6293687506094260992,18.47,19.07,17.65,1.2239,0.1896,True,False,False,N/A,N/A
https://alerce.online/object/ZTF19aafnpkc,2019-02-26 11:31:32,264.00776,-12.47276,N/A,N/A,,Gaia DR3 4161850213499688576,18.40,18.38,17.21,0.6548,0.1094,True,False,False,N/A,N/A
https://alerce.online/object/ZTF19aalvyww,2019-02-28 03:11:24,84.34408,-6.91176,N/A,N/A,,Gaia DR3 3016857390319421184,18.47,19.29,17.53,2.7873,0.1857,True,False,False,N/A,N/A
https://alerce.online/object/ZTF19aalivui,2019-03-01 05:24:32,120.25615,-13.79431,https://simbad.u-strasbg.fr/simbad/sim-id?Ident=Gaia%20DR3%205726046275862237312,hotsubdwarf_candidate,0.084229,Gaia DR3 5726046275862237312,17.12,17.22,16.99,0.5461,0.0719,True,True,False,http://localhost/download/files/ZTF19aalivui_spec.tar.gz,http://localhost/download/plots/ZTF19aalivui_plot.tar.gz
https://alerce.online/object/ZTF19aaljnht,2019-03-01 05:36:07,123.76683,-25.70665,https://simbad.u-strasbg.fr/simbad/sim-id?Ident=Gaia%20DR3%205694668417329063168,star,0.071543,Gaia DR3 5694668417329063168,17.87,17.95,17.41,0.6345,0.0877,True,False,False,N/A,N/A
https://alerce.online/object/ZTF19aamtspo,2019-03-01 06:03:49,139.13273,-22.96582,N/A,N/A,,Gaia DR3 5675682973950679680,17.67,17.87,17.28,0.7056,0.0981,True,True,True,http://localhost/download/files/ZTF19aamtspo_spec.tar.gz,http://localhost/download/plots/ZTF19aamtspo_plot.tar.gz
https://alerce.online/object/ZTF19aalonlu,2019-03-01 08:37:00,197.26687,15.41192,N/A,N/A,,Gaia DR3 3936310318167215616,16.95,17.28,16.46,0.6353,0.0739,True,True,False,http://localhost/download/files/ZTF19aalonlu_spec.tar.gz,http://localhost/download/plots/ZTF19aalonlu_plot.tar.gz
https://alerce.online/object/ZTF18acaxrtt,2019-03-01 11:34:49,204.06546,0.29169,N/A,N/A,,Gaia DR3 3662988495054111232,16.69,17.34,15.81,10.7702,0.0646,True,True,False,http://localhost/download/files/ZTF18acaxrtt_spec.tar.gz,http://localhost/download/plots/ZTF18acaxrtt_plot.tar.gz
https://alerce.online/object/ZTF18acufvsr,2019-03-01 12:02:13,215.51634,3.66212,https://simbad.u-strasbg.fr/simbad/sim-id?Ident=GSC%2000321-01239,star,0.085818,Gaia DR3 3668561026142253312,13.39,13.71,12.89,8.6283,0.7342,True,True,False,http://localhost/download/files/ZTF18acufvsr_spec.tar.gz,http://localhost/download/plots/ZTF18acufvsr_plot.tar.gz
https://alerce.online/object/ZTF19aaltdmf,2019-03-01 12:07:29,230.33689,16.20625,https://simbad.u-strasbg.fr/simbad/sim-id?Ident=Gaia%20DR3%201207461408809394560,eclbin,0.426359,Gaia DR3 1207461408809394560,16.95,17.27,16.48,0.5562,0.0703,True,True,False,http://localhost/download/files/ZTF19aaltdmf_spec.tar.gz,http://localhost/download/plots/ZTF19aaltdmf_plot.tar.gz
https://alerce.online/object/ZTF19aalwyno,2019-03-05 03:54:55,41.86946,67.97108,https://simbad.u-strasbg.fr/simbad/sim-id?Ident=Gaia%20DR3%20517539710877791488,whitedwarf,0.90316,Gaia DR3 517539710877791488,18.08,18.16,17.90,4.6442,0.1099,True,True,True,http://localhost/download/files/ZTF19aalwyno_spec.tar.gz,http://localhost/download/plots/ZTF19aalwyno_plot.tar.gz
https://alerce.online/object/ZTF18accmpfc,2019-03-14 03:55:23,88.49105,55.38189,N/A,N/A,,Gaia DR3 265297351031760256,17.85,18.37,17.17,1.4053,0.1109,True,False,False,N/A,N/A
https://alerce.online/object/ZTF19aamkclz,2019-03-15 05:36:37,147.62391,-23.75483,https://simbad.u-strasbg.fr/simbad/sim-id?Ident=V%2A%20AG%20Hya,cataclyv*,0.196304,Gaia DR3 5660433576602424448,17.20,17.32,16.41,0.7723,0.0630,True,True,False,http://localhost/download/files/ZTF19aamkclz_spec.tar.gz,http://localhost/download/plots/ZTF19aamkclz_plot.tar.gz
https://alerce.online/object/ZTF19aamoeji,2019-03-15 05:36:37,147.62392,-23.75483,https://simbad.u-strasbg.fr/simbad/sim-id?Ident=V%2A%20AG%20Hya,cataclyv*,0.178382,Gaia DR3 5660433576602424448,17.20,17.32,16.41,0.7723,0.0630,True,True,False,http://localhost/download/files/ZTF19aamoeji_spec.tar.gz,http://localhost/download/plots/ZTF19aamoeji_plot.tar.gz
https://alerce.online/object/ZTF19aamkcsd,2019-03-15 05:38:34,140.17382,-24.33452,N/A,N/A,,Gaia DR3 5650586277450168960,18.35,18.34,17.67,0.9905,0.1250,True,False,False,N/A,N/A
https://alerce.online/object/ZTF19aamucki,2019-03-15 05:38:34,142.27927,-24.08485,https://simbad.u-strasbg.fr/simbad/sim-id?Ident=V%2A%20MN%20Hya,cataclyv*,0.103459,Gaia DR3 5662614457916388224,17.20,17.26,16.82,1.5633,0.0732,True,True,True,http://localhost/download/files/ZTF19aamucki_spec.tar.gz,http://localhost/download/plots/ZTF19aamucki_plot.tar.gz
https://alerce.online/object/ZTF19aamoegi,2019-03-15 05:38:34,140.17382,-24.33452,N/A,N/A,,Gaia DR3 5650586277450168960,18.35,18.34,17.67,0.9905,0.1250,True,False,False,N/A,N/A
https://alerce.online/object/ZTF19aamoiiz,2019-03-15 06:36:31,165.90233,-21.62941,https://simbad.u-strasbg.fr/simbad/sim-id?Ident=V%2A%20TU%20Crt,cataclyv*,0.294077,Gaia DR3 3551116004427251328,17.76,18.00,17.22,3.1216,0.0995,True,False,False,N/A,N/A
https://alerce.online/object/ZTF19aamoyyw,2019-03-15 11:03:43,246.81970,4.10088,https://simbad.u-strasbg.fr/simbad/sim-id?Ident=ASASSN%20-19qy,cataclyv*,0.874857,Gaia DR3 4433651721269127552,18.80,18.87,18.55,4.2124,0.2359,True,False,False,N/A,N/A
https://alerce.online/object/ZTF19aaaqkid,2019-03-15 13:02:19,243.15500,-12.20114,N/A,N/A,,Gaia DR3 4342170468350717952,18.87,19.08,18.34,1.7955,0.2696,True,False,False,N/A,N/A
https://alerce.online/object/ZTF19aabzwkh,2019-03-16 09:31:32,238.79642,-13.64833,N/A,N/A,,Gaia DR3 6264045252430265472,18.82,19.04,18.18,1.6038,0.2573,True,False,False,N/A,N/A
https://alerce.online/object/ZTF19aamqzcg,2019-03-16 11:03:39,269.12618,-3.69914,N/A,N/A,,Gaia DR3 4177449504661490432,16.61,17.00,16.01,1.0409,0.0727,True,True,False,http://localhost/download/files/ZTF19aamqzcg_spec.tar.gz,http://localhost/download/plots/ZTF19aamqzcg_plot.tar.gz
https://alerce.online/object/ZTF18acaxgte,2019-03-16 11:18:40,303.41099,57.13350,N/A,N/A,,Gaia DR3 2187976363449049472,17.76,17.98,17.35,0.5926,0.0702,True,False,False,N/A,N/A
https://alerce.online/object/ZTF19aanwgnl,2019-03-18 02:50:33,121.42906,-14.51006,https://simbad.u-strasbg.fr/simbad/sim-id?Ident=ZTF%20J080542.98-143036.3,eclbin,0.326817,Gaia DR3 5725000709020309120,18.40,18.51,18.17,1.3943,0.1605,True,False,False,N/A,N/A
https://alerce.online/object/ZTF19aamvcyx,2019-03-18 10:51:30,285.20879,40.83792,https://simbad.u-strasbg.fr/simbad/sim-id?Ident=Gaia%20DR3%202103818227330560640,whitedwarf_candidate,0.150378,Gaia DR3 2103818227330560640,19.76,19.81,19.54,2.3678,0.2787,True,False,False,N/A,N/A
https://alerce.online/object/ZTF19aaafqec,2019-03-19 09:32:33,235.67393,-14.89685,N/A,N/A,,Gaia DR3 6265220669018428672,17.84,18.88,16.83,6.9283,0.1597,True,False,False,N/A,N/A
https://alerce.online/object/ZTF19aadunjf,2019-03-19 09:34:30,249.59558,-17.66663,N/A,N/A,,Gaia DR3 4131910997212307712,13.97,14.20,13.50,2.3327,0.0199,True,True,True,http://localhost/download/files/ZTF19aadunjf_spec.tar.gz,http://localhost/download/plots/ZTF19aadunjf_plot.tar.gz
https://alerce.online/object/ZTF19aadorfg,2019-03-19 10:02:00,260.84627,-6.80737,https://simbad.u-strasbg.fr/simbad/sim-id?Ident=ATO%20J260.8462-06.8073,pulsv*,0.07715,Gaia DR3 4360321343741358208,16.29,16.74,15.52,2.0532,0.0571,True,True,False,http://localhost/download/files/ZTF19aadorfg_spec.tar.gz,http://localhost/download/plots/ZTF19aadorfg_plot.tar.gz
https://alerce.online/object/ZTF19aanejiy,2019-03-25 04:01:01,120.38524,-7.46069,N/A,N/A,,Gaia DR3 3042899430599857664,17.41,17.89,16.60,1.0737,0.1405,True,True,False,http://localhost/download/files/ZTF19aanejiy_spec.tar.gz,http://localhost/download/plots/ZTF19aanejiy_plot.tar.gz
https://alerce.online/object/ZTF19aanipgn,2019-03-25 11:59:14,312.39194,34.15340,N/A,N/A,,Gaia DR3 1869223471497459712,18.78,19.38,17.89,2.6442,0.1811,True,False,False,N/A,N/A
https://alerce.online/object/ZTF18acullhv,2019-03-26 04:11:46,100.83868,-23.66917,https://simbad.u-strasbg.fr/simbad/sim-id?Ident=Gaia%20DR3%202925381050848348288,whitedwarf_candidate,0.676267,Gaia DR3 2925381050848348288,18.60,18.55,18.44,1.8678,0.0876,True,False,False,N/A,N/A
https://alerce.online/object/ZTF19aapymzi,2019-03-26 09:02:25,217.23787,-16.60990,https://simbad.u-strasbg.fr/simbad/sim-id?Ident=GALEX%20J142857.1-163635,whitedwarf_candidate,1.232449,Gaia DR3 6286312939872636800,19.14,19.25,19.05,4.5439,0.4647,True,True,False,http://localhost/download/files/ZTF19aapymzi_spec.tar.gz,http://localhost/download/plots/ZTF19aapymzi_plot.tar.gz
https://alerce.online/object/ZTF19aanoxtr,2019-03-27 09:03:53,234.11319,-16.15721,https://simbad.u-strasbg.fr/simbad/sim-id?Ident=CRTS%20CSS170505%20J153627-160925,cataclyv*,0.958391,Gaia DR3 6264653213640757632,18.79,18.92,18.45,1.2422,0.2242,True,False,False,N/A,N/A
https://alerce.online/object/ZTF19aanpgdw,2019-03-27 10:02:11,231.60499,-14.69589,https://simbad.u-strasbg.fr/simbad/sim-id?Ident=CRTS%20J152625.2-144145,cataclyv*,0.403739,Gaia DR3 6265954073337168512,19.50,19.87,18.89,0.9249,0.1787,True,False,False,N/A,N/A
https://alerce.online/object/ZTF19aanvjhb,2019-03-30 11:17:10,274.05471,49.86822,https://simbad.u-strasbg.fr/simbad/sim-id?Ident=V%2A%20AM%20Her,cataclyv*,1.465524,Gaia DR3 2123837555230207744,14.28,14.63,13.40,11.3484,0.0300,True,True,True,http://localhost/download/files/ZTF19aanvjhb_spec.tar.gz,http://localhost/download/plots/ZTF19aanvjhb_plot.tar.gz
https://alerce.online/object/ZTF19aanwfvr,2019-03-31 05:37:04,139.01837,-26.89780,https://simbad.u-strasbg.fr/simbad/sim-id?Ident=Gaia%20DR3%205637827617537477504,star,0.342731,Gaia DR3 5637827617537477504,17.58,17.70,16.82,1.8941,0.0659,True,True,True,http://localhost/download/files/ZTF19aanwfvr_spec.tar.gz,http://localhost/download/plots/ZTF19aanwfvr_plot.tar.gz
https://alerce.online/object/ZTF19aanwfuw,2019-03-31 05:37:04,144.05714,-27.90287,https://simbad.u-strasbg.fr/simbad/sim-id?Ident=ASASSN%20-14al,cataclyv*,1.175526,Gaia DR3 5633910641723415296,17.92,18.07,17.22,0.5044,0.0712,True,False,False,N/A,N/A
https://alerce.online/object/ZTF19aanxodw,2019-03-31 09:00:59,221.44436,-6.00953,https://simbad.u-strasbg.fr/simbad/sim-id?Ident=CRTS%20J144546.7-060034,cataclyv*_candidate,0.430095,Gaia DR3 6336928064303423744,19.73,20.14,19.17,2.7102,0.5084,True,False,False,N/A,N/A
https://alerce.online/object/ZTF19aaaqjpu,2019-03-31 10:28:45,249.11115,-3.28200,N/A,N/A,,Gaia DR3 4357807993301167104,18.71,19.15,18.03,2.5953,0.1720,True,False,False,N/A,N/A
https://alerce.online/object/ZTF19aamkwxk,2019-03-31 11:04:13,246.81972,4.10084,https://simbad.u-strasbg.fr/simbad/sim-id?Ident=ASASSN%20-19qy,cataclyv*,0.724803,Gaia DR3 4433651721269127552,18.80,18.87,18.55,4.2124,0.2359,True,False,False,N/A,N/A
https://alerce.online/object/ZTF19aadoqef,2019-03-31 11:06:49,263.50701,-2.78544,https://simbad.u-strasbg.fr/simbad/sim-id?Ident=1RXS%20J173400.8-024700,x,0.105236,Gaia DR3 4369776319107209088,15.51,15.84,15.08,1.4947,0.0323,True,True,False,http://localhost/download/files/ZTF19aadoqef_spec.tar.gz,http://localhost/download/plots/ZTF19aadoqef_plot.tar.gz
https://alerce.online/object/ZTF18acawffe,2019-04-01 09:59:48,263.06303,-16.25611,https://simbad.u-strasbg.fr/simbad/sim-id?Ident=V%2A%20V442%20Oph,cataclyv*,0.138171,Gaia DR3 4124654392314770048,13.86,13.96,13.62,2.0708,0.0180,True,True,True,http://localhost/download/files/ZTF18acawffe_spec.tar.gz,http://localhost/download/plots/ZTF18acawffe_plot.tar.gz
https://alerce.online/object/ZTF18abjybhl,2019-04-01 10:00:27,257.62070,-18.78970,https://simbad.u-strasbg.fr/simbad/sim-id?Ident=V%2A%20V1517%20Oph,mira,0.169459,Gaia DR3 4128591086271559680,16.59,16.73,16.18,0.9400,0.1022,True,True,False,http://localhost/download/files/ZTF18abjybhl_spec.tar.gz,http://localhost/download/plots/ZTF18abjybhl_plot.tar.gz
https://alerce.online/object/ZTF19aaocobn,2019-04-01 10:32:09,245.59483,-20.45218,https://simbad.u-strasbg.fr/simbad/sim-id?Ident=CRTS%20J162222.6-202708,rrlyrae,0.174773,Gaia DR3 6244497859834924032,19.13,19.65,18.34,1.3349,0.2214,True,False,False,N/A,N/A
https://alerce.online/object/ZTF18acsiphs,2019-04-01 11:15:10,319.62607,42.73371,https://simbad.u-strasbg.fr/simbad/sim-id?Ident=ZTF%20J211830.23%2B424401.4,eclbin,0.271103,Gaia DR3 1969121322729150720,13.61,13.75,12.89,3.4252,0.6383,True,True,False,http://localhost/download/files/ZTF18acsiphs_spec.tar.gz,http://localhost/download/plots/ZTF18acsiphs_plot.tar.gz
https://alerce.online/object/ZTF18acbbxdx,2019-04-01 12:32:52,287.19333,-17.36301,https://simbad.u-strasbg.fr/simbad/sim-id?Ident=V%2A%20V1089%20Sgr,cataclyv*,2.351029,Gaia DR3 4087508177918396416,18.08,18.14,16.96,0.8609,0.1249,True,False,False,N/A,N/A
https://alerce.online/object/ZTF18aaiigxe,2019-04-02 09:10:23,216.52030,46.68176,N/A,N/A,,Gaia DR3 1506701156234427648,18.04,18.97,17.05,2.5683,0.0932,True,False,False,N/A,N/A
https://alerce.online/object/ZTF19aapcvao,2019-04-08 05:00:56,145.71783,-19.61477,https://simbad.u-strasbg.fr/simbad/sim-id?Ident=CRTS%20J094252.3-193652,cataclyv*,0.581292,Gaia DR3 5677543794301628160,19.42,19.61,19.14,1.5719,0.2865,True,False,False,N/A,N/A
https://alerce.online/object/ZTF19aaphiwa,2019-04-08 11:12:09,268.96609,-3.99133,https://simbad.u-strasbg.fr/simbad/sim-id?Ident=Gaia%20DR3%204175890427231922560,highpm*,2.22896,Gaia DR3 4175890427231922560,16.85,18.07,15.66,9.8276,0.0832,True,True,False,http://localhost/download/files/ZTF19aaphiwa_spec.tar.gz,http://localhost/download/plots/ZTF19aaphiwa_plot.tar.gz
https://alerce.online/object/ZTF19aaphtab,2019-04-08 11:52:49,292.70176,0.89031,N/A,N/A,,Gaia DR3 4287544772196637184,18.06,18.26,17.43,0.7930,0.1318,True,False,False,N/A,N/A
https://alerce.online/object/ZTF19aathyzr,2019-04-08 11:58:56,278.23282,10.46265,N/A,N/A,,Gaia DR3 4480643817452457344,17.91,18.04,17.57,0.7487,0.1205,True,False,False,N/A,N/A
https://alerce.online/object/ZTF19aapkrcg,2019-04-09 04:31:16,145.86360,-27.34410,https://simbad.u-strasbg.fr/simbad/sim-id?Ident=RX%20J0943.4-2720,cataclyv*,0.782032,Gaia DR3 5657831101300107520,18.61,18.77,18.09,2.4026,0.1936,True,False,False,N/A,N/A
https://alerce.online/object/ZTF19aapqdqv,2019-04-09 10:04:07,272.40327,-17.71399,https://simbad.u-strasbg.fr/simbad/sim-id?Ident=Lan%20687,uv,1.906161,Gaia DR3 4095958925491317248,16.29,16.47,15.95,0.6687,0.0518,True,False,False,N/A,N/A
https://alerce.online/object/ZTF19aaprdmx,2019-04-09 11:05:31,289.44295,-17.32881,https://simbad.u-strasbg.fr/simbad/sim-id?Ident=Gaia%20DR3%204084751702252935040,star,0.054755,Gaia DR3 4084751702252935040,16.59,16.65,16.29,0.8057,0.0841,True,False,False,N/A,N/A
https://alerce.online/object/ZTF19aaprzep,2019-04-10 06:05:18,177.13972,1.48317,https://simbad.u-strasbg.fr/simbad/sim-id?Ident=LBQS%201145%2B0145,whitedwarf,1.449658,Gaia DR3 3796414192429498880,17.15,17.08,17.25,6.8534,0.0907,True,True,True,http://localhost/download/files/ZTF19aaprzep_spec.tar.gz,http://localhost/download/plots/ZTF19aaprzep_plot.tar.gz
https://alerce.online/object/ZTF19aapudsl,2019-04-11 04:49:38,92.81509,55.73547,https://simbad.u-strasbg.fr/simbad/sim-id?Ident=UCAC4%20729-040736,cataclyv*,0.270832,Gaia DR3 997204613432591616,16.63,16.80,16.28,0.7178,0.0554,True,True,True,http://localhost/download/files/ZTF19aapudsl_spec.tar.gz,http://localhost/download/plots/ZTF19aapudsl_plot.tar.gz
https://alerce.online/object/ZTF19aapunnd,2019-04-11 06:01:27,192.52139,-20.60913,https://simbad.u-strasbg.fr/simbad/sim-id?Ident=GALEX%20J125005.1-203632,whitedwarf,0.654929,Gaia DR3 3509435507186636288,17.35,17.15,17.71,1.4303,0.0996,True,True,False,http://localhost/download/files/ZTF19aapunnd_spec.tar.gz,http://localhost/download/plots/ZTF19aapunnd_plot.tar.gz
https://alerce.online/object/ZTF19aapvvhg,2019-04-11 09:27:48,232.30112,-10.27466,https://simbad.u-strasbg.fr/simbad/sim-id?Ident=1RXS%20J152912.9-101623,x,0.824877,Gaia DR3 6317467601845604736,18.22,18.70,17.49,4.6156,0.1787,True,True,True,http://localhost/download/files/ZTF19aapvvhg_spec.tar.gz,http://localhost/download/plots/ZTF19aapvvhg_plot.tar.gz
https://alerce.online/object/ZTF19aapwgld,2019-04-11 11:01:30,259.94545,-4.74618,N/A,N/A,,Gaia DR3 4363194535125667840,17.10,17.38,16.64,0.5641,0.1003,True,False,False,N/A,N/A
https://alerce.online/object/ZTF19aapwyle,2019-04-12 03:33:46,128.89046,-18.53310,https://simbad.u-strasbg.fr/simbad/sim-id?Ident=ASASSN%20-19cl,cataclyv*,0.15038,Gaia DR3 5708606204673825408,18.16,18.33,17.78,1.2028,0.1422,True,False,False,N/A,N/A
https://alerce.online/object/ZTF19aapzvoj,2019-04-12 09:14:36,225.97494,-22.11957,https://simbad.u-strasbg.fr/simbad/sim-id?Ident=CRTS%20J150354.0-220710,cataclyv*,0.147272,Gaia DR3 6231616192056505984,18.07,18.27,17.21,2.5797,0.1357,True,False,False,N/A,N/A
https://alerce.online/object/ZTF19aabzwaw,2019-04-12 10:03:21,246.68407,-10.31509,https://simbad.u-strasbg.fr/simbad/sim-id?Ident=ZTF%20J162644.18-101854.3,eclbin,0.084582,Gaia DR3 4332319698860647296,18.43,18.59,18.12,1.9081,0.1955,True,False,False,N/A,N/A
https://alerce.online/object/ZTF18acawkhw,2019-04-12 10:04:42,261.83231,-14.84411,N/A,N/A,,Gaia DR3 4137095057120313728,17.48,17.95,16.63,1.3431,0.1918,True,True,False,http://localhost/download/files/ZTF18acawkhw_spec.tar.gz,http://localhost/download/plots/ZTF18acawkhw_plot.tar.gz
https://alerce.online/object/ZTF19aamwsgn,2019-04-13 11:47:36,261.80457,32.26138,N/A,N/A,,Gaia DR3 4600353493816150784,19.23,19.19,18.50,2.4014,0.1569,True,False,False,N/A,N/A
https://alerce.online/object/ZTF19aaqrldn,2019-04-15 09:07:21,243.24942,-16.28766,N/A,N/A,,Gaia DR3 6249835546407578496,17.54,17.98,16.99,1.0063,0.1156,True,True,False,http://localhost/download/files/ZTF19aaqrldn_spec.tar.gz,http://localhost/download/plots/ZTF19aaqrldn_plot.tar.gz
https://alerce.online/object/ZTF19aaqsirp,2019-04-15 10:00:07,277.01568,-15.64139,N/A,N/A,,Gaia DR3 4103906436145611904,16.66,16.80,16.23,0.6982,0.0620,True,True,False,http://localhost/download/files/ZTF19aaqsirp_spec.tar.gz,http://localhost/download/plots/ZTF19aaqsirp_plot.tar.gz
https://alerce.online/object/ZTF19aattqog,2019-04-15 10:00:07,273.44862,-15.82990,https://simbad.u-strasbg.fr/simbad/sim-id?Ident=2MASS%20J18134767-1549476,yso_candidate,0.065056,Gaia DR3 4145736840581419520,19.11,20.19,17.91,2.9544,0.5435,True,False,False,N/A,N/A
https://alerce.online/object/ZTF19aaqwunu,2019-04-18 03:23:51,108.20351,38.39018,N/A,N/A,,Gaia DR3 946452260501640064,17.28,17.57,16.70,0.9702,0.1832,True,False,False,N/A,N/A
https://alerce.online/object/ZTF19aaqytec,2019-04-18 10:36:59,278.59337,9.19156,https://simbad.u-strasbg.fr/simbad/sim-id?Ident=Gaia%2018bfs,cataclyv*,0.294737,Gaia DR3 4479366773369326976,18.82,19.11,18.11,1.4788,0.2042,True,False,False,N/A,N/A
https://alerce.online/object/ZTF18abiykbj,2019-04-20 10:03:36,286.34418,-15.41873,https://simbad.u-strasbg.fr/simbad/sim-id?Ident=Gaia%2019dtx,cataclyv*,0.15,Gaia DR3 4089103500550608000,18.72,19.10,17.95,0.9475,0.1142,True,False,False,N/A,N/A
https://alerce.online/object/ZTF19aargvjm,2019-04-20 11:04:40,268.39895,-16.12208,N/A,N/A,,Gaia DR3 4144983395900511744,16.12,16.27,15.72,0.7002,0.0528,True,True,False,http://localhost/download/files/ZTF19aargvjm_spec.tar.gz,http://localhost/download/plots/ZTF19aargvjm_plot.tar.gz
https://alerce.online/object/ZTF19aargwcz,2019-04-20 11:04:40,269.22803,-16.38304,N/A,N/A,,Gaia DR3 4144906086487864064,17.92,17.97,17.04,0.6633,0.0791,True,False,False,N/A,N/A
https://alerce.online/object/ZTF19aarhanm,2019-04-20 12:04:25,314.62149,24.02135,https://simbad.u-strasbg.fr/simbad/sim-id?Ident=UCAC4%20571-118262,hotsubdwarf_candidate,0.339815,Gaia DR3 1839676849570436992,15.89,15.96,15.75,0.9842,0.0379,True,True,False,http://localhost/download/files/ZTF19aarhanm_spec.tar.gz,http://localhost/download/plots/ZTF19aarhanm_plot.tar.gz
https://alerce.online/object/ZTF19aanxgdu,2019-04-23 06:21:14,174.77285,66.50469,https://simbad.u-strasbg.fr/simbad/sim-id?Ident=HS%201136%2B6646,whitedwarf,1.930762,Gaia DR3 1057033477801391360,13.68,13.61,13.28,4.4470,0.0337,True,True,False,http://localhost/download/files/ZTF19aanxgdu_spec.tar.gz,http://localhost/download/plots/ZTF19aanxgdu_plot.tar.gz
https://alerce.online/object/ZTF19aarsrls,2019-04-25 05:19:35,131.81049,61.00918,N/A,N/A,,Gaia DR3 1041310869545588480,20.19,20.15,19.10,2.1205,0.3823,True,False,False,N/A,N/A
https://alerce.online/object/ZTF19aartvso,2019-04-25 06:04:01,196.97985,-20.44133,https://simbad.u-strasbg.fr/simbad/sim-id?Ident=CRTS%20J130755.1-202628,cataclyv*,0.161966,Gaia DR3 3505925217531634432,18.30,18.79,17.56,1.1012,0.1659,True,False,False,N/A,N/A
https://alerce.online/object/ZTF19aatfwbt,2019-05-02 03:54:55,158.32181,7.35523,https://simbad.u-strasbg.fr/simbad/sim-id?Ident=SDSS%20J103317.27%2B072118.5,cataclyv*,0.696042,Gaia DR3 3862789892627651840,19.58,19.74,19.15,2.0874,0.3223,True,False,False,N/A,N/A
https://alerce.online/object/ZTF19aaetfzn,2019-05-03 07:58:52,248.74742,-20.37203,https://simbad.u-strasbg.fr/simbad/sim-id?Ident=ASASSN%20-15gg,cataclyv*,0.196833,Gaia DR3 4130951192276588672,19.41,19.76,18.49,1.0534,0.1616,True,True,False,http://localhost/download/files/ZTF19aaetfzn_spec.tar.gz,http://localhost/download/plots/ZTF19aaetfzn_plot.tar.gz
https://alerce.online/object/ZTF19aatpwny,2019-05-03 11:25:25,298.93644,21.70369,N/A,N/A,,Gaia DR3 1827068165659039488,17.88,18.18,17.24,0.6895,0.0988,True,False,False,N/A,N/A
https://alerce.online/object/ZTF19aatpxkd,2019-05-03 11:30:49,286.91380,-12.68812,N/A,N/A,,Gaia DR3 4197811119993908864,17.41,17.65,16.98,0.6745,0.1006,True,False,False,N/A,N/A
https://alerce.online/object/ZTF18abbzjum,2019-05-04 10:02:04,288.37911,-20.56065,N/A,N/A,,Gaia DR3 4083642844769640576,16.93,17.07,16.60,0.4776,0.0676,True,True,False,http://localhost/download/files/ZTF18abbzjum_spec.tar.gz,http://localhost/download/plots/ZTF18abbzjum_plot.tar.gz
https://alerce.online/object/ZTF19aatuwke,2019-05-04 10:02:04,292.40748,-18.30369,N/A,N/A,,Gaia DR3 4179478958308443264,18.63,18.83,18.22,0.9785,0.1697,True,False,False,N/A,N/A
https://alerce.online/object/ZTF19aatuyli,2019-05-04 10:02:04,289.77537,-18.08372,https://simbad.u-strasbg.fr/simbad/sim-id?Ident=MASTER%20OT%20J191906.08-180501.3,cataclyv*,0.045679,Gaia DR3 4084626735881763328,18.77,18.94,18.31,0.9478,0.1241,True,False,False,N/A,N/A
https://alerce.online/object/ZTF19aavydev,2019-05-05 07:31:49,225.39447,-22.05543,https://simbad.u-strasbg.fr/simbad/sim-id?Ident=Gaia%20DR3%206231659171793223552,star,0.295785,Gaia DR3 6231659171793223552,18.82,18.95,18.36,1.3666,0.2328,True,False,False,N/A,N/A
https://alerce.online/object/ZTF18acyyiea,2019-05-05 08:03:07,220.92463,-17.93079,https://simbad.u-strasbg.fr/simbad/sim-id?Ident=V%2A%20V362%20Lib,cataclyv*,1.038314,Gaia DR3 6285347018906945408,19.57,19.73,18.91,1.9798,0.3706,True,False,False,N/A,N/A
https://alerce.online/object/ZTF18adbioao,2019-05-05 08:03:46,226.32507,-14.65959,https://simbad.u-strasbg.fr/simbad/sim-id?Ident=MASTER%20OT%20J150518.03-143933.6,transient,0.938884,Gaia DR3 6308553929799304960,18.61,18.85,18.13,1.1736,0.1672,True,True,True,http://localhost/download/files/ZTF18adbioao_spec.tar.gz,http://localhost/download/plots/ZTF18adbioao_plot.tar.gz
https://alerce.online/object/ZTF18abphnld,2019-05-05 10:02:46,278.80896,-15.92755,N/A,N/A,,Gaia DR3 4102992054772381568,17.19,17.40,16.62,0.8975,0.0787,True,True,True,http://localhost/download/files/ZTF18abphnld_spec.tar.gz,http://localhost/download/plots/ZTF18abphnld_plot.tar.gz
https://alerce.online/object/ZTF19aauernr,2019-05-05 11:31:20,277.94050,-23.06664,https://simbad.u-strasbg.fr/simbad/sim-id?Ident=OGLE%20BLG-RRLYR-62318,rrlyrae,0.086785,Gaia DR3 4077843264538802816,17.09,17.31,16.17,1.4012,0.1868,True,True,False,http://localhost/download/files/ZTF19aauernr_spec.tar.gz,http://localhost/download/plots/ZTF19aauernr_plot.tar.gz
https://alerce.online/object/ZTF19aaueiqa,2019-05-05 11:31:20,282.27922,-24.42983,N/A,N/A,,Gaia DR3 4074981682441417216,16.91,17.07,16.59,0.6383,0.0819,True,True,False,http://localhost/download/files/ZTF19aaueiqa_spec.tar.gz,http://localhost/download/plots/ZTF19aaueiqa_plot.tar.gz
https://alerce.online/object/ZTF18acavnym,2019-05-05 11:37:20,315.45256,-7.37720,https://simbad.u-strasbg.fr/simbad/sim-id?Ident=Gaia%20DR3%206909438962819026560,cataclyv*,0.341436,Gaia DR3 6909438962819026560,17.89,18.42,17.20,1.6882,0.1466,True,False,False,N/A,N/A
https://alerce.online/object/ZTF18abieauy,2019-05-09 09:49:15,288.09946,45.44083,N/A,N/A,,Gaia DR3 2130238190375987968,15.35,15.59,14.76,1.6443,0.2973,True,True,False,http://localhost/download/files/ZTF18abieauy_spec.tar.gz,http://localhost/download/plots/ZTF18abieauy_plot.tar.gz
https://alerce.online/object/ZTF19aavagtp,2019-05-14 11:01:07,298.23091,-8.08034,https://simbad.u-strasbg.fr/simbad/sim-id?Ident=ASASSN%20-14et,cataclyv*,1.124909,Gaia DR3 4195539391519331712,19.29,19.44,18.72,2.5674,0.3247,True,True,True,http://localhost/download/files/ZTF19aavagtp_spec.tar.gz,http://localhost/download/plots/ZTF19aavagtp_plot.tar.gz
https://alerce.online/object/ZTF19aavdgzi,2019-05-15 08:32:03,290.57170,-19.60321,https://simbad.u-strasbg.fr/simbad/sim-id?Ident=ATO%20J290.5717-19.6032,eclbin,0.257016,Gaia DR3 4083410371084704384,15.39,15.59,14.93,0.9322,0.1460,True,False,False,N/A,N/A
https://alerce.online/object/ZTF18ablubyv,2019-05-30 10:34:00,289.48350,25.06757,N/A,N/A,,Gaia DR3 2023831200276332160,16.58,16.79,16.22,0.5244,0.0434,True,True,False,http://localhost/download/files/ZTF18ablubyv_spec.tar.gz,http://localhost/download/plots/ZTF18ablubyv_plot.tar.gz
https://alerce.online/object/ZTF19aawtcac,2019-05-30 10:57:31,264.41436,-3.24143,https://simbad.u-strasbg.fr/simbad/sim-id?Ident=Cl%2A%20NGC%206402%20%20%20%20SAW%20V144,rrlyrae,0.057203,Gaia DR3 4368940793345414784,16.80,16.21,14.35,3.6030,0.3013,True,True,False,http://localhost/download/files/ZTF19aawtcac_spec.tar.gz,http://localhost/download/plots/ZTF19aawtcac_plot.tar.gz
https://alerce.online/object/ZTF19aavnxej,2019-05-31 05:00:18,156.01124,48.14750,https://simbad.u-strasbg.fr/simbad/sim-id?Ident=SDSS%20J102402.70%2B480851.1,cataclyv*,0.143257,Gaia DR3 834525820788839680,19.43,19.57,19.07,2.8029,0.2548,True,False,False,N/A,N/A
https://alerce.online/object/ZTF19aavzydn,2019-05-31 06:58:55,238.84662,-12.89200,N/A,N/A,,Gaia DR3 6264391637246720000,18.18,19.00,17.05,2.1462,0.3557,True,False,False,N/A,N/A
https://alerce.online/object/ZTF19aawaamt,2019-05-31 06:59:34,236.10790,-18.28093,https://simbad.u-strasbg.fr/simbad/sim-id?Ident=ATO%20J236.1079-18.2809,whitedwarf_candidate,0.153656,Gaia DR3 6260329800780772608,17.52,17.46,17.65,0.9952,0.1121,True,True,False,http://localhost/download/files/ZTF19aawaamt_spec.tar.gz,http://localhost/download/plots/ZTF19aawaamt_plot.tar.gz
https://alerce.online/object/ZTF19aawesug,2019-05-31 10:06:03,300.43223,0.82177,https://simbad.u-strasbg.fr/simbad/sim-id?Ident=SDSS%20J200143.74%2B004918.4,qso,0.201428,Gaia DR3 4237615502488113280,19.26,19.53,18.55,1.5591,0.2793,True,False,False,N/A,N/A
https://alerce.online/object/ZTF18abxriaa,2019-05-31 10:19:28,338.87024,47.23686,N/A,N/A,,Gaia DR3 1986703746299100416,19.11,19.78,18.18,1.2705,0.2132,True,False,False,N/A,N/A
https://alerce.online/object/ZTF19aawfvdj,2019-05-31 11:01:38,305.82726,-6.33758,https://simbad.u-strasbg.fr/simbad/sim-id?Ident=GALEX%20J202318.6-062015,whitedwarf,1.62223,Gaia DR3 4217910669267424512,16.69,16.73,16.68,10.8324,0.0785,True,True,False,http://localhost/download/files/ZTF19aawfvdj_spec.tar.gz,http://localhost/download/plots/ZTF19aawfvdj_plot.tar.gz
https://alerce.online/object/ZTF18abbrraf,2019-06-01 09:31:04,285.33968,-24.45994,N/A,N/A,,Gaia DR3 4074496729091809536,17.45,17.52,16.99,0.5356,0.1070,True,True,False,http://localhost/download/files/ZTF18abbrraf_spec.tar.gz,http://localhost/download/plots/ZTF18abbrraf_plot.tar.gz
https://alerce.online/object/ZTF19aawpkpi,2019-06-02 07:50:51,275.41086,61.98445,https://simbad.u-strasbg.fr/simbad/sim-id?Ident=ASASSN%20-14gg,cataclyv*,0.206978,Gaia DR3 2159842815827966720,19.78,19.92,19.45,1.5836,0.3011,True,False,False,N/A,N/A
https://alerce.online/object/ZTF19aayjhzx,2019-06-02 10:01:36,295.94125,-26.96008,N/A,N/A,,Gaia DR3 6754680807129955456,17.78,18.03,17.33,2.8015,0.1154,True,False,False,N/A,N/A
https://alerce.online/object/ZTF19aawsdzj,2019-06-02 10:12:32,5.30504,74.96595,https://simbad.u-strasbg.fr/simbad/sim-id?Ident=Gaia%20DR3%20539432224337524096,whitedwarf,0.576947,Gaia DR3 539432224337524096,18.56,18.72,18.15,3.6094,0.1235,True,True,True,http://localhost/download/files/ZTF19aawsdzj_spec.tar.gz,http://localhost/download/plots/ZTF19aawsdzj_plot.tar.gz
https://alerce.online/object/ZTF19aadaefz,2019-06-03 06:29:35,237.87132,-19.23835,https://simbad.u-strasbg.fr/simbad/sim-id?Ident=Gaia%20DR3%206248050248764273664,whitedwarf_candidate,1.724367,Gaia DR3 6248050248764273664,18.05,18.22,17.73,6.5806,0.1583,True,True,True,http://localhost/download/files/ZTF19aadaefz_spec.tar.gz,http://localhost/download/plots/ZTF19aadaefz_plot.tar.gz
https://alerce.online/object/ZTF19aaxhyzy,2019-06-04 10:38:38,310.99324,-19.71602,https://simbad.u-strasbg.fr/simbad/sim-id?Ident=CRTS%20J204358.4-194257,cataclyv*,0.094082,Gaia DR3 6857977931693271680,19.19,19.31,18.83,1.4369,0.2535,True,False,False,N/A,N/A
https://alerce.online/object/ZTF19aaxvoio,2019-06-04 10:47:08,359.87217,51.52893,https://simbad.u-strasbg.fr/simbad/sim-id?Ident=GALEX%20J235929.3%2B513144,whitedwarf,0.228154,Gaia DR3 1944075616071276800,17.45,17.62,17.07,15.2138,0.0726,True,True,False,http://localhost/download/files/ZTF19aaxvoio_spec.tar.gz,http://localhost/download/plots/ZTF19aaxvoio_plot.tar.gz
https://alerce.online/object/ZTF18acusznp,2019-06-05 05:34:22,213.90137,1.28849,https://simbad.u-strasbg.fr/simbad/sim-id?Ident=V%2A%20GK%20Vir,**,1.322734,Gaia DR3 3666166938357148672,17.05,16.93,17.20,2.0283,0.0969,True,True,True,http://localhost/download/files/ZTF18acusznp_spec.tar.gz,http://localhost/download/plots/ZTF18acusznp_plot.tar.gz
https://alerce.online/object/ZTF19aaxliis,2019-06-05 07:01:41,237.31376,-26.01544,https://simbad.u-strasbg.fr/simbad/sim-id?Ident=CD-25%2011111A,ttauri*,0.93016,Gaia DR3 6234854936701816192,13.17,13.46,12.58,6.4659,0.0731,True,True,True,http://localhost/download/files/ZTF19aaxliis_spec.tar.gz,http://localhost/download/plots/ZTF19aaxliis_plot.tar.gz
https://alerce.online/object/ZTF19aaxljdj,2019-06-05 07:02:22,243.05933,-25.16006,https://simbad.u-strasbg.fr/simbad/sim-id?Ident=USNO-A2.0%200600-19894351,cataclyv*_candidate,0.169962,Gaia DR3 6049559327312307584,17.94,18.04,17.33,0.6784,0.1080,True,False,False,N/A,N/A
https://alerce.online/object/ZTF19aaxlgbw,2019-06-05 07:02:22,245.44708,-22.88649,https://simbad.u-strasbg.fr/simbad/sim-id?Ident=V%2A%20AR%20Sco,eclbin,1.008889,Gaia DR3 6050296829033196032,14.99,15.55,14.17,8.5437,0.0376,True,True,True,http://localhost/download/files/ZTF19aaxlgbw_spec.tar.gz,http://localhost/download/plots/ZTF19aaxlgbw_plot.tar.gz
https://alerce.online/object/ZTF19aaxlgav,2019-06-05 07:02:22,244.43655,-25.15446,https://simbad.u-strasbg.fr/simbad/sim-id?Ident=Gaia%20DR2%206048855674228736128,star,0.588425,Gaia DR3 6048855674228736128,17.87,18.94,16.58,7.6130,0.1197,True,False,False,N/A,N/A
https://alerce.online/object/ZTF19aaxliuv,2019-06-05 07:02:22,243.86507,-23.87628,https://simbad.u-strasbg.fr/simbad/sim-id?Ident=2MASS%20J16152762-2352340,star,0.607106,Gaia DR3 6049933784041055616,17.84,19.07,16.56,6.7052,0.1165,True,False,False,N/A,N/A
https://alerce.online/object/ZTF19aaxpofq,2019-06-06 04:36:22,205.21687,15.22801,https://simbad.u-strasbg.fr/simbad/sim-id?Ident=CRTS%20J134052.1%2B151341,cataclyv*,0.235052,Gaia DR3 3742038776886730368,17.94,18.42,17.30,1.2079,0.0971,True,True,True,http://localhost/download/files/ZTF19aaxpofq_spec.tar.gz,http://localhost/download/plots/ZTF19aaxpofq_plot.tar.gz
https://alerce.online/object/ZTF19aaxrsyu,2019-06-06 06:31:50,253.00554,-27.94418,N/A,N/A,,Gaia DR3 6033076587187690624,16.97,17.15,16.75,0.6069,0.0908,True,True,False,http://localhost/download/files/ZTF19aaxrsyu_spec.tar.gz,http://localhost/download/plots/ZTF19aaxrsyu_plot.tar.gz
https://alerce.online/object/ZTF19aaxrxyc,2019-06-06 06:36:27,266.40716,-17.93975,https://simbad.u-strasbg.fr/simbad/sim-id?Ident=TCP%20J17453768-1756253,cataclyv*_candidate,1.301568,Gaia DR3 4120637734561313664,16.72,16.87,16.07,4.1855,0.0643,True,True,True,http://localhost/download/files/ZTF19aaxrxyc_spec.tar.gz,http://localhost/download/plots/ZTF19aaxrxyc_plot.tar.gz
https://alerce.online/object/ZTF18acugwxc,2019-06-06 11:18:18,346.81476,49.37580,N/A,N/A,,Gaia DR3 1990943261276162560,17.44,17.90,16.79,0.8521,0.0832,True,True,False,http://localhost/download/files/ZTF18acugwxc_spec.tar.gz,http://localhost/download/plots/ZTF18acugwxc_plot.tar.gz
https://alerce.online/object/ZTF19aaycnvq,2019-06-07 10:35:49,334.89108,6.82302,https://simbad.u-strasbg.fr/simbad/sim-id?Ident=ZTF%20J221933.87%2B064922.9,rscvnv*,0.210916,Gaia DR3 2708889818377067264,17.37,17.55,17.10,0.5871,0.0884,True,True,False,http://localhost/download/files/ZTF19aaycnvq_spec.tar.gz,http://localhost/download/plots/ZTF19aaycnvq_plot.tar.gz
https://alerce.online/object/ZTF18abbycvn,2019-06-08 09:07:18,288.93811,-22.64661,https://simbad.u-strasbg.fr/simbad/sim-id?Ident=Gaia%20DR3%204080871461297764224,eclbin,0.279201,Gaia DR3 4080871461297764224,17.73,18.14,16.97,1.1304,0.1845,True,False,False,N/A,N/A
https://alerce.online/object/ZTF19aazcclj,2019-06-08 10:05:01,334.35026,-19.66463,https://simbad.u-strasbg.fr/simbad/sim-id?Ident=CRTS%20CSS130828%20J221724-193953,cataclyv*,0.690097,Gaia DR3 6822005312846821376,18.67,18.85,18.15,1.7619,0.1824,True,False,False,N/A,N/A
https://alerce.online/object/ZTF19aaykkif,2019-06-09 05:34:06,212.74046,-2.04348,https://simbad.u-strasbg.fr/simbad/sim-id?Ident=2QZ%20J141057.7-020237,whitedwarf,0.450446,Gaia DR3 3647247744857078400,18.65,18.72,18.41,1.5212,0.1970,True,False,False,N/A,N/A
https://alerce.online/object/ZTF19aaylhnq,2019-06-09 06:32:23,250.39526,-21.23572,N/A,N/A,,Gaia DR3 4129909125837626496,18.10,18.10,17.05,0.6511,0.1028,True,False,False,N/A,N/A
https://alerce.online/object/ZTF18acaxzzd,2019-06-09 06:35:01,265.03216,-13.33534,N/A,N/A,,Gaia DR3 4161500981126311936,18.62,18.82,17.93,3.0500,0.2194,True,False,False,N/A,N/A
https://alerce.online/object/ZTF19aaynncp,2019-06-09 10:31:26,306.99868,-23.70257,N/A,N/A,,Gaia DR3 6849574879717527936,18.76,19.28,18.09,1.3752,0.1966,True,False,False,N/A,N/A
https://alerce.online/object/ZTF18acsvpbq,2019-06-11 09:36:09,300.98799,-18.53640,https://simbad.u-strasbg.fr/simbad/sim-id?Ident=ASASSN%20-14bo,cataclyv*,0.12405,Gaia DR3 6867546435929841792,19.20,19.52,18.53,1.3049,0.2398,True,False,False,N/A,N/A
https://alerce.online/object/ZTF19aayvpjl,2019-06-11 10:31:26,314.98974,-21.65971,https://simbad.u-strasbg.fr/simbad/sim-id?Ident=6dFGS%20gJ205957.5-213935,rrlyrae,0.375355,Gaia DR3 6808906384147979904,17.67,17.76,17.41,2.2318,0.1396,True,True,False,http://localhost/download/files/ZTF19aayvpjl_spec.tar.gz,http://localhost/download/plots/ZTF19aayvpjl_plot.tar.gz
https://alerce.online/object/ZTF18acmxodn,2019-06-12 10:49:22,19.60221,30.76216,https://simbad.u-strasbg.fr/simbad/sim-id?Ident=LAMOST%20J011824.54%2B304543.6,cataclyv*,0.187371,Gaia DR3 310268952860738304,19.08,19.12,18.36,1.2632,0.2406,True,True,False,http://localhost/download/files/ZTF18acmxodn_spec.tar.gz,http://localhost/download/plots/ZTF18acmxodn_plot.tar.gz
https://alerce.online/object/ZTF19aazflpj,2019-06-12 10:50:01,16.80359,36.98851,N/A,N/A,,Gaia DR3 369432440895162752,14.81,14.93,14.11,1.8775,0.2054,True,True,False,http://localhost/download/files/ZTF19aazflpj_spec.tar.gz,http://localhost/download/plots/ZTF19aazflpj_plot.tar.gz
https://alerce.online/object/ZTF19aakjfgd,2019-06-13 07:28:21,275.42849,21.36484,https://simbad.u-strasbg.fr/simbad/sim-id?Ident=%5BKIU2009%5D%20OT%20J182142.8%2B212154,cataclyv*,0.088402,Gaia DR3 4528875887866176896,19.33,19.57,18.85,1.7755,0.2714,True,False,False,N/A,N/A
https://alerce.online/object/ZTF19aazufcr,2019-06-15 06:34:49,275.40840,-19.60767,N/A,N/A,,Gaia DR3 4094514132852122752,19.77,17.18,16.05,3.1671,0.5883,True,False,False,N/A,N/A
https://alerce.online/object/ZTF19abagaeu,2019-06-20 07:03:39,250.19530,-23.35126,N/A,N/A,,Gaia DR3 6048099382031192576,19.16,19.54,18.60,2.0793,0.2246,True,False,False,N/A,N/A
https://alerce.online/object/ZTF19abbyxtx,2019-06-21 05:32:34,206.11987,-21.49050,https://simbad.u-strasbg.fr/simbad/sim-id?Ident=CRTS%20J134428.8-212926,cataclyv*,0.280443,Gaia DR3 6288568484897278976,17.77,18.14,17.05,0.9747,0.1237,True,False,False,N/A,N/A
https://alerce.online/object/ZTF19aaclwhr,2019-06-24 05:06:17,245.96026,-12.29208,https://simbad.u-strasbg.fr/simbad/sim-id?Ident=CRTS%20CSS160528%20J162350-121731,cataclyv*,0.396368,Gaia DR3 4331466855796298240,19.13,19.52,18.34,2.1449,0.2779,True,False,False,N/A,N/A
https://alerce.online/object/ZTF18abbydvx,2019-06-24 09:06:08,291.01617,-23.54611,https://simbad.u-strasbg.fr/simbad/sim-id?Ident=Gaia%20DR3%206770031776162256512,eclbin,0.22773,Gaia DR3 6770031776162256512,16.76,16.98,16.41,0.3840,0.0746,True,False,False,N/A,N/A
https://alerce.online/object/ZTF18acvcabv,2019-06-26 10:38:28,5.98710,34.33862,N/A,N/A,,Gaia DR3 2863965595488790144,13.90,13.84,12.98,4.3085,0.4511,True,True,False,http://localhost/download/files/ZTF18acvcabv_spec.tar.gz,http://localhost/download/plots/ZTF18acvcabv_plot.tar.gz
https://alerce.online/object/ZTF19abbxuht,2019-06-27 10:07:58,328.86984,-9.41447,N/A,N/A,,Gaia DR3 2618298104721737216,16.43,16.97,15.51,2.2806,0.3027,True,True,False,http://localhost/download/files/ZTF19abbxuht_spec.tar.gz,http://localhost/download/plots/ZTF19abbxuht_plot.tar.gz
https://alerce.online/object/ZTF19abiwnqm,2019-06-27 10:52:57,292.96299,34.79989,N/A,N/A,,Gaia DR3 2046784467552011776,17.63,17.74,17.37,0.5080,0.0780,True,True,True,http://localhost/download/files/ZTF19abiwnqm_spec.tar.gz,http://localhost/download/plots/ZTF19abiwnqm_plot.tar.gz
https://alerce.online/object/ZTF18adcbwlm,2019-07-03 11:27:53,31.63942,20.95198,https://simbad.u-strasbg.fr/simbad/sim-id?Ident=PTF%2010zdi,cataclyv*,0.51654,Gaia DR3 94265942212979072,18.17,18.35,17.69,1.8583,0.1688,True,False,False,N/A,N/A
https://alerce.online/object/ZTF18abtkfvl,2019-07-04 10:44:50,340.95203,8.15747,https://simbad.u-strasbg.fr/simbad/sim-id?Ident=V%2A%20V650%20Peg,cataclyv*,0.063334,Gaia DR3 2715839109821203200,18.82,19.09,18.31,2.6245,0.3021,True,True,True,http://localhost/download/files/ZTF18abtkfvl_spec.tar.gz,http://localhost/download/plots/ZTF18abtkfvl_plot.tar.gz
https://alerce.online/object/ZTF19aassfit,2019-07-05 09:57:25,312.98700,61.94251,N/A,N/A,,Gaia DR3 2195877862026311424,19.31,19.61,18.84,1.2726,0.2413,True,False,False,N/A,N/A
https://alerce.online/object/ZTF19abapgyq,2019-07-06 07:02:45,252.45229,-25.06576,N/A,N/A,,Gaia DR3 6046793029088657664,19.04,19.00,18.29,1.4073,0.1789,True,False,False,N/A,N/A
https://alerce.online/object/ZTF18abtyoey,2019-07-08 10:16:40,6.29566,12.28648,https://simbad.u-strasbg.fr/simbad/sim-id?Ident=V%2A%20FL%20Psc,cataclyv*,2.495579,Gaia DR3 2754909740118313344,17.49,17.57,17.29,6.3302,0.1033,True,True,True,http://localhost/download/files/ZTF18abtyoey_spec.tar.gz,http://localhost/download/plots/ZTF18abtyoey_plot.tar.gz
https://alerce.online/object/ZTF18abbyoqv,2019-07-10 07:32:43,284.22109,-23.90009,N/A,N/A,,Gaia DR3 4075255323416785664,17.48,17.54,17.08,0.5093,0.0899,True,True,True,http://localhost/download/files/ZTF18abbyoqv_spec.tar.gz,http://localhost/download/plots/ZTF18abbyoqv_plot.tar.gz
https://alerce.online/object/ZTF19abfvxfd,2019-07-11 11:33:37,344.62615,-23.06241,https://simbad.u-strasbg.fr/simbad/sim-id?Ident=CRTS%20SSS120814%20J225830-230345,cataclyv*,0.103125,Gaia DR3 2396491145854390784,18.50,19.06,17.76,1.2915,0.1971,True,False,False,N/A,N/A
https://alerce.online/object/ZTF18aatylid,2019-07-14 05:11:45,256.42366,34.92338,N/A,N/A,,Gaia DR3 1338040230063036416,19.93,20.30,19.34,1.6233,0.3098,True,False,False,N/A,N/A
https://alerce.online/object/ZTF18acmfijs,2019-07-16 10:05:01,342.41649,-27.11470,https://simbad.u-strasbg.fr/simbad/sim-id?Ident=V%2A%20TY%20PsA,cataclyv*,0.731578,Gaia DR3 6610409767574182912,15.71,15.89,15.28,5.5026,0.0462,True,True,True,http://localhost/download/files/ZTF18acmfijs_spec.tar.gz,http://localhost/download/plots/ZTF18acmfijs_plot.tar.gz
https://alerce.online/object/ZTF19abbxkwy,2019-07-17 11:37:47,314.62147,24.02137,https://simbad.u-strasbg.fr/simbad/sim-id?Ident=UCAC4%20571-118262,hotsubdwarf_candidate,0.279993,Gaia DR3 1839676849570436992,15.89,15.96,15.75,0.9842,0.0379,True,True,False,http://localhost/download/files/ZTF19abbxkwy_spec.tar.gz,http://localhost/download/plots/ZTF19abbxkwy_plot.tar.gz
https://alerce.online/object/ZTF19abbxcoy,2019-07-17 11:37:47,313.85622,28.54154,N/A,N/A,,Gaia DR3 1846271308004587264,14.09,14.22,13.50,7.8126,0.8228,True,True,False,http://localhost/download/files/ZTF19abbxcoy_spec.tar.gz,http://localhost/download/plots/ZTF19abbxcoy_plot.tar.gz
https://alerce.online/object/ZTF18abaduuw,2019-07-18 05:16:42,277.88186,42.03882,https://simbad.u-strasbg.fr/simbad/sim-id?Ident=SDSS%20J183131.64%2B420220.2,cataclyv*,0.574342,Gaia DR3 2111270034246759424,17.55,17.35,17.54,0.7104,0.0697,True,True,False,http://localhost/download/files/ZTF18abaduuw_spec.tar.gz,http://localhost/download/plots/ZTF18abaduuw_plot.tar.gz
https://alerce.online/object/ZTF19abhoncy,2019-07-22 06:45:09,264.77390,-21.43133,https://simbad.u-strasbg.fr/simbad/sim-id?Ident=OGLE%20BLG-ECL-54673,eclbin,0.029145,Gaia DR3 4118021760288568320,16.98,17.55,16.08,2.2373,0.3108,True,True,False,http://localhost/download/files/ZTF19abhoncy_spec.tar.gz,http://localhost/download/plots/ZTF19abhoncy_plot.tar.gz
https://alerce.online/object/ZTF18acviddw,2019-07-23 03:59:48,228.06755,10.33958,N/A,N/A,,Gaia DR3 1168187609379137792,15.69,15.88,14.96,1.5643,0.1050,True,True,False,http://localhost/download/files/ZTF18acviddw_spec.tar.gz,http://localhost/download/plots/ZTF18acviddw_plot.tar.gz
https://alerce.online/object/ZTF19abpkwrw,2019-07-24 10:46:24,62.87525,68.89722,https://simbad.u-strasbg.fr/simbad/sim-id?Ident=GALEX%20J041130.0%2B685350,cataclyv*,0.053975,Gaia DR3 490854563672917120,19.53,19.59,19.43,3.1240,0.2678,True,False,False,N/A,N/A
https://alerce.online/object/ZTF19abfkayn,2019-07-26 08:34:58,274.23002,-19.75999,N/A,N/A,,Gaia DR3 4094466991317706112,18.18,18.75,17.12,1.2470,0.1387,True,False,False,N/A,N/A
https://alerce.online/object/ZTF19abjdhzm,2019-07-29 06:59:38,274.53940,-16.62400,https://simbad.u-strasbg.fr/simbad/sim-id?Ident=ZTF19abjdhzm,cataclyv*_candidate,0.135786,Gaia DR3 4097583969328476160,20.02,20.45,19.35,1.3582,0.2106,True,False,False,N/A,N/A
https://alerce.online/object/ZTF19aadkhsj,2019-07-29 10:37:16,73.93686,65.64286,N/A,N/A,,Gaia DR3 482537926439743232,18.84,18.76,18.30,1.0852,0.1620,True,False,False,N/A,N/A
https://alerce.online/object/ZTF18aabgftf,2019-07-29 11:15:45,11.25978,50.56898,https://simbad.u-strasbg.fr/simbad/sim-id?Ident=Gaia%20DR3%20414813439007636352,whitedwarf,0.143983,Gaia DR3 414813439007636352,17.60,17.57,17.64,1.7949,0.1071,True,True,False,http://localhost/download/files/ZTF18aabgftf_spec.tar.gz,http://localhost/download/plots/ZTF18aabgftf_plot.tar.gz
https://alerce.online/object/ZTF19ablkghq,2019-08-01 07:24:14,269.52600,81.33579,N/A,N/A,,Gaia DR3 1709872247709448064,19.09,19.12,18.29,1.4614,0.1419,True,False,False,N/A,N/A
https://alerce.online/object/ZTF19ablvnre,2019-08-02 09:03:56,310.92039,-0.17718,N/A,N/A,,Gaia DR3 4227888840369520128,17.67,17.99,17.10,0.6684,0.1255,True,False,False,N/A,N/A
https://alerce.online/object/ZTF19abpmhlx,2019-08-02 09:27:12,313.85627,28.54159,N/A,N/A,,Gaia DR3 1846271308004587264,14.09,14.22,13.50,7.8126,0.8228,True,True,False,http://localhost/download/files/ZTF19abpmhlx_spec.tar.gz,http://localhost/download/plots/ZTF19abpmhlx_plot.tar.gz
https://alerce.online/object/ZTF19abmypfs,2019-08-04 04:57:08,286.92069,-19.50491,https://simbad.u-strasbg.fr/simbad/sim-id?Ident=ASASSN%20-19tp,cataclyv*,0.21737,Gaia DR3 4084013895589330560,18.46,19.02,17.74,0.8780,0.1554,True,False,False,N/A,N/A
https://alerce.online/object/ZTF19abotngc,2019-08-09 09:10:04,351.70986,82.36981,https://simbad.u-strasbg.fr/simbad/sim-id?Ident=HS%202325%2B8205,cataclyv*,0.163633,Gaia DR3 2287476977438712576,16.22,16.65,15.46,2.1405,0.0366,True,True,False,http://localhost/download/files/ZTF19abotngc_spec.tar.gz,http://localhost/download/plots/ZTF19abotngc_plot.tar.gz
https://alerce.online/object/ZTF19abpizrn,2019-08-12 09:49:52,347.98714,84.38979,N/A,N/A,,Gaia DR3 2299997867962066048,18.72,19.12,18.05,2.5311,0.1238,True,False,False,N/A,N/A
https://alerce.online/object/ZTF19abupfxq,2019-08-12 09:52:13,38.99276,80.49566,https://simbad.u-strasbg.fr/simbad/sim-id?Ident=HS%200229%2B8016,cataclyv*,0.149785,Gaia DR3 568635875943206272,13.99,14.09,13.77,2.0261,0.0147,True,True,False,http://localhost/download/files/ZTF19abupfxq_spec.tar.gz,http://localhost/download/plots/ZTF19abupfxq_plot.tar.gz
https://alerce.online/object/ZTF19abukfpj,2019-08-13 11:23:00,81.81096,8.14175,N/A,N/A,,Gaia DR3 3337286006714692352,17.65,18.14,16.89,0.9771,0.1347,True,False,False,N/A,N/A
https://alerce.online/object/ZTF19abpoypm,2019-08-14 04:25:58,288.71251,-11.54312,https://simbad.u-strasbg.fr/simbad/sim-id?Ident=MASTER%20OT%20J191450.99-113234.7,cataclyv*,0.089323,Gaia DR3 4198379120827009024,20.06,20.78,19.22,1.0550,0.1562,True,False,False,N/A,N/A
https://alerce.online/object/ZTF19abjxpbj,2019-08-15 05:15:22,291.60816,-25.22016,N/A,N/A,,Gaia DR3 6769524248465450752,18.50,18.72,18.11,1.5054,0.2064,True,False,False,N/A,N/A
https://alerce.online/object/ZTF19abxwrfb,2019-08-16 04:51:42,313.05318,44.32395,https://simbad.u-strasbg.fr/simbad/sim-id?Ident=EM%2A%20LkHA%20%20170,ae*,0.20066,Gaia DR3 2162954949132840192,14.27,14.45,13.93,1.3090,0.0168,True,True,True,http://localhost/download/files/ZTF19abxwrfb_spec.tar.gz,http://localhost/download/plots/ZTF19abxwrfb_plot.tar.gz
https://alerce.online/object/ZTF17aaadasj,2019-08-18 12:12:57,76.55462,-4.13543,https://simbad.u-strasbg.fr/simbad/sim-id?Ident=V%2A%20AQ%20Eri,cataclyv*,0.288501,Gaia DR3 3212803625248377088,17.15,17.31,16.74,2.6290,0.0901,True,True,True,http://localhost/download/files/ZTF17aaadasj_spec.tar.gz,http://localhost/download/plots/ZTF17aaadasj_plot.tar.gz
https://alerce.online/object/ZTF19abqinxa,2019-08-19 05:42:52,340.85491,80.21747,N/A,N/A,,Gaia DR3 2286024724441689856,17.70,17.75,16.77,0.8057,0.0621,True,False,False,N/A,N/A
https://alerce.online/object/ZTF18abmfwou,2019-08-21 06:16:14,302.60787,11.16480,N/A,N/A,,Gaia DR3 1802578811860810752,16.80,17.19,16.25,1.0844,0.0590,True,True,False,http://localhost/download/files/ZTF18abmfwou_spec.tar.gz,http://localhost/download/plots/ZTF18abmfwou_plot.tar.gz
https://alerce.online/object/ZTF19abrdzkr,2019-08-23 03:45:52,232.59827,22.11284,https://simbad.u-strasbg.fr/simbad/sim-id?Ident=SDSS%20J153023.64%2B220646.4,cataclyv*,0.958539,Gaia DR3 1214510510998076288,19.50,19.30,18.95,3.0300,0.2100,True,False,False,N/A,N/A
https://alerce.online/object/ZTF19abpdplm,2019-08-24 07:36:31,295.41639,21.76590,https://simbad.u-strasbg.fr/simbad/sim-id?Ident=V%2A%20FY%20Vul,cataclyv*,1.125237,Gaia DR3 1826189758928713216,14.38,14.53,14.05,1.7078,0.0179,True,True,False,http://localhost/download/files/ZTF19abpdplm_spec.tar.gz,http://localhost/download/plots/ZTF19abpdplm_plot.tar.gz
https://alerce.online/object/ZTF19abzjjpx,2019-08-25 07:31:11,326.35231,57.93021,https://simbad.u-strasbg.fr/simbad/sim-id?Ident=2MASS%20J21452455%2B5755489,yso,0.109534,Gaia DR3 2178330622824459904,16.95,17.42,16.18,1.2950,0.0586,True,True,False,http://localhost/download/files/ZTF19abzjjpx_spec.tar.gz,http://localhost/download/plots/ZTF19abzjjpx_plot.tar.gz
https://alerce.online/object/ZTF19abtsjkl,2019-08-27 11:01:46,39.41776,-25.56687,https://simbad.u-strasbg.fr/simbad/sim-id?Ident=ASASSN%20-17rc,cataclyv*,1.048999,Gaia DR3 5070939380966139776,19.49,19.68,19.25,3.1675,0.3421,True,False,False,N/A,N/A
https://alerce.online/object/ZTF18abvgcbb,2019-08-27 11:13:10,109.81052,65.96226,https://simbad.u-strasbg.fr/simbad/sim-id?Ident=V%2A%20HS%20Cam,cataclyv*,0.165887,Gaia DR3 1101817445394854400,18.78,18.91,18.22,2.3282,0.1891,True,False,False,N/A,N/A
https://alerce.online/object/ZTF19abttqmi,2019-08-27 11:21:43,76.91989,-9.22714,N/A,N/A,,Gaia DR3 3182850042290304768,18.61,18.58,18.04,2.0443,0.1548,True,False,False,N/A,N/A
https://alerce.online/object/ZTF19abtsrif,2019-08-27 11:23:00,66.47978,-19.75867,https://simbad.u-strasbg.fr/simbad/sim-id?Ident=V%2A%20IW%20Eri,cataclyv*,0.946094,Gaia DR3 5092046675621447552,19.82,19.65,19.67,2.7151,0.1565,True,True,False,N/A,N/A
https://alerce.online/object/ZTF19aakwhle,2019-08-27 11:58:17,77.73229,-6.72895,N/A,N/A,,Gaia DR3 3208149843501787520,18.05,19.42,16.75,7.7138,0.1234,True,False,False,N/A,N/A
https://alerce.online/object/ZTF19abttsqt,2019-08-27 12:00:59,86.85308,0.62634,https://simbad.u-strasbg.fr/simbad/sim-id?Ident=2MASS%20J05472474%2B0037349,yso,0.072588,Gaia DR3 3219607678078891264,18.76,19.28,17.49,1.9542,0.3230,True,False,False,N/A,N/A
https://alerce.online/object/ZTF19aasmpxa,2019-08-28 07:05:01,313.48145,58.74246,N/A,N/A,,Gaia DR3 2190793827630558720,19.04,19.75,17.98,2.9310,0.2102,True,False,False,N/A,N/A
https://alerce.online/object/ZTF19abuskjw,2019-08-30 11:55:52,59.44651,-6.64757,https://simbad.u-strasbg.fr/simbad/sim-id?Ident=SDSS%20J035747.17-063850.7,cataclyv*,0.514293,Gaia DR3 3244886171956393600,19.48,19.64,19.05,2.6650,0.3351,True,False,False,N/A,N/A
https://alerce.online/object/ZTF19abyivdb,2019-09-04 09:49:43,356.23956,43.52281,https://simbad.u-strasbg.fr/simbad/sim-id?Ident=V%2A%20V704%20And,cataclyv*,0.221546,Gaia DR3 1925516856226108416,17.62,17.34,16.59,2.4320,0.0439,True,True,False,http://localhost/download/files/ZTF19abyivdb_spec.tar.gz,http://localhost/download/plots/ZTF19abyivdb_plot.tar.gz
https://alerce.online/object/ZTF19abxierc,2019-09-06 09:06:53,351.32999,-8.30531,https://simbad.u-strasbg.fr/simbad/sim-id?Ident=V%2A%20EG%20Aqr,cataclyv*,0.053208,Gaia DR3 2438469709529193856,18.71,18.97,18.00,2.5331,0.2546,True,False,False,N/A,N/A
https://alerce.online/object/ZTF18adgdnjr,2019-09-07 11:43:53,120.14105,19.40462,https://simbad.u-strasbg.fr/simbad/sim-id?Ident=CRTS%20J080033.8%2B192416,cataclyv*,0.192223,Gaia DR3 670132550216853632,19.73,19.96,19.35,1.3350,0.2454,True,False,False,N/A,N/A
https://alerce.online/object/ZTF18abwsjie,2019-09-09 12:19:10,113.42801,78.17846,https://simbad.u-strasbg.fr/simbad/sim-id?Ident=Gaia%20DR3%201138654757121547776,eclbin,0.187446,Gaia DR3 1138654757121547776,18.11,18.60,17.48,0.6528,0.1033,True,False,False,N/A,N/A
https://alerce.online/object/ZTF19acbmqgb,2019-09-11 12:01:22,66.64025,-25.04113,https://simbad.u-strasbg.fr/simbad/sim-id?Ident=ASASSN-V%20J042633.67-250229.0,cataclyv*_candidate,0.94243,Gaia DR3 4896134903510805888,14.98,15.50,14.21,3.7688,0.0245,True,True,True,http://localhost/download/files/ZTF19acbmqgb_spec.tar.gz,http://localhost/download/plots/ZTF19acbmqgb_plot.tar.gz
https://alerce.online/object/ZTF19abzfegn,2019-09-17 02:47:15,283.61439,-13.98224,N/A,N/A,,Gaia DR3 4102293040212703616,16.95,17.17,16.51,0.6848,0.0728,True,True,False,http://localhost/download/files/ZTF19abzfegn_spec.tar.gz,http://localhost/download/plots/ZTF19abzfegn_plot.tar.gz
https://alerce.online/object/ZTF18aabgcvz,2019-09-18 11:56:41,64.35301,22.25614,https://simbad.u-strasbg.fr/simbad/sim-id?Ident=ASASSN%20-16pm,cataclyv*,0.319274,Gaia DR3 52564077511652992,19.13,19.31,18.54,2.2670,0.2864,True,False,False,N/A,N/A
https://alerce.online/object/ZTF18adalxox,2019-09-19 12:30:03,99.64887,19.30987,https://simbad.u-strasbg.fr/simbad/sim-id?Ident=Gaia%20DR3%203371826816607176064,star,0.53547,Gaia DR3 3371826816607176064,17.21,17.34,16.96,0.5719,0.1029,True,True,False,http://localhost/download/files/ZTF18adalxox_spec.tar.gz,http://localhost/download/plots/ZTF18adalxox_plot.tar.gz
https://alerce.online/object/ZTF19acasojo,2019-09-21 06:06:11,332.08184,-4.91713,N/A,N/A,,Gaia DR3 2627082304979608064,17.19,17.65,16.56,0.9339,0.1022,True,True,False,http://localhost/download/files/ZTF19acasojo_spec.tar.gz,http://localhost/download/plots/ZTF19acasojo_plot.tar.gz
https://alerce.online/object/ZTF18abtyikp,2019-09-22 06:14:44,11.36480,50.53753,https://simbad.u-strasbg.fr/simbad/sim-id?Ident=GALEX%20J004527.5%2B503215,cataclyv*,0.156449,Gaia DR3 414816050347695872,18.94,19.20,18.46,2.6646,0.2235,True,True,False,http://localhost/download/files/ZTF18abtyikp_spec.tar.gz,http://localhost/download/plots/ZTF18abtyikp_plot.tar.gz
https://alerce.online/object/ZTF18abvwpgo,2019-09-24 07:18:04,1.01618,52.59743,https://simbad.u-strasbg.fr/simbad/sim-id?Ident=ZTF%20J000403.89%2B523550.9,eclbin,0.218577,Gaia DR3 396066593954856704,18.42,19.21,17.47,1.4349,0.1315,True,False,False,N/A,N/A
https://alerce.online/object/ZTF19aavnjma,2019-10-01 07:21:51,356.99986,76.65067,https://simbad.u-strasbg.fr/simbad/sim-id?Ident=ASASSN%20-19yg,cataclyv*,0.529665,Gaia DR3 2233396222419588224,19.71,19.90,19.44,2.3409,0.2705,True,False,False,N/A,N/A
https://alerce.online/object/ZTF17aaazpbo,2019-10-01 12:06:05,81.35806,-21.48721,https://simbad.u-strasbg.fr/simbad/sim-id?Ident=ASASSN%20-14io,cataclyv*,0.161952,Gaia DR3 2967952453145921536,19.33,19.56,18.83,1.1882,0.2068,True,False,False,N/A,N/A
https://alerce.online/object/ZTF19abqkusj,2019-10-02 08:39:27,8.26658,38.01813,https://simbad.u-strasbg.fr/simbad/sim-id?Ident=SDSS%20J003303.94%2B380105.4,cataclyv*,0.422711,Gaia DR3 366989291698397824,18.21,18.38,17.76,1.2875,0.1435,True,True,True,http://localhost/download/files/ZTF19abqkusj_spec.tar.gz,http://localhost/download/plots/ZTF19abqkusj_plot.tar.gz
https://alerce.online/object/ZTF19acbvdkk,2019-10-02 12:27:05,115.87977,5.72692,N/A,N/A,,Gaia DR3 3138611466824715776,18.74,19.02,17.92,3.2807,0.1739,True,False,False,N/A,N/A
https://alerce.online/object/ZTF19acclelq,2019-10-03 12:05:01,98.81928,3.05383,https://simbad.u-strasbg.fr/simbad/sim-id?Ident=1eRASS%20J063516.4%2B030316,cataclyv*,0.211719,Gaia DR3 3130064176963184896,18.95,18.96,18.71,1.7143,0.2793,True,False,False,N/A,N/A
https://alerce.online/object/ZTF18acafcpn,2019-10-04 08:05:08,349.27244,-13.85397,N/A,N/A,,Gaia DR3 2411728182287010816,15.56,16.75,14.48,15.8694,0.0458,True,False,False,N/A,N/A
https://alerce.online/object/ZTF19aaniwlc,2019-10-04 12:09:04,93.14277,-19.18681,https://simbad.u-strasbg.fr/simbad/sim-id?Ident=GALEX%20J061234.2-191111,whitedwarf,0.783857,Gaia DR3 2941800362921100928,18.05,17.97,18.27,1.5623,0.1238,True,True,False,http://localhost/download/files/ZTF19aaniwlc_spec.tar.gz,http://localhost/download/plots/ZTF19aaniwlc_plot.tar.gz
https://alerce.online/object/ZTF19abyfizw,2019-10-05 02:36:11,254.65706,18.79110,https://simbad.u-strasbg.fr/simbad/sim-id?Ident=SDSS%20J165837.70%2B184727.4,cataclyv*,0.643242,Gaia DR3 4561074914085742592,19.97,19.90,19.30,2.5924,0.3245,True,False,False,N/A,N/A
https://alerce.online/object/ZTF19abgmkii,2019-10-09 03:14:45,23.59528,30.73635,https://simbad.u-strasbg.fr/simbad/sim-id?Ident=FSZ%20458,bluesg,0.31264,Gaia DR3 303386220522912896,17.12,17.05,16.88,0.7914,0.0922,True,True,False,http://localhost/download/files/ZTF19abgmkii_spec.tar.gz,http://localhost/download/plots/ZTF19abgmkii_plot.tar.gz
https://alerce.online/object/ZTF19acicjxs,2019-10-09 10:37:33,31.99329,48.57529,https://simbad.u-strasbg.fr/simbad/sim-id?Ident=GSC%2003285-01142,hotsubdwarf_candidate,1.099546,Gaia DR3 358062837831128064,13.81,13.84,13.59,2.3056,0.0223,True,True,True,http://localhost/download/files/ZTF19acicjxs_spec.tar.gz,http://localhost/download/plots/ZTF19acicjxs_plot.tar.gz
https://alerce.online/object/ZTF19aaacbdv,2019-10-09 12:01:58,100.19850,-24.38705,https://simbad.u-strasbg.fr/simbad/sim-id?Ident=V%2A%20PU%20CMa,cataclyv*,0.805153,Gaia DR3 2923643719394227328,15.18,15.32,14.75,6.1170,0.0237,True,True,True,http://localhost/download/files/ZTF19aaacbdv_spec.tar.gz,http://localhost/download/plots/ZTF19aaacbdv_plot.tar.gz
https://alerce.online/object/ZTF19accfifv,2019-10-10 03:54:39,8.60217,40.06557,https://simbad.u-strasbg.fr/simbad/sim-id?Ident=ATO%20J008.6017%2B40.0654,eclbin,1.502344,Gaia DR3 380782939947964800,13.09,13.29,12.47,5.3243,0.7385,True,True,False,http://localhost/download/files/ZTF19accfifv_spec.tar.gz,http://localhost/download/plots/ZTF19accfifv_plot.tar.gz
https://alerce.online/object/ZTF19aabldll,2019-10-10 11:52:38,43.72222,32.70865,https://simbad.u-strasbg.fr/simbad/sim-id?Ident=KUV%2002518%2B3230,hotsubdwarf,0.844405,Gaia DR3 136464000192315392,15.09,14.97,15.31,2.4809,0.0469,True,True,False,http://localhost/download/files/ZTF19aabldll_spec.tar.gz,http://localhost/download/plots/ZTF19aabldll_plot.tar.gz
https://alerce.online/object/ZTF19acehtsn,2019-10-10 12:33:00,89.52457,-0.18778,https://simbad.u-strasbg.fr/simbad/sim-id?Ident=PNV%20J05580574-0011155,cataclyv*,0.08398,Gaia DR3 3218565547214437632,17.82,17.83,17.76,3.3629,0.1203,True,True,True,http://localhost/download/files/ZTF19acehtsn_spec.tar.gz,http://localhost/download/plots/ZTF19acehtsn_plot.tar.gz
https://alerce.online/object/ZTF18aaeaftr,2019-10-13 11:17:32,116.38268,45.64119,https://simbad.u-strasbg.fr/simbad/sim-id?Ident=V%2A%20EQ%20Lyn,cataclyv*,1.778452,Gaia DR3 927255749553754880,18.94,19.04,18.71,3.2229,0.2218,True,True,False,http://localhost/download/files/ZTF18aaeaftr_spec.tar.gz,http://localhost/download/plots/ZTF18aaeaftr_plot.tar.gz
https://alerce.online/object/ZTF19acgeazr,2019-10-14 11:58:06,124.93311,-8.14118,https://simbad.u-strasbg.fr/simbad/sim-id?Ident=GALEX%20J081944.0-080828,hotsubdwarf_candidate,0.472089,Gaia DR3 3063029873596506240,17.24,17.29,17.13,0.5208,0.0801,True,True,False,http://localhost/download/files/ZTF19acgeazr_spec.tar.gz,http://localhost/download/plots/ZTF19acgeazr_plot.tar.gz
https://alerce.online/object/ZTF19acevxis,2019-10-15 10:09:31,83.55090,-4.83533,https://simbad.u-strasbg.fr/simbad/sim-id?Ident=V%2A%20BT%20Ori,orionv*,0.022337,Gaia DR3 3209598587511656576,17.39,17.99,16.31,2.2292,0.1099,True,False,False,N/A,N/A
https://alerce.online/object/ZTF19ackxojn,2019-10-18 03:45:45,8.72910,61.66399,N/A,N/A,,Gaia DR3 430261650400509440,17.03,17.29,16.60,0.4224,0.0556,True,True,False,http://localhost/download/files/ZTF19ackxojn_spec.tar.gz,http://localhost/download/plots/ZTF19ackxojn_plot.tar.gz
https://alerce.online/object/ZTF19actghif,2019-10-19 02:57:08,302.25452,24.91082,https://simbad.u-strasbg.fr/simbad/sim-id?Ident=Gaia%20DR3%201833970315518040448,hotsubdwarf_candidate,0.09957,Gaia DR3 1833970315518040448,14.91,15.12,14.50,1.3682,0.0193,True,True,False,http://localhost/download/files/ZTF19actghif_spec.tar.gz,http://localhost/download/plots/ZTF19actghif_plot.tar.gz
https://alerce.online/object/ZTF19aclcfij,2019-10-19 07:32:55,38.61576,-4.90857,https://simbad.u-strasbg.fr/simbad/sim-id?Ident=PHL%20%201364,cataclyv*,0.780376,Gaia DR3 2488974302977323008,15.20,15.22,15.02,12.2825,0.0296,True,True,True,http://localhost/download/files/ZTF19aclcfij_spec.tar.gz,http://localhost/download/plots/ZTF19aclcfij_plot.tar.gz
https://alerce.online/object/ZTF19actbpyx,2019-10-20 04:43:59,313.05317,44.32393,https://simbad.u-strasbg.fr/simbad/sim-id?Ident=EM%2A%20LkHA%20%20170,ae*,0.186637,Gaia DR3 2162954949132840192,14.27,14.45,13.93,1.3090,0.0168,True,True,True,http://localhost/download/files/ZTF19actbpyx_spec.tar.gz,http://localhost/download/plots/ZTF19actbpyx_plot.tar.gz
https://alerce.online/object/ZTF17aaarxct,2019-10-20 11:03:17,83.97818,-4.97224,https://simbad.u-strasbg.fr/simbad/sim-id?Ident=V%2A%20V2620%20Ori,orionv*,0.041078,Gaia DR3 3209555225521941760,17.15,17.56,16.08,2.0560,0.1872,True,False,False,N/A,N/A
https://alerce.online/object/ZTF19acnpqpb,2019-10-21 12:02:02,119.20472,-17.54021,https://simbad.u-strasbg.fr/simbad/sim-id?Ident=ATO%20J119.2047-17.5402,variable*,0.072336,Gaia DR3 5717979678745107712,17.67,17.97,17.10,0.8188,0.0992,True,False,False,N/A,N/A
https://alerce.online/object/ZTF18acnbflg,2019-10-22 11:49:56,119.25557,63.10058,https://simbad.u-strasbg.fr/simbad/sim-id?Ident=V%2A%20HT%20Cam,cataclyv*,0.096642,Gaia DR3 1088338463629882624,16.60,16.70,16.28,2.7501,0.0467,True,True,True,http://localhost/download/files/ZTF18acnbflg_spec.tar.gz,http://localhost/download/plots/ZTF18acnbflg_plot.tar.gz
https://alerce.online/object/ZTF18acyvejc,2019-10-23 12:33:50,88.44239,-21.18576,https://simbad.u-strasbg.fr/simbad/sim-id?Ident=Gaia%20DR2%202917752153837022080,star,0.125779,Gaia DR3 2917752153837022080,18.07,18.82,17.15,5.1491,0.1094,True,False,False,N/A,N/A
https://alerce.online/object/ZTF19acuoybf,2019-10-25 09:16:53,62.14574,51.24670,https://simbad.u-strasbg.fr/simbad/sim-id?Ident=V%2A%20FO%20Per,cataclyv*,0.016483,Gaia DR3 250700853140894976,16.15,16.59,15.59,1.6686,0.0604,True,True,False,http://localhost/download/files/ZTF19acuoybf_spec.tar.gz,http://localhost/download/plots/ZTF19acuoybf_plot.tar.gz
https://alerce.online/object/ZTF18adibadz,2019-10-29 05:18:10,357.17981,25.04717,https://simbad.u-strasbg.fr/simbad/sim-id?Ident=SDSS%20J234843.14%2B250249.9,cataclyv*,0.319088,Gaia DR3 2852495455827670400,20.08,20.15,19.83,2.0320,0.3187,True,False,False,N/A,N/A
https://alerce.online/object/ZTF19aabkzqt,2019-11-01 06:01:21,15.51027,-5.89830,N/A,N/A,,Gaia DR3 2524831503167265664,18.90,19.07,18.38,3.3030,0.2986,True,False,False,N/A,N/A
https://alerce.online/object/ZTF19acyobeq,2019-11-16 06:32:06,38.61578,-4.90857,https://simbad.u-strasbg.fr/simbad/sim-id?Ident=PHL%20%201364,cataclyv*,0.846868,Gaia DR3 2488974302977323008,15.20,15.22,15.02,12.2825,0.0296,True,True,True,http://localhost/download/files/ZTF19acyobeq_spec.tar.gz,http://localhost/download/plots/ZTF19acyobeq_plot.tar.gz
https://alerce.online/object/ZTF19actfrmy,2019-11-17 12:32:23,122.04855,-20.64304,N/A,N/A,,Gaia DR3 5713019433892628864,16.76,17.03,16.24,0.6435,0.1075,True,True,False,http://localhost/download/files/ZTF19actfrmy_spec.tar.gz,http://localhost/download/plots/ZTF19actfrmy_plot.tar.gz
https://alerce.online/object/ZTF19acslqoh,2019-11-18 08:56:15,85.70287,60.85870,https://simbad.u-strasbg.fr/simbad/sim-id?Ident=V%2A%20BY%20Cam,cataclyv*,0.829051,Gaia DR3 283187642167998720,15.02,15.33,14.44,3.7494,0.0263,True,True,True,http://localhost/download/files/ZTF19acslqoh_spec.tar.gz,http://localhost/download/plots/ZTF19acslqoh_plot.tar.gz
https://alerce.online/object/ZTF20aaeaytf,2019-12-13 07:33:27,72.82017,1.07382,https://simbad.u-strasbg.fr/simbad/sim-id?Ident=UCAC4%20456-007634,ellipvar,0.86001,Gaia DR3 3231653210215464832,15.34,15.53,15.02,3.4062,0.0327,True,True,False,http://localhost/download/files/ZTF20aaeaytf_spec.tar.gz,http://localhost/download/plots/ZTF20aaeaytf_plot.tar.gz
https://alerce.online/object/ZTF19aamkgew,2019-12-13 13:03:47,165.90232,-21.62942,https://simbad.u-strasbg.fr/simbad/sim-id?Ident=V%2A%20TU%20Crt,cataclyv*,0.313656,Gaia DR3 3551116004427251328,17.76,18.00,17.22,3.1216,0.0995,True,False,False,N/A,N/A
https://alerce.online/object/ZTF19adaibkq,2019-12-16 10:40:11,146.21060,83.92552,https://simbad.u-strasbg.fr/simbad/sim-id?Ident=Gaia%20DR3%201147426493385107328,whitedwarf,0.586015,Gaia DR3 1147426493385107328,15.88,15.92,15.63,2.9579,0.0308,True,True,False,http://localhost/download/files/ZTF19adaibkq_spec.tar.gz,http://localhost/download/plots/ZTF19adaibkq_plot.tar.gz
https://alerce.online/object/ZTF19aczjscp,2019-12-18 11:04:07,137.57276,-20.13685,https://simbad.u-strasbg.fr/simbad/sim-id?Ident=CRTS%20CSS150211%20J091017-200813,cataclyv*,0.274313,Gaia DR3 5679545150277507328,19.37,19.43,19.00,1.3526,0.1354,True,True,False,http://localhost/download/files/ZTF19aczjscp_spec.tar.gz,http://localhost/download/plots/ZTF19aczjscp_plot.tar.gz
https://alerce.online/object/ZTF20aaehyyx,2019-12-18 12:21:54,140.04670,33.94515,https://simbad.u-strasbg.fr/simbad/sim-id?Ident=V%2A%20BK%20Lyn,cataclyv*,0.21429,Gaia DR3 702296666944246784,14.49,14.50,14.44,1.8957,0.0293,True,True,False,http://localhost/download/files/ZTF20aaehyyx_spec.tar.gz,http://localhost/download/plots/ZTF20aaehyyx_plot.tar.gz
https://alerce.online/object/ZTF19aarmtup,2019-12-19 09:48:18,116.27225,23.06417,N/A,N/A,,Gaia DR3 867096825537213312,19.52,20.22,18.73,2.0890,0.3662,True,False,False,N/A,N/A
https://alerce.online/object/ZTF20aabiqdm,2019-12-20 10:29:38,120.06689,19.28106,N/A,N/A,,Gaia DR3 670077437195412992,15.85,15.92,15.08,1.1818,0.1440,True,False,False,N/A,N/A
https://alerce.online/object/ZTF17aaassgp,2019-12-29 06:04:20,83.93370,-5.14377,https://simbad.u-strasbg.fr/simbad/sim-id?Ident=V%2A%20V388%20Ori,orionv*,0.050067,Gaia DR3 3209529421358437248,17.91,18.48,16.87,2.7482,0.1217,True,False,False,N/A,N/A
https://alerce.online/object/ZTF20aajbyar,2019-12-29 11:11:15,178.06546,49.24485,https://simbad.u-strasbg.fr/simbad/sim-id?Ident=V%2A%20BC%20UMa,cataclyv*,1.284223,Gaia DR3 787683052032971904,18.31,18.45,18.00,3.3919,0.1259,True,True,False,http://localhost/download/files/ZTF20aajbyar_spec.tar.gz,http://localhost/download/plots/ZTF20aajbyar_plot.tar.gz
https://alerce.online/object/ZTF20aaacyfe,2020-01-01 03:47:46,58.74294,43.61022,N/A,N/A,,Gaia DR3 231765128308848640,19.68,21.56,18.24,8.2400,0.4994,True,False,False,N/A,N/A
https://alerce.online/object/ZTF20aaaejmy,2020-01-01 04:24:04,48.25230,52.11282,https://simbad.u-strasbg.fr/simbad/sim-id?Ident=Gaia%20DR3%20445943327607739520,whitedwarf,0.655793,Gaia DR3 445943327607739520,18.94,19.07,18.68,5.9508,0.2539,True,True,False,http://localhost/download/files/ZTF20aaaejmy_spec.tar.gz,http://localhost/download/plots/ZTF20aaaejmy_plot.tar.gz
https://alerce.online/object/ZTF19aapxbvg,2020-01-01 11:25:03,104.74239,63.24110,N/A,N/A,,Gaia DR3 1100182815202305536,15.97,16.01,15.35,3.9294,0.3907,True,True,False,http://localhost/download/files/ZTF19aapxbvg_spec.tar.gz,http://localhost/download/plots/ZTF19aapxbvg_plot.tar.gz
https://alerce.online/object/ZTF20aacbojc,2020-01-03 11:02:10,150.48110,-24.54990,https://simbad.u-strasbg.fr/simbad/sim-id?Ident=Gaia%20DR3%205659758987564235264,star,0.170077,Gaia DR3 5659758987564235264,19.47,19.43,18.76,1.5114,0.1921,True,False,False,N/A,N/A
https://alerce.online/object/ZTF20aadvvoz,2020-01-05 11:05:50,111.56918,46.63492,N/A,N/A,,Gaia DR3 974655313574164608,17.52,18.15,16.59,3.3936,0.4593,True,True,False,http://localhost/download/files/ZTF20aadvvoz_spec.tar.gz,http://localhost/download/plots/ZTF20aadvvoz_plot.tar.gz
https://alerce.online/object/ZTF20aahnfsl,2020-01-07 07:33:35,115.24888,-17.75193,https://simbad.u-strasbg.fr/simbad/sim-id?Ident=ATO%20J115.2488-17.7519,variable*,0.067379,Gaia DR3 5717210604722373248,17.63,18.03,17.05,0.8521,0.0924,True,True,False,http://localhost/download/files/ZTF20aahnfsl_spec.tar.gz,http://localhost/download/plots/ZTF20aahnfsl_plot.tar.gz
https://alerce.online/object/ZTF20aaekjhw,2020-01-07 08:31:06,130.57953,-26.30481,N/A,N/A,,Gaia DR3 5646372472149835520,19.47,19.57,19.01,1.0667,0.1878,True,False,False,N/A,N/A
https://alerce.online/object/ZTF20aalsmlw,2020-01-11 02:21:22,9.34930,57.40990,https://simbad.u-strasbg.fr/simbad/sim-id?Ident=Lan%20235,uv,3.583229,Gaia DR3 424803846477628928,14.96,14.98,14.51,1.0531,0.0299,True,True,False,http://localhost/download/files/ZTF20aalsmlw_spec.tar.gz,http://localhost/download/plots/ZTF20aalsmlw_plot.tar.gz
https://alerce.online/object/ZTF17aadgufu,2020-01-14 10:16:46,111.24184,23.97524,N/A,N/A,,Gaia DR3 869815647211344512,14.26,14.36,13.53,2.7975,0.5348,True,False,False,N/A,N/A
https://alerce.online/object/ZTF20aamopnj,2020-01-14 11:22:53,204.16993,51.91395,https://simbad.u-strasbg.fr/simbad/sim-id?Ident=V%2A%20UX%20UMa,cataclyv*,1.759518,Gaia DR3 1559987685901122304,12.93,13.00,12.74,3.4252,0.0157,True,True,True,http://localhost/download/files/ZTF20aamopnj_spec.tar.gz,http://localhost/download/plots/ZTF20aamopnj_plot.tar.gz
https://alerce.online/object/ZTF19aanoneh,2020-01-16 07:38:15,153.65662,-15.25556,N/A,N/A,,Gaia DR3 3752663151587305728,18.87,19.42,17.99,4.1773,0.2680,True,False,False,N/A,N/A
https://alerce.online/object/ZTF20aaohuif,2020-01-23 05:21:09,150.75261,64.80809,https://simbad.u-strasbg.fr/simbad/sim-id?Ident=GALEX%20J100300.5%2B644829,whitedwarf_candidate,0.46381,Gaia DR3 1065240198230974848,20.05,19.91,19.91,6.1376,0.4261,True,False,False,N/A,N/A
https://alerce.online/object/ZTF20aakyvwf,2020-01-23 10:13:38,165.34113,40.26213,https://simbad.u-strasbg.fr/simbad/sim-id?Ident=SDSS%20J110121.94%2B401546.1,whitedwarf,2.837373,Gaia DR3 777211372009616512,17.47,17.49,17.46,7.4382,0.1528,True,True,False,http://localhost/download/files/ZTF20aakyvwf_spec.tar.gz,http://localhost/download/plots/ZTF20aakyvwf_plot.tar.gz
https://alerce.online/object/ZTF20aaidnmv,2020-01-25 09:58:19,194.75341,-13.57831,https://simbad.u-strasbg.fr/simbad/sim-id?Ident=CRTS%20J125900.8-133442,cataclyv*_candidate,0.4316,Gaia DR3 3525905023139786880,19.30,19.24,18.86,1.8236,0.3161,True,False,False,N/A,N/A
https://alerce.online/object/ZTF20aajcuoa,2020-01-27 13:03:48,242.62557,44.98350,https://simbad.u-strasbg.fr/simbad/sim-id?Ident=SDSS%20J161030.35%2B445901.7,cataclyv*,2.63922,Gaia DR3 1386167468917461376,19.70,19.74,19.59,2.3539,0.2516,True,False,False,N/A,N/A
https://alerce.online/object/ZTF20aajlzpg,2020-01-28 06:03:23,109.43847,-24.56472,N/A,N/A,,Gaia DR3 5617305847187831808,18.99,19.39,18.26,0.7671,0.1396,True,False,False,N/A,N/A
https://alerce.online/object/ZTF18aceyzdu,2020-01-29 08:17:48,160.68819,37.30556,https://simbad.u-strasbg.fr/simbad/sim-id?Ident=SDSS%20J104245.15%2B371819.8,cataclyv*,0.223771,Gaia DR3 751777469035821312,19.85,19.76,19.04,2.1444,0.4021,True,False,False,N/A,N/A
https://alerce.online/object/ZTF20aakxmre,2020-01-30 06:59:37,121.02996,-13.33079,https://simbad.u-strasbg.fr/simbad/sim-id?Ident=ATO%20J121.0302-13.3307,eclbin_candidate,1.117422,Gaia DR3 5725900285633109376,13.19,13.41,12.56,4.5501,0.5137,True,True,False,http://localhost/download/files/ZTF20aakxmre_spec.tar.gz,http://localhost/download/plots/ZTF20aakxmre_plot.tar.gz
https://alerce.online/object/ZTF19aaafijh,2020-01-30 12:02:28,210.15275,8.24646,https://simbad.u-strasbg.fr/simbad/sim-id?Ident=ZTF%20J140036.65%2B081447.4,eclbin,0.305115,Gaia DR3 3722539002591652480,19.20,19.57,18.55,1.5824,0.3029,True,False,False,N/A,N/A
https://alerce.online/object/ZTF20aanlmpc,2020-02-01 02:46:27,16.92875,48.75512,https://simbad.u-strasbg.fr/simbad/sim-id?Ident=ATO%20J016.9284%2B48.7552,cataclyv*,0.768152,Gaia DR3 401879681868136704,15.06,15.21,14.74,1.3133,0.0325,True,True,True,http://localhost/download/files/ZTF20aanlmpc_spec.tar.gz,http://localhost/download/plots/ZTF20aanlmpc_plot.tar.gz
https://alerce.online/object/ZTF20aaspnnh,2020-02-04 13:20:19,237.84353,71.75320,https://simbad.u-strasbg.fr/simbad/sim-id?Ident=V%2A%20SS%20UMi,cataclyv*,0.589001,Gaia DR3 1696309737421796352,16.86,16.99,16.52,1.8801,0.0419,True,True,True,http://localhost/download/files/ZTF20aaspnnh_spec.tar.gz,http://localhost/download/plots/ZTF20aaspnnh_plot.tar.gz
https://alerce.online/object/ZTF18adfcfrp,2020-02-15 05:33:26,124.68935,-3.39890,https://simbad.u-strasbg.fr/simbad/sim-id?Ident=UCAC4%20434-046513,star,0.129557,Gaia DR3 3069411847104261504,16.28,16.35,16.16,1.1328,0.0530,True,True,False,N/A,N/A
https://alerce.online/object/ZTF20aarbtfp,2020-02-16 02:55:31,5.48483,37.94370,https://simbad.u-strasbg.fr/simbad/sim-id?Ident=ATO%20J005.4850%2B37.9437,rrlyrae,0.300679,Gaia DR3 378807525573579520,16.82,16.79,16.70,1.6708,0.0643,True,True,True,http://localhost/download/files/ZTF20aarbtfp_spec.tar.gz,http://localhost/download/plots/ZTF20aarbtfp_plot.tar.gz
https://alerce.online/object/ZTF20aaogjqf,2020-02-17 04:32:54,103.63256,9.06884,N/A,N/A,,Gaia DR3 3157543755683314432,16.19,16.34,15.27,1.4850,0.1684,True,False,False,N/A,N/A
https://alerce.online/object/ZTF20aaphqqz,2020-02-20 05:59:42,125.49476,-15.62588,https://simbad.u-strasbg.fr/simbad/sim-id?Ident=ASASSN%20-15sm,cataclyv*,0.253486,Gaia DR3 5722202902902766080,19.65,19.83,19.23,1.7140,0.2779,True,False,False,N/A,N/A
https://alerce.online/object/ZTF18aauthvl,2020-03-28 06:51:16,191.07438,30.06688,https://simbad.u-strasbg.fr/simbad/sim-id?Ident=CRTS%20J124417.9%2B300401,cataclyv*,0.693117,Gaia DR3 4011210252842172672,19.82,19.37,18.77,1.7766,0.2469,True,True,False,http://localhost/download/files/ZTF18aauthvl_spec.tar.gz,http://localhost/download/plots/ZTF18aauthvl_plot.tar.gz
https://alerce.online/object/ZTF20aawgpsd,2020-04-01 11:44:59,264.95723,51.45755,N/A,N/A,,Gaia DR3 1368395963695374336,17.08,18.23,16.01,11.7613,0.0579,True,True,False,http://localhost/download/files/ZTF20aawgpsd_spec.tar.gz,http://localhost/download/plots/ZTF20aawgpsd_plot.tar.gz
https://alerce.online/object/ZTF20aaukhxf,2020-04-01 12:37:29,329.81607,61.08901,N/A,N/A,,Gaia DR3 2203244624288543744,18.97,18.91,18.09,2.2194,0.1604,True,False,False,N/A,N/A
https://alerce.online/object/ZTF20aaulboz,2020-04-02 04:32:40,134.83256,-24.48203,https://simbad.u-strasbg.fr/simbad/sim-id?Ident=V%2A%20VZ%20Pyx,cataclyv*,0.336583,Gaia DR3 5652773897568243072,15.42,15.66,14.89,4.0291,0.0336,True,True,True,http://localhost/download/files/ZTF20aaulboz_spec.tar.gz,http://localhost/download/plots/ZTF20aaulboz_plot.tar.gz
https://alerce.online/object/ZTF20aaulbhw,2020-04-02 04:32:40,133.78088,-21.30267,https://simbad.u-strasbg.fr/simbad/sim-id?Ident=2MASS%20J08550742-2118095,cataclyv*_candidate,0.156648,Gaia DR3 5655877711517333888,18.46,18.49,17.75,1.0053,0.0822,True,False,False,N/A,N/A
https://alerce.online/object/ZTF20aaunxky,2020-04-02 11:41:57,326.99287,22.56861,https://simbad.u-strasbg.fr/simbad/sim-id?Ident=ZTF%20J214758.31%2B223407.0,rscvnv*,0.412833,Gaia DR3 1793416233564643328,16.80,17.14,16.26,1.2986,0.0655,True,True,False,http://localhost/download/files/ZTF20aaunxky_spec.tar.gz,http://localhost/download/plots/ZTF20aaunxky_plot.tar.gz
https://alerce.online/object/ZTF20aavgdop,2020-04-17 05:58:10,186.57190,-25.45126,https://simbad.u-strasbg.fr/simbad/sim-id?Ident=ASASSN%20-14ls,cataclyv*,0.515427,Gaia DR3 3500498814116005760,17.69,17.88,17.05,1.1638,0.0897,True,False,False,N/A,N/A
https://alerce.online/object/ZTF20aavhqmz,2020-04-17 07:29:15,208.16204,-24.60209,N/A,N/A,,Gaia DR3 6275015599630324224,19.56,19.71,18.79,1.9158,0.3274,True,True,True,http://localhost/download/files/ZTF20aavhqmz_spec.tar.gz,http://localhost/download/plots/ZTF20aavhqmz_plot.tar.gz
https://alerce.online/object/ZTF20aaenyzt,2020-04-24 10:05:02,251.64097,7.48866,N/A,N/A,,Gaia DR3 4442118029525121920,16.48,16.94,15.70,1.7557,0.2016,True,True,False,http://localhost/download/files/ZTF20aaenyzt_spec.tar.gz,http://localhost/download/plots/ZTF20aaenyzt_plot.tar.gz
https://alerce.online/object/ZTF20aazmmtk,2020-04-24 10:19:45,243.29783,78.20564,N/A,N/A,,Gaia DR3 1707645874102087808,18.35,18.41,17.65,0.6387,0.1074,True,False,False,N/A,N/A
https://alerce.online/object/ZTF20abbfjqu,2020-04-25 09:13:28,255.55535,32.49828,https://simbad.u-strasbg.fr/simbad/sim-id?Ident=V%2A%20V1239%20Her,cataclyv*,0.590761,Gaia DR3 1313538545446290688,17.79,18.22,17.07,3.3064,0.0806,True,True,True,http://localhost/download/files/ZTF20abbfjqu_spec.tar.gz,http://localhost/download/plots/ZTF20abbfjqu_plot.tar.gz
https://alerce.online/object/ZTF20aawyctr,2020-04-27 10:32:23,286.66681,-7.14386,N/A,N/A,,Gaia DR3 4205427810679753472,16.66,16.85,16.31,0.5430,0.0614,True,True,False,http://localhost/download/files/ZTF20aawyctr_spec.tar.gz,http://localhost/download/plots/ZTF20aawyctr_plot.tar.gz
https://alerce.online/object/ZTF20aawzawg,2020-04-28 04:03:45,170.73365,-24.47778,https://simbad.u-strasbg.fr/simbad/sim-id?Ident=CRTS%20J112256.0-242841,eclbin,0.123013,Gaia DR3 3534451634398332416,18.23,18.55,17.47,0.8736,0.1383,True,False,False,N/A,N/A
https://alerce.online/object/ZTF18acbdefc,2020-05-01 10:33:58,259.50722,-20.10090,https://simbad.u-strasbg.fr/simbad/sim-id?Ident=Gaia%20DR3%204122013223600242688,eclbin,0.067144,Gaia DR3 4122013223600242688,17.81,18.27,16.88,1.1581,0.1744,True,False,False,N/A,N/A
https://alerce.online/object/ZTF20aaxyqqv,2020-05-01 11:28:12,315.30209,13.85349,N/A,N/A,,Gaia DR3 1758570545417230848,16.99,17.43,16.21,1.3265,0.1364,True,True,False,http://localhost/download/files/ZTF20aaxyqqv_spec.tar.gz,http://localhost/download/plots/ZTF20aaxyqqv_plot.tar.gz
https://alerce.online/object/ZTF20aazxzed,2020-05-03 06:02:48,189.55612,-3.65943,https://simbad.u-strasbg.fr/simbad/sim-id?Ident=V%2A%20V406%20Vir,cataclyv*,4.08021,Gaia DR3 3681313024562519552,17.66,17.71,17.57,5.8814,0.1051,True,True,False,http://localhost/download/files/ZTF20aazxzed_spec.tar.gz,http://localhost/download/plots/ZTF20aazxzed_plot.tar.gz
https://alerce.online/object/ZTF20aayruov,2020-05-08 04:27:12,161.48747,59.07347,N/A,N/A,,Gaia DR3 855361055035055104,17.64,17.73,17.44,17.3323,0.0925,True,True,False,http://localhost/download/files/ZTF20aayruov_spec.tar.gz,http://localhost/download/plots/ZTF20aayruov_plot.tar.gz
https://alerce.online/object/ZTF20abcbcql,2020-05-12 05:33:35,174.45818,-20.12696,https://simbad.u-strasbg.fr/simbad/sim-id?Ident=GALEX%20J113749.9-200737,whitedwarf_candidate,0.127101,Gaia DR3 3541998025080414336,18.84,18.90,18.64,4.2486,0.2446,True,True,True,http://localhost/download/files/ZTF20abcbcql_spec.tar.gz,http://localhost/download/plots/ZTF20abcbcql_plot.tar.gz
https://alerce.online/object/ZTF19acarqhl,2020-05-16 09:40:25,273.62437,61.39272,https://simbad.u-strasbg.fr/simbad/sim-id?Ident=HS%201813%2B6122,cataclyv*,0.620574,Gaia DR3 2158980729992107776,15.25,15.31,15.09,1.2152,0.0247,True,True,True,http://localhost/download/files/ZTF19acarqhl_spec.tar.gz,http://localhost/download/plots/ZTF19acarqhl_plot.tar.gz
https://alerce.online/object/ZTF19abweswy,2020-05-17 11:08:28,305.31327,8.24323,N/A,N/A,,Gaia DR3 4250266345831152256,16.89,16.87,15.84,3.8313,0.4039,True,True,False,http://localhost/download/files/ZTF19abweswy_spec.tar.gz,http://localhost/download/plots/ZTF19abweswy_plot.tar.gz
https://alerce.online/object/ZTF20abaimmk,2020-05-18 04:19:48,132.33576,67.74481,N/A,N/A,,Gaia DR3 1093242972684236032,20.37,21.27,19.11,3.0019,0.4840,True,False,False,N/A,N/A
https://alerce.online/object/ZTF20abajnbk,2020-05-18 05:02:10,185.10051,-18.45061,https://simbad.u-strasbg.fr/simbad/sim-id?Ident=V%2A%20TV%20Crv,cataclyv*,0.649382,Gaia DR3 3519860496622195072,18.67,18.82,18.37,3.1215,0.1548,True,True,True,http://localhost/download/files/ZTF20abajnbk_spec.tar.gz,http://localhost/download/plots/ZTF20abajnbk_plot.tar.gz
https://alerce.online/object/ZTF19acruehq,2020-05-18 10:53:03,333.80046,25.70402,https://simbad.u-strasbg.fr/simbad/sim-id?Ident=GALEX%20J221511.9%2B254214,whitedwarf,1.560168,Gaia DR3 1879996830017039872,18.05,18.08,18.02,5.8665,0.1501,True,True,False,http://localhost/download/files/ZTF19acruehq_spec.tar.gz,http://localhost/download/plots/ZTF19acruehq_plot.tar.gz
https://alerce.online/object/ZTF20abasbxw,2020-05-18 10:53:45,334.63657,19.42217,https://simbad.u-strasbg.fr/simbad/sim-id?Ident=RX%20J2218.5%2B1925,cataclyv*,0.703413,Gaia DR3 1777232423131443840,17.31,17.58,16.75,4.1274,0.1038,True,True,True,http://localhost/download/files/ZTF20abasbxw_spec.tar.gz,http://localhost/download/plots/ZTF20abasbxw_plot.tar.gz
https://alerce.online/object/ZTF20abbiypc,2020-05-24 07:05:00,239.86194,-23.27206,N/A,N/A,,Gaia DR3 6237122305775916544,17.99,18.37,17.42,1.1045,0.1471,True,False,False,N/A,N/A
https://alerce.online/object/ZTF20abbyybe,2020-05-26 10:55:24,295.17753,-0.97182,N/A,N/A,,Gaia DR3 4238327917309119104,17.79,18.28,16.89,1.1019,0.1740,True,False,False,N/A,N/A
https://alerce.online/object/ZTF19acbkjgu,2020-05-29 08:57:59,273.13103,67.07930,https://simbad.u-strasbg.fr/simbad/sim-id?Ident=V%2A%20IX%20Dra,cataclyv*,0.367168,Gaia DR3 2257709040148720640,17.22,17.24,16.88,1.3296,0.0399,True,True,False,http://localhost/download/files/ZTF19acbkjgu_spec.tar.gz,http://localhost/download/plots/ZTF19acbkjgu_plot.tar.gz
https://alerce.online/object/ZTF20abicfas,2020-06-10 08:24:16,324.48364,43.77760,N/A,N/A,,Gaia DR3 1967765006407778688,17.74,18.06,17.18,0.7439,0.0795,True,False,False,N/A,N/A
https://alerce.online/object/ZTF20abejyfp,2020-06-11 06:01:53,229.97990,-25.00656,https://simbad.u-strasbg.fr/simbad/sim-id?Ident=V%2A%20GW%20Lib,nova,2.373758,Gaia DR3 6226943645600487552,16.47,16.50,16.33,8.8457,0.0612,True,True,True,http://localhost/download/files/ZTF20abejyfp_spec.tar.gz,http://localhost/download/plots/ZTF20abejyfp_plot.tar.gz
https://alerce.online/object/ZTF19aaxhsng,2020-06-13 05:32:01,275.16223,-12.46034,N/A,N/A,,Gaia DR3 4152844148118986752,17.01,17.29,16.43,0.7405,0.0984,True,False,False,N/A,N/A
https://alerce.online/object/ZTF20abhzbki,2020-06-16 11:09:52,326.11026,22.34015,https://simbad.u-strasbg.fr/simbad/sim-id?Ident=CRTS%20J214426.4%2B222024,cataclyv*,0.509652,Gaia DR3 1794142701512576256,17.13,17.46,16.61,0.9582,0.0919,True,True,False,http://localhost/download/files/ZTF20abhzbki_spec.tar.gz,http://localhost/download/plots/ZTF20abhzbki_plot.tar.gz
https://alerce.online/object/ZTF20abgbycw,2020-06-18 09:24:39,14.76807,46.24663,https://simbad.u-strasbg.fr/simbad/sim-id?Ident=2MASS%20J00590436%2B4614479,cataclyv*,0.135011,Gaia DR3 377904796464796416,17.49,17.71,17.07,2.2678,0.0966,True,True,True,http://localhost/download/files/ZTF20abgbycw_spec.tar.gz,http://localhost/download/plots/ZTF20abgbycw_plot.tar.gz
https://alerce.online/object/ZTF18abuevfy,2020-06-18 09:28:18,357.12623,41.90665,https://simbad.u-strasbg.fr/simbad/sim-id?Ident=SDSS%20J234830.31%2B415424.5,whitedwarf,0.680289,Gaia DR3 1922103314998765952,18.04,18.07,18.01,5.7111,0.1260,True,True,False,http://localhost/download/files/ZTF18abuevfy_spec.tar.gz,http://localhost/download/plots/ZTF18abuevfy_plot.tar.gz
https://alerce.online/object/ZTF20abjckje,2020-06-18 11:16:33,3.90960,26.61569,https://simbad.u-strasbg.fr/simbad/sim-id?Ident=CRTS%20J001538.3%2B263657,cataclyv*,0.936763,Gaia DR3 2856493142666940544,17.66,17.85,17.12,1.8044,0.1065,True,True,False,http://localhost/download/files/ZTF20abjckje_spec.tar.gz,http://localhost/download/plots/ZTF20abjckje_plot.tar.gz
https://alerce.online/object/ZTF20abodsik,2020-06-23 11:30:00,318.03894,-8.82727,https://simbad.u-strasbg.fr/simbad/sim-id?Ident=V%2A%20VY%20Aqr,cataclyv*,1.963665,Gaia DR3 6896767366186700416,16.82,16.94,16.38,7.0526,0.0925,True,True,True,http://localhost/download/files/ZTF20abodsik_spec.tar.gz,http://localhost/download/plots/ZTF20abodsik_plot.tar.gz
https://alerce.online/object/ZTF18abfnxjh,2020-06-27 08:32:53,272.33717,-22.19916,https://simbad.u-strasbg.fr/simbad/sim-id?Ident=%5BMTR2015%5D%20OW%20J180920.9-221156.9,variable*_candidate,0.182561,Gaia DR3 4069746667078983936,16.35,16.53,16.02,0.8300,0.0544,True,True,False,http://localhost/download/files/ZTF18abfnxjh_spec.tar.gz,http://localhost/download/plots/ZTF18abfnxjh_plot.tar.gz
https://alerce.online/object/ZTF20abmazsa,2020-06-29 06:32:22,291.30579,-19.46772,https://simbad.u-strasbg.fr/simbad/sim-id?Ident=Gaia%20DR3%204083308322658549120,eclbin,1.625015,Gaia DR3 4083308322658549120,14.71,15.63,13.68,14.5828,0.0485,True,True,True,http://localhost/download/files/ZTF20abmazsa_spec.tar.gz,http://localhost/download/plots/ZTF20abmazsa_plot.tar.gz
https://alerce.online/object/ZTF18abgwuvg,2020-06-30 08:30:12,272.92702,-19.31222,N/A,N/A,,Gaia DR3 4095463973487249536,15.13,15.65,14.44,6.3750,0.7695,True,False,False,N/A,N/A
https://alerce.online/object/ZTF20abnrdev,2020-07-01 08:02:49,303.26671,15.59615,https://simbad.u-strasbg.fr/simbad/sim-id?Ident=V%2A%20V1101%20Aql,cataclyv*,0.035278,Gaia DR3 1808517927003421056,14.85,14.88,14.53,1.4212,0.0230,True,True,False,http://localhost/download/files/ZTF20abnrdev_spec.tar.gz,http://localhost/download/plots/ZTF20abnrdev_plot.tar.gz
https://alerce.online/object/ZTF20abkmtmq,2020-07-02 07:53:40,295.46505,75.43682,https://simbad.u-strasbg.fr/simbad/sim-id?Ident=1RXS%20J194151.4%2B752621,cataclyv*,0.145219,Gaia DR3 2289161218797635328,19.79,19.99,19.22,2.1079,0.3776,True,False,False,N/A,N/A
https://alerce.online/object/ZTF20abjvcve,2020-07-07 08:32:33,280.71139,-27.91034,N/A,N/A,,Gaia DR3 4071771142855297920,18.57,19.19,17.70,1.1467,0.2054,True,False,False,N/A,N/A
https://alerce.online/object/ZTF18aczfhlf,2020-07-12 08:32:26,317.87745,-12.27302,N/A,N/A,,Gaia DR3 6885995622568383104,18.70,18.92,18.25,1.4908,0.2352,True,False,False,N/A,N/A
https://alerce.online/object/ZTF18abqxbyt,2020-07-18 10:05:09,22.88481,-9.02291,https://simbad.u-strasbg.fr/simbad/sim-id?Ident=V%2A%20GY%20Cet,cataclyv*,0.555868,Gaia DR3 2477023401857408640,18.52,18.60,18.30,3.7117,0.1806,True,True,True,http://localhost/download/files/ZTF18abqxbyt_spec.tar.gz,http://localhost/download/plots/ZTF18abqxbyt_plot.tar.gz
https://alerce.online/object/ZTF18aaadtna,2020-07-18 10:26:03,47.43842,29.88072,https://simbad.u-strasbg.fr/simbad/sim-id?Ident=CRTS%20J030945.2%2B295251,cataclyv*,0.243412,Gaia DR3 122905986733183616,19.13,19.36,18.61,2.4020,0.2011,True,True,False,http://localhost/download/files/ZTF18aaadtna_spec.tar.gz,http://localhost/download/plots/ZTF18aaadtna_plot.tar.gz
https://alerce.online/object/ZTF20abutudt,2020-07-21 10:21:43,32.53484,57.18918,https://simbad.u-strasbg.fr/simbad/sim-id?Ident=V%2A%20UV%20Per,cataclyv*,0.747762,Gaia DR3 457106501671769472,17.75,17.72,17.23,4.0178,0.1057,True,True,True,http://localhost/download/files/ZTF20abutudt_spec.tar.gz,http://localhost/download/plots/ZTF20abutudt_plot.tar.gz
https://alerce.online/object/ZTF18aazufsq,2020-07-24 06:44:28,296.13282,45.96478,https://simbad.u-strasbg.fr/simbad/sim-id?Ident=ZTF%20J1944%2B4557,whitedwarf_candidate,0.451228,Gaia DR3 2080201713998110336,19.37,19.32,19.53,2.3201,0.2206,True,False,False,N/A,N/A
https://alerce.online/object/ZTF20abrneeq,2020-07-30 11:21:12,27.38881,51.28746,N/A,N/A,,Gaia DR3 406077823422488704,13.09,13.14,12.46,2.9070,0.5778,True,True,False,http://localhost/download/files/ZTF20abrneeq_spec.tar.gz,http://localhost/download/plots/ZTF20abrneeq_plot.tar.gz
https://alerce.online/object/ZTF19acamcwf,2020-08-04 06:05:45,350.78530,18.41628,https://simbad.u-strasbg.fr/simbad/sim-id?Ident=V%2A%20IP%20Peg,cataclyv*,1.088557,Gaia DR3 2824150286583562496,14.67,15.26,13.87,7.0930,0.0377,True,True,True,http://localhost/download/files/ZTF19acamcwf_spec.tar.gz,http://localhost/download/plots/ZTF19acamcwf_plot.tar.gz
https://alerce.online/object/ZTF20abylzba,2020-08-06 07:24:09,316.64431,72.52066,https://simbad.u-strasbg.fr/simbad/sim-id?Ident=Gaia%20DR3%202273583445431091584,star,1.969224,Gaia DR3 2273583445431091584,16.04,16.77,15.09,17.7108,0.0367,True,True,False,http://localhost/download/files/ZTF20abylzba_spec.tar.gz,http://localhost/download/plots/ZTF20abylzba_plot.tar.gz
https://alerce.online/object/ZTF20abvwnbs,2020-08-23 07:59:25,299.08452,14.55816,N/A,N/A,,Gaia DR3 1807410924963658240,16.54,16.86,15.91,1.0567,0.1957,True,True,False,http://localhost/download/files/ZTF20abvwnbs_spec.tar.gz,http://localhost/download/plots/ZTF20abvwnbs_plot.tar.gz
https://alerce.online/object/ZTF20abxjztu,2020-08-28 10:54:31,348.67599,48.20184,N/A,N/A,,Gaia DR3 1942507025294796928,18.96,19.80,18.00,1.4708,0.2097,True,False,False,N/A,N/A
https://alerce.online/object/ZTF20abyqqgd,2020-08-29 06:45:09,324.52828,26.33269,https://simbad.u-strasbg.fr/simbad/sim-id?Ident=MASTER%20OT%20J213806.60%2B261957.0,cataclyv*,2.738854,Gaia DR3 1800384942558699008,15.64,15.67,15.30,10.0791,0.0374,True,True,True,http://localhost/download/files/ZTF20abyqqgd_spec.tar.gz,http://localhost/download/plots/ZTF20abyqqgd_plot.tar.gz
https://alerce.online/object/ZTF20abxotgn,2020-08-29 11:01:09,27.97663,31.70623,N/A,N/A,,Gaia DR3 304434673580105472,16.66,16.86,15.74,2.7377,0.3472,True,True,False,http://localhost/download/files/ZTF20abxotgn_spec.tar.gz,http://localhost/download/plots/ZTF20abxotgn_plot.tar.gz
https://alerce.online/object/ZTF20acbahug,2020-08-30 05:42:14,287.93032,23.05830,N/A,N/A,,Gaia DR3 4521227517501677056,15.60,15.73,15.17,0.9434,0.0291,True,True,False,http://localhost/download/files/ZTF20acbahug_spec.tar.gz,http://localhost/download/plots/ZTF20acbahug_plot.tar.gz
https://alerce.online/object/ZTF19acgtqbx,2020-08-30 11:26:47,48.50297,57.63038,N/A,N/A,,Gaia DR3 460138611132953728,19.02,19.58,18.08,1.7338,0.2179,True,False,False,N/A,N/A
https://alerce.online/object/ZTF20abyhfqz,2020-09-04 03:41:22,287.93039,23.05827,N/A,N/A,,Gaia DR3 4521227517501677056,15.60,15.73,15.17,0.9434,0.0291,True,True,False,http://localhost/download/files/ZTF20abyhfqz_spec.tar.gz,http://localhost/download/plots/ZTF20abyhfqz_plot.tar.gz
https://alerce.online/object/ZTF20abxcqeh,2020-09-05 07:59:09,308.13709,16.75377,https://simbad.u-strasbg.fr/simbad/sim-id?Ident=ZTF%20J203232.91%2B164513.5,bydrav*,0.176226,Gaia DR3 1811695648736773888,15.37,15.46,14.85,1.1006,0.1995,True,True,False,http://localhost/download/files/ZTF20abxcqeh_spec.tar.gz,http://localhost/download/plots/ZTF20abxcqeh_plot.tar.gz
https://alerce.online/object/ZTF19aasggek,2020-09-06 05:04:24,289.62191,28.19924,N/A,N/A,,Gaia DR3 2037992360281661952,20.14,20.39,18.14,3.8646,0.6272,True,False,False,N/A,N/A
https://alerce.online/object/ZTF20abywpfj,2020-09-07 09:46:38,65.58350,50.12020,https://simbad.u-strasbg.fr/simbad/sim-id?Ident=ASASSN%20-20lr,star,0.336252,Gaia DR3 270650185953298688,19.66,19.83,19.38,2.1878,0.3980,True,False,False,N/A,N/A
https://alerce.online/object/ZTF20acddpdh,2020-09-20 09:25:21,43.20726,48.35182,N/A,N/A,,Gaia DR3 437840206086298496,17.21,17.25,16.14,2.0380,0.3398,True,True,False,http://localhost/download/files/ZTF20acddpdh_spec.tar.gz,http://localhost/download/plots/ZTF20acddpdh_plot.tar.gz
https://alerce.online/object/ZTF20acmlxdc,2020-09-24 08:08:43,14.75165,75.00115,https://simbad.u-strasbg.fr/simbad/sim-id?Ident=ASASSN%20-14ge,cataclyv*,0.185142,Gaia DR3 538864154783463680,17.42,17.75,16.69,0.8933,0.0562,True,True,False,http://localhost/download/files/ZTF20acmlxdc_spec.tar.gz,http://localhost/download/plots/ZTF20acmlxdc_plot.tar.gz
https://alerce.online/object/ZTF20acniepu,2020-09-24 10:10:41,99.22934,55.96113,N/A,N/A,,Gaia DR3 995076439957933696,17.99,18.18,17.61,2.2281,0.1713,True,False,False,N/A,N/A
https://alerce.online/object/ZTF20acjkfad,2020-09-25 05:29:52,306.23720,17.29812,https://simbad.u-strasbg.fr/simbad/sim-id?Ident=V%2A%20CM%20Del,cataclyv*,1.040726,Gaia DR3 1815021160316471808,13.88,13.95,13.67,2.5133,0.0193,True,True,False,http://localhost/download/files/ZTF20acjkfad_spec.tar.gz,http://localhost/download/plots/ZTF20acjkfad_plot.tar.gz
https://alerce.online/object/ZTF19adavmos,2020-09-28 12:41:26,107.85815,44.06801,https://simbad.u-strasbg.fr/simbad/sim-id?Ident=V%2A%20V808%20Aur,cataclyv*,0.606359,Gaia DR3 950114317120915840,16.76,16.92,16.19,4.6760,0.0742,True,True,True,http://localhost/download/files/ZTF19adavmos_spec.tar.gz,http://localhost/download/plots/ZTF19adavmos_plot.tar.gz
https://alerce.online/object/ZTF20acntest,2020-09-30 12:35:50,129.17771,53.47731,https://simbad.u-strasbg.fr/simbad/sim-id?Ident=V%2A%20SW%20UMa,cataclyv*,0.948974,Gaia DR3 1030279027003254784,16.61,16.72,16.29,6.2002,0.0602,True,True,True,http://localhost/download/files/ZTF20acntest_spec.tar.gz,http://localhost/download/plots/ZTF20acntest_plot.tar.gz
https://alerce.online/object/ZTF20achvdsc,2020-10-02 11:28:24,119.21593,5.20272,N/A,N/A,,Gaia DR3 3095594723654890496,18.59,18.63,18.20,1.8861,0.3565,True,False,False,N/A,N/A
https://alerce.online/object/ZTF20acomuxl,2020-10-07 02:45:34,275.17748,9.56302,N/A,N/A,,Gaia DR3 4481840605800567296,15.96,16.12,15.63,0.9279,0.0491,True,True,False,http://localhost/download/files/ZTF20acomuxl_spec.tar.gz,http://localhost/download/plots/ZTF20acomuxl_plot.tar.gz
https://alerce.online/object/ZTF20acowocn,2020-10-08 10:15:45,48.71704,2.10190,https://simbad.u-strasbg.fr/simbad/sim-id?Ident=KUV%2003123%2B0155,whitedwarf,0.513011,Gaia DR3 3268781381421578112,17.06,17.16,16.69,2.3026,0.0919,True,True,True,http://localhost/download/files/ZTF20acowocn_spec.tar.gz,http://localhost/download/plots/ZTF20acowocn_plot.tar.gz
https://alerce.online/object/ZTF20acodcxq,2020-10-14 12:08:31,146.64363,13.84937,https://simbad.u-strasbg.fr/simbad/sim-id?Ident=V%2A%20HY%20Leo,xraybin,0.127437,Gaia DR3 614650192750888320,16.96,17.01,16.53,0.7524,0.0708,True,True,True,http://localhost/download/files/ZTF20acodcxq_spec.tar.gz,http://localhost/download/plots/ZTF20acodcxq_plot.tar.gz
https://alerce.online/object/ZTF19aboxnsi,2020-10-17 02:38:19,287.93030,23.05831,N/A,N/A,,Gaia DR3 4521227517501677056,15.60,15.73,15.17,0.9434,0.0291,True,True,False,http://localhost/download/files/ZTF19aboxnsi_spec.tar.gz,http://localhost/download/plots/ZTF19aboxnsi_plot.tar.gz
https://alerce.online/object/ZTF20ackrvno,2020-10-18 12:08:08,161.56654,20.35780,https://simbad.u-strasbg.fr/simbad/sim-id?Ident=Ton%20%201285,whitedwarf,0.529471,Gaia DR3 3986794909951986432,16.22,16.07,16.54,3.2158,0.0659,True,True,False,http://localhost/download/files/ZTF20ackrvno_spec.tar.gz,http://localhost/download/plots/ZTF20ackrvno_plot.tar.gz
https://alerce.online/object/ZTF20aclulaz,2020-10-20 11:33:14,115.47697,-9.45981,https://simbad.u-strasbg.fr/simbad/sim-id?Ident=Gaia%20DR3%203040870861710641152,eclbin,0.332326,Gaia DR3 3040870861710641152,18.79,19.28,17.95,3.0482,0.2613,True,False,False,N/A,N/A
https://alerce.online/object/ZTF19aasrzai,2020-10-21 04:07:17,302.13385,15.44807,https://simbad.u-strasbg.fr/simbad/sim-id?Ident=GALEX%20J200832.1%2B152653,whitedwarf,0.344823,Gaia DR3 1807058703279721600,17.15,17.28,16.94,12.3759,0.0780,True,True,False,http://localhost/download/files/ZTF19aasrzai_spec.tar.gz,http://localhost/download/plots/ZTF19aasrzai_plot.tar.gz
https://alerce.online/object/ZTF20acpkkdw,2020-10-22 04:11:24,345.97651,52.33732,https://simbad.u-strasbg.fr/simbad/sim-id?Ident=Gaia%20DR3%201995394702823596544,eclbin,0.321572,Gaia DR3 1995394702823596544,16.42,16.67,15.95,0.6996,0.0385,True,True,False,http://localhost/download/files/ZTF20acpkkdw_spec.tar.gz,http://localhost/download/plots/ZTF20acpkkdw_plot.tar.gz
https://alerce.online/object/ZTF20acuafnq,2020-10-30 11:07:50,119.72083,16.27921,https://simbad.u-strasbg.fr/simbad/sim-id?Ident=V%2A%20DW%20Cnc,cataclyv*,0.599627,Gaia DR3 667150159287327360,15.45,15.47,15.12,4.8818,0.0395,True,True,True,http://localhost/download/files/ZTF20acuafnq_spec.tar.gz,http://localhost/download/plots/ZTF20acuafnq_plot.tar.gz
https://alerce.online/object/ZTF18achfxrt,2020-11-05 03:20:01,332.27396,-3.77170,https://simbad.u-strasbg.fr/simbad/sim-id?Ident=V%2A%20UU%20Aqr,cataclyv*,0.469275,Gaia DR3 2675351827511262720,13.51,13.71,13.20,3.8487,0.0198,True,True,True,http://localhost/download/files/ZTF18achfxrt_spec.tar.gz,http://localhost/download/plots/ZTF18achfxrt_plot.tar.gz
https://alerce.online/object/ZTF20acrbmxd,2020-11-12 07:51:50,113.42271,67.53762,https://simbad.u-strasbg.fr/simbad/sim-id?Ident=V%2A%20V482%20Cam,cataclyv*,0.284977,Gaia DR3 1108037726271701248,16.03,16.22,15.63,1.7596,0.0356,True,True,True,http://localhost/download/files/ZTF20acrbmxd_spec.tar.gz,http://localhost/download/plots/ZTF20acrbmxd_plot.tar.gz
https://alerce.online/object/ZTF20acqpkxj,2020-11-15 04:13:37,352.35863,-16.27629,N/A,N/A,,Gaia DR3 2395305769240905600,18.32,17.86,17.22,2.7753,0.1074,True,False,False,N/A,N/A
https://alerce.online/object/ZTF20acwsqev,2020-11-15 07:36:13,58.54288,-16.88084,https://simbad.u-strasbg.fr/simbad/sim-id?Ident=1RXS%20J035410.4-165244,cataclyv*,1.010018,Gaia DR3 5107845936158224768,17.35,17.42,17.08,3.1287,0.1037,True,True,True,http://localhost/download/files/ZTF20acwsqev_spec.tar.gz,http://localhost/download/plots/ZTF20acwsqev_plot.tar.gz
https://alerce.online/object/ZTF19acqipxa,2020-11-17 03:24:05,18.88422,37.62654,https://simbad.u-strasbg.fr/simbad/sim-id?Ident=V%2A%20FO%20And,cataclyv*,0.68091,Gaia DR3 321856332242222336,17.67,17.80,17.19,1.6657,0.0849,True,False,False,N/A,N/A
https://alerce.online/object/ZTF20acvedsk,2020-11-23 08:59:03,51.41445,-8.24531,https://simbad.u-strasbg.fr/simbad/sim-id?Ident=2E%20%20%20769,cataclyv*,0.675689,Gaia DR3 5168129581727355008,17.67,17.75,16.92,4.5330,0.0898,True,True,True,http://localhost/download/files/ZTF20acvedsk_spec.tar.gz,http://localhost/download/plots/ZTF20acvedsk_plot.tar.gz
https://alerce.online/object/ZTF17aaasizi,2020-11-26 10:07:38,78.92260,1.07791,https://simbad.u-strasbg.fr/simbad/sim-id?Ident=V%2A%20V1309%20Ori,cataclyv*,0.162812,Gaia DR3 3233813338246568448,15.73,16.11,15.14,1.5245,0.0371,True,True,False,http://localhost/download/files/ZTF17aaasizi_spec.tar.gz,http://localhost/download/plots/ZTF17aaasizi_plot.tar.gz
https://alerce.online/object/ZTF20acuialn,2020-11-27 10:32:00,106.24229,-23.55334,N/A,N/A,,Gaia DR3 2927648411321548032,19.98,20.18,19.35,1.0711,0.1295,True,False,False,N/A,N/A
https://alerce.online/object/ZTF20acywkhb,2020-11-27 10:33:21,109.26003,-22.52350,N/A,N/A,,Gaia DR3 5618201403704233984,16.41,16.60,15.92,1.1033,0.1751,True,True,False,http://localhost/download/files/ZTF20acywkhb_spec.tar.gz,http://localhost/download/plots/ZTF20acywkhb_plot.tar.gz
https://alerce.online/object/ZTF19ackvonz,2020-12-04 09:05:34,88.00781,6.68211,N/A,N/A,,Gaia DR3 3322814440829872512,14.26,14.70,13.47,6.9764,0.6327,True,True,False,http://localhost/download/files/ZTF19ackvonz_spec.tar.gz,http://localhost/download/plots/ZTF19ackvonz_plot.tar.gz
https://alerce.online/object/ZTF21aadwuli,2020-12-15 10:04:31,100.19843,-24.38699,https://simbad.u-strasbg.fr/simbad/sim-id?Ident=V%2A%20PU%20CMa,cataclyv*,1.127938,Gaia DR3 2923643719394227328,15.18,15.32,14.75,6.1170,0.0237,True,True,True,http://localhost/download/files/ZTF21aadwuli_spec.tar.gz,http://localhost/download/plots/ZTF21aadwuli_plot.tar.gz
https://alerce.online/object/ZTF20acyyfyb,2020-12-15 13:16:55,231.27862,-3.44880,https://simbad.u-strasbg.fr/simbad/sim-id?Ident=1RXS%20J152506.9-032647,cataclyv*,1.662441,Gaia DR3 4413778946245759360,16.18,16.56,15.60,4.1278,0.0450,True,True,True,http://localhost/download/files/ZTF20acyyfyb_spec.tar.gz,http://localhost/download/plots/ZTF20acyyfyb_plot.tar.gz
https://alerce.online/object/ZTF20actyafg,2020-12-17 05:20:18,78.12092,36.29114,N/A,N/A,,Gaia DR3 185487375386568704,17.26,17.49,16.76,0.5255,0.0882,True,True,False,http://localhost/download/files/ZTF20actyafg_spec.tar.gz,http://localhost/download/plots/ZTF20actyafg_plot.tar.gz
https://alerce.online/object/ZTF20acyhmlu,2020-12-17 07:24:11,82.04696,12.32132,N/A,N/A,,Gaia DR3 3340954694764620928,17.79,18.73,16.74,2.9611,0.1170,True,False,False,N/A,N/A
https://alerce.online/object/ZTF21aaeztlf,2020-12-18 11:35:37,131.76922,-25.50034,https://simbad.u-strasbg.fr/simbad/sim-id?Ident=ASASSN%20-16dg,cataclyv*,0.120888,Gaia DR3 5652514653341095680,18.84,19.22,17.90,0.7838,0.1315,True,False,False,N/A,N/A
https://alerce.online/object/ZTF21aafmkec,2020-12-19 13:24:09,221.75186,-16.03028,https://simbad.u-strasbg.fr/simbad/sim-id?Ident=CRTS%20J144700.4-160148,eclbin,0.69776,Gaia DR3 6309836067731365504,16.54,16.56,16.30,1.3706,0.0760,True,False,False,N/A,N/A
https://alerce.online/object/ZTF21aadfmxy,2020-12-20 08:09:37,106.39095,-12.83476,https://simbad.u-strasbg.fr/simbad/sim-id?Ident=1eRASS%20J070533.7-125007,cataclyv*_candidate,1.468878,Gaia DR3 3044836838812715264,18.70,18.78,18.69,4.0582,0.2299,True,False,False,N/A,N/A
https://alerce.online/object/ZTF21aaabzgn,2020-12-21 12:23:45,225.67017,33.57309,https://simbad.u-strasbg.fr/simbad/sim-id?Ident=V%2A%20NZ%20Boo,cataclyv*,2.177878,Gaia DR3 1289860214647954816,17.26,17.32,16.96,5.3751,0.0732,True,True,True,http://localhost/download/files/ZTF21aaabzgn_spec.tar.gz,http://localhost/download/plots/ZTF21aaabzgn_plot.tar.gz
https://alerce.online/object/ZTF20aczhfdl,2020-12-21 13:19:32,224.98279,-12.59360,N/A,N/A,,Gaia DR3 6312322956875181184,17.74,18.41,16.85,1.3037,0.1816,True,False,False,N/A,N/A
https://alerce.online/object/ZTF21aafgfpj,2021-01-01 05:06:44,97.60215,29.60967,https://simbad.u-strasbg.fr/simbad/sim-id?Ident=ATO%20J097.6021%2B29.6096,eclbin,0.055785,Gaia DR3 3435280010603391232,16.41,16.62,15.66,1.6495,0.2786,True,True,False,http://localhost/download/files/ZTF21aafgfpj_spec.tar.gz,http://localhost/download/plots/ZTF21aafgfpj_plot.tar.gz
https://alerce.online/object/ZTF21aabguoc,2021-01-04 13:36:09,250.96532,0.18114,https://simbad.u-strasbg.fr/simbad/sim-id?Ident=ATO%20J250.9654%2B00.1811,cataclyv*,0.251419,Gaia DR3 4382957882974327040,16.86,17.19,16.36,0.9921,0.0681,True,True,False,http://localhost/download/files/ZTF21aabguoc_spec.tar.gz,http://localhost/download/plots/ZTF21aabguoc_plot.tar.gz
https://alerce.online/object/ZTF21aacngzz,2021-01-09 03:18:48,347.27876,45.51695,N/A,N/A,,Gaia DR3 1935317456197636352,15.63,16.00,14.54,9.0125,0.7845,True,True,False,http://localhost/download/files/ZTF21aacngzz_spec.tar.gz,http://localhost/download/plots/ZTF21aacngzz_plot.tar.gz
https://alerce.online/object/ZTF21aaerncl,2021-02-03 05:35:01,97.50528,-6.34729,N/A,N/A,,Gaia DR3 3103280619171019136,16.64,16.81,16.00,0.8850,0.0492,True,True,False,http://localhost/download/files/ZTF21aaerncl_spec.tar.gz,http://localhost/download/plots/ZTF21aaerncl_plot.tar.gz
https://alerce.online/object/ZTF21aadhnfe,2021-02-08 08:54:53,139.03837,2.75450,N/A,N/A,,Gaia DR3 3845395103279965056,16.47,16.72,16.06,0.4939,0.0647,True,True,False,http://localhost/download/files/ZTF21aadhnfe_spec.tar.gz,http://localhost/download/plots/ZTF21aadhnfe_plot.tar.gz
https://alerce.online/object/ZTF18aathxrk,2021-02-12 09:15:58,204.92137,48.79090,https://simbad.u-strasbg.fr/simbad/sim-id?Ident=V%2A%20V355%20UMa,cataclyv*,0.251378,Gaia DR3 1558322303741820928,17.37,17.40,17.32,6.6191,0.0641,True,True,True,http://localhost/download/files/ZTF18aathxrk_spec.tar.gz,http://localhost/download/plots/ZTF18aathxrk_plot.tar.gz
https://alerce.online/object/ZTF21aalkugo,2021-02-17 13:25:12,306.23714,17.29834,https://simbad.u-strasbg.fr/simbad/sim-id?Ident=V%2A%20CM%20Del,cataclyv*,0.332288,Gaia DR3 1815021160316471808,13.88,13.95,13.67,2.5133,0.0193,True,True,False,http://localhost/download/files/ZTF21aalkugo_spec.tar.gz,http://localhost/download/plots/ZTF21aalkugo_plot.tar.gz
https://alerce.online/object/ZTF21aaqujsi,2021-03-17 10:09:42,231.55819,8.30052,https://simbad.u-strasbg.fr/simbad/sim-id?Ident=V%2A%20QW%20Ser,cataclyv*,0.606587,Gaia DR3 1163811724898541440,17.59,17.74,17.25,3.3561,0.0586,True,False,False,N/A,N/A
https://alerce.online/object/ZTF21aapwnmj,2021-03-18 12:08:00,294.46974,28.68864,N/A,N/A,,Gaia DR3 2031491291635261824,18.73,18.89,18.18,0.7688,0.1514,True,False,False,N/A,N/A
https://alerce.online/object/ZTF21aamkvnt,2021-03-22 09:33:04,231.27860,-3.44867,https://simbad.u-strasbg.fr/simbad/sim-id?Ident=1RXS%20J152506.9-032647,cataclyv*,1.203161,Gaia DR3 4413778946245759360,16.18,16.56,15.60,4.1278,0.0450,True,True,True,http://localhost/download/files/ZTF21aamkvnt_spec.tar.gz,http://localhost/download/plots/ZTF21aamkvnt_plot.tar.gz
https://alerce.online/object/ZTF21aarkujl,2021-04-02 04:35:02,116.86874,-9.52580,https://simbad.u-strasbg.fr/simbad/sim-id?Ident=Gaia%20DR3%203040729230867543808,star,0.468913,Gaia DR3 3040729230867543808,18.90,19.03,18.52,1.2839,0.2321,True,False,False,N/A,N/A
https://alerce.online/object/ZTF21aavqxae,2021-04-04 11:53:41,284.40359,32.14332,https://simbad.u-strasbg.fr/simbad/sim-id?Ident=Gaia%2017ayu,cataclyv*_candidate,0.509158,Gaia DR3 2042303579716174592,19.04,19.28,18.51,1.0386,0.1594,True,False,False,N/A,N/A
https://alerce.online/object/ZTF21aasxsaw,2021-04-06 11:26:33,283.25716,29.58269,https://simbad.u-strasbg.fr/simbad/sim-id?Ident=GALEX%20J185301.6%2B293458,whitedwarf_candidate,0.40657,Gaia DR3 2041415655349683072,19.84,19.86,19.82,2.7628,0.3192,True,False,False,N/A,N/A
https://alerce.online/object/ZTF21aazshdv,2021-04-09 10:38:41,272.12163,24.64569,https://simbad.u-strasbg.fr/simbad/sim-id?Ident=Gaia%20DR3%204579281250394104448,star,0.33793,Gaia DR3 4579281250394104448,16.98,17.12,16.62,0.6780,0.0525,True,True,False,http://localhost/download/files/ZTF21aazshdv_spec.tar.gz,http://localhost/download/plots/ZTF21aazshdv_plot.tar.gz
https://alerce.online/object/ZTF21abawduv,2021-04-12 09:03:50,257.21701,1.44877,https://simbad.u-strasbg.fr/simbad/sim-id?Ident=ASASSN%20-13ay,cataclyv*,0.176146,Gaia DR3 4387650598601997696,17.56,18.25,16.61,1.6003,0.0969,True,True,False,http://localhost/download/files/ZTF21abawduv_spec.tar.gz,http://localhost/download/plots/ZTF21abawduv_plot.tar.gz
https://alerce.online/object/ZTF20aawalkm,2021-04-18 10:58:54,288.75847,7.32969,https://simbad.u-strasbg.fr/simbad/sim-id?Ident=V%2A%20V1838%20Aql,cataclyv*,1.532988,Gaia DR3 4306244746253355776,17.89,17.99,17.74,4.9404,0.1418,True,True,True,http://localhost/download/files/ZTF20aawalkm_spec.tar.gz,http://localhost/download/plots/ZTF20aawalkm_plot.tar.gz
https://alerce.online/object/ZTF21abavzjd,2021-04-24 09:55:15,306.23719,17.29835,https://simbad.u-strasbg.fr/simbad/sim-id?Ident=V%2A%20CM%20Del,cataclyv*,0.217664,Gaia DR3 1815021160316471808,13.88,13.95,13.67,2.5133,0.0193,True,True,False,http://localhost/download/files/ZTF21abavzjd_spec.tar.gz,http://localhost/download/plots/ZTF21abavzjd_plot.tar.gz
https://alerce.online/object/ZTF21abbtahd,2021-05-05 10:11:37,292.40749,-18.30369,N/A,N/A,,Gaia DR3 4179478958308443264,18.63,18.83,18.22,0.9785,0.1697,True,False,False,N/A,N/A
https://alerce.online/object/ZTF21aaylpbd,2021-05-05 10:28:02,298.90742,43.86622,N/A,N/A,,Gaia DR3 2079000811087979648,16.40,16.41,15.82,0.4753,0.0412,True,True,False,http://localhost/download/files/ZTF21aaylpbd_spec.tar.gz,http://localhost/download/plots/ZTF21aaylpbd_plot.tar.gz
https://alerce.online/object/ZTF21aazsvep,2021-05-07 10:03:05,264.85929,-27.61497,https://simbad.u-strasbg.fr/simbad/sim-id?Ident=OGLE%20BLG675.14%20%2069526,eclbin,0.136098,Gaia DR3 4060862445708325376,17.77,18.08,17.27,1.1149,0.1206,True,False,False,N/A,N/A
https://alerce.online/object/ZTF19abjdvwj,2021-05-14 10:33:50,272.55701,-21.64040,https://simbad.u-strasbg.fr/simbad/sim-id?Ident=OGLE%20BLG764.18%20%2016598,eclbin,0.103854,Gaia DR3 4093796151752232192,17.54,17.82,17.10,0.6217,0.1086,True,True,False,http://localhost/download/files/ZTF19abjdvwj_spec.tar.gz,http://localhost/download/plots/ZTF19abjdvwj_plot.tar.gz
https://alerce.online/object/ZTF20acxnfno,2021-05-22 09:08:58,316.99205,-5.29502,https://simbad.u-strasbg.fr/simbad/sim-id?Ident=V%2A%20HU%20Aqr,cataclyv*,2.161289,Gaia DR3 6911950900211768704,16.43,16.66,15.87,5.2354,0.0457,True,True,True,http://localhost/download/files/ZTF20acxnfno_spec.tar.gz,http://localhost/download/plots/ZTF20acxnfno_plot.tar.gz
https://alerce.online/object/ZTF21aaobupb,2021-05-31 11:22:29,22.99952,29.82278,https://simbad.u-strasbg.fr/simbad/sim-id?Ident=V%2A%20TT%20Tri,cataclyv*,0.33751,Gaia DR3 303221877895676672,15.26,15.39,14.97,1.7571,0.0316,True,True,True,http://localhost/download/files/ZTF21aaobupb_spec.tar.gz,http://localhost/download/plots/ZTF21aaobupb_plot.tar.gz
https://alerce.online/object/ZTF21abdtqjk,2021-06-03 08:50:39,284.54637,46.46568,https://simbad.u-strasbg.fr/simbad/sim-id?Ident=ASASSN%20-14ex,cataclyv*,0.174943,Gaia DR3 2107342952371411456,19.02,19.21,18.64,1.4350,0.1592,True,False,False,N/A,N/A
https://alerce.online/object/ZTF21abgjuov,2021-06-14 10:03:28,277.40962,-21.20207,https://simbad.u-strasbg.fr/simbad/sim-id?Ident=OGLE%20BLG-DSCT-15387,delsctv*,0.182129,Gaia DR3 4090318980609572480,17.15,17.57,16.19,1.4333,0.2545,True,False,False,N/A,N/A
https://alerce.online/object/ZTF21abigtzf,2021-06-28 07:32:05,274.37899,-25.67100,N/A,N/A,,Gaia DR3 4065072127790953984,18.41,18.73,17.35,2.9783,0.5327,True,False,False,N/A,N/A
https://alerce.online/object/ZTF21abqsauc,2021-07-08 05:36:19,230.33684,16.20629,https://simbad.u-strasbg.fr/simbad/sim-id?Ident=Gaia%20DR3%201207461408809394560,eclbin,0.560957,Gaia DR3 1207461408809394560,16.95,17.27,16.48,0.5562,0.0703,True,True,False,http://localhost/download/files/ZTF21abqsauc_spec.tar.gz,http://localhost/download/plots/ZTF21abqsauc_plot.tar.gz
https://alerce.online/object/ZTF19abpcizw,2021-07-14 08:00:26,283.17239,26.75869,https://simbad.u-strasbg.fr/simbad/sim-id?Ident=V%2A%20CY%20Lyr,cataclyv*,0.160421,Gaia DR3 4537992286672097280,15.95,16.25,15.31,2.0963,0.0334,True,True,True,http://localhost/download/files/ZTF19abpcizw_spec.tar.gz,http://localhost/download/plots/ZTF19abpcizw_plot.tar.gz
https://alerce.online/object/ZTF21absuxjd,2021-07-14 09:43:13,348.01877,54.49761,N/A,N/A,,Gaia DR3 1996470128277139584,18.97,19.21,18.36,0.8803,0.1634,True,False,False,N/A,N/A
https://alerce.online/object/ZTF21abmssxj,2021-07-19 06:02:37,265.54761,-22.12724,https://simbad.u-strasbg.fr/simbad/sim-id?Ident=OGLE%20BLG-RRLYR-26550,rrlyrae,0.227199,Gaia DR3 4117179633044623488,17.86,18.66,16.70,3.4967,0.4757,True,False,False,N/A,N/A
https://alerce.online/object/ZTF19abijrmw,2021-07-24 05:02:02,275.18811,-24.10505,N/A,N/A,,Gaia DR3 4089344980790231936,16.17,16.34,15.77,0.7832,0.0495,True,True,False,http://localhost/download/files/ZTF19abijrmw_spec.tar.gz,http://localhost/download/plots/ZTF19abijrmw_plot.tar.gz
https://alerce.online/object/ZTF21abzfsld,2021-09-08 05:03:39,306.69771,-22.91450,https://simbad.u-strasbg.fr/simbad/sim-id?Ident=GALEX%20J202647.5-225451,whitedwarf,1.397315,Gaia DR3 6849850998873128704,16.80,16.81,16.79,14.2093,0.0811,True,True,False,http://localhost/download/files/ZTF21abzfsld_spec.tar.gz,http://localhost/download/plots/ZTF21abzfsld_plot.tar.gz
https://alerce.online/object/ZTF19adcnofj,2021-09-09 03:31:50,266.40722,-17.93970,https://simbad.u-strasbg.fr/simbad/sim-id?Ident=TCP%20J17453768-1756253,cataclyv*_candidate,1.040048,Gaia DR3 4120637734561313664,16.72,16.87,16.07,4.1855,0.0643,True,True,True,http://localhost/download/files/ZTF19adcnofj_spec.tar.gz,http://localhost/download/plots/ZTF19adcnofj_plot.tar.gz
https://alerce.online/object/ZTF21achyfgj,2021-09-17 09:27:02,76.97735,72.86393,https://simbad.u-strasbg.fr/simbad/sim-id?Ident=Gaia%20DR2%20502187337396232064,star,1.310764,Gaia DR3 502187337396232064,15.59,16.10,14.60,6.9060,0.0544,True,True,True,http://localhost/download/files/ZTF21achyfgj_spec.tar.gz,http://localhost/download/plots/ZTF21achyfgj_plot.tar.gz
https://alerce.online/object/ZTF19addexch,2021-09-20 03:32:48,295.94124,-26.96010,N/A,N/A,,Gaia DR3 6754680807129955456,17.78,18.03,17.33,2.8015,0.1154,True,False,False,N/A,N/A
https://alerce.online/object/ZTF21acerwgw,2021-09-28 12:32:42,147.75586,11.87530,https://simbad.u-strasbg.fr/simbad/sim-id?Ident=V%2A%20X%20Leo,cataclyv*,0.884952,Gaia DR3 613187537342908928,15.63,16.01,15.02,2.2527,0.0588,True,True,True,http://localhost/download/files/ZTF21acerwgw_spec.tar.gz,http://localhost/download/plots/ZTF21acerwgw_plot.tar.gz
https://alerce.online/object/ZTF21achukhk,2021-10-01 12:32:37,157.00045,21.80373,https://simbad.u-strasbg.fr/simbad/sim-id?Ident=1H%201025%2B220,cataclyv*,0.413009,Gaia DR3 721859001729641216,16.47,16.52,16.11,0.9736,0.0606,True,True,True,http://localhost/download/files/ZTF21achukhk_spec.tar.gz,http://localhost/download/plots/ZTF21achukhk_plot.tar.gz
https://alerce.online/object/ZTF21acqfycg,2021-10-25 09:51:57,64.16343,40.04259,https://simbad.u-strasbg.fr/simbad/sim-id?Ident=2MASS%20J04163923%2B4002330,whitedwarf,0.411602,Gaia DR3 227766037015779200,16.59,16.65,16.45,9.8295,0.0730,True,True,True,http://localhost/download/files/ZTF21acqfycg_spec.tar.gz,http://localhost/download/plots/ZTF21acqfycg_plot.tar.gz
https://alerce.online/object/ZTF19adcrcei,2021-10-30 05:49:01,359.87230,51.52890,https://simbad.u-strasbg.fr/simbad/sim-id?Ident=GALEX%20J235929.3%2B513144,whitedwarf,0.494275,Gaia DR3 1944075616071276800,17.45,17.62,17.07,15.2138,0.0726,True,True,False,http://localhost/download/files/ZTF19adcrcei_spec.tar.gz,http://localhost/download/plots/ZTF19adcrcei_plot.tar.gz
https://alerce.online/object/ZTF21acqfdcc,2021-10-31 07:08:56,340.85474,80.21748,N/A,N/A,,Gaia DR3 2286024724441689856,17.70,17.75,16.77,0.8057,0.0621,True,False,False,N/A,N/A
https://alerce.online/object/ZTF21acngdtv,2021-11-07 12:05:14,133.43304,-1.65070,N/A,N/A,,Gaia DR3 5764015161145078272,17.48,17.84,16.91,0.6365,0.0856,True,True,False,http://localhost/download/files/ZTF21acngdtv_spec.tar.gz,http://localhost/download/plots/ZTF21acngdtv_plot.tar.gz
https://alerce.online/object/ZTF21acovods,2021-11-12 10:59:10,141.18526,8.03086,https://simbad.u-strasbg.fr/simbad/sim-id?Ident=V%2A%20HU%20Leo,cataclyv*,0.286613,Gaia DR3 587316166180416640,18.76,19.14,17.92,1.8745,0.2747,True,False,False,N/A,N/A
https://alerce.online/object/ZTF18adjpszc,2022-01-21 09:48:34,245.84703,78.43445,https://simbad.u-strasbg.fr/simbad/sim-id?Ident=MASTER%20OT%20J162323.48%2B782603.3,cataclyv*,0.810128,Gaia DR3 1707635020719834880,18.49,18.68,17.97,2.6990,0.0884,True,False,False,N/A,N/A
https://alerce.online/object/ZTF18adjrooj,2022-01-21 10:44:30,244.89914,52.77546,https://simbad.u-strasbg.fr/simbad/sim-id?Ident=2MASS%20J16193575%2B5246326,cataclyv*,0.412484,Gaia DR3 1425200578380530048,19.28,19.51,18.77,2.2818,0.1717,True,False,False,N/A,N/A
https://alerce.online/object/ZTF18aditjsu,2022-01-21 10:45:54,255.88636,69.43674,https://simbad.u-strasbg.fr/simbad/sim-id?Ident=MASTER%20OT%20J170332.88%2B692612.1,transient,0.818086,Gaia DR3 1649079322096640896,19.42,19.82,18.53,1.6589,0.2296,True,False,False,N/A,N/A
https://alerce.online/object/ZTF18adioqcg,2022-01-21 10:49:22,237.65533,40.91106,https://simbad.u-strasbg.fr/simbad/sim-id?Ident=SDSS%20J155037.27%2B405440.0,cataclyv*,0.109671,Gaia DR3 1383764490550797824,18.22,18.41,17.94,0.9381,0.1040,True,False,False,N/A,N/A
https://alerce.online/object/ZTF18adjbzlj,2022-01-21 10:52:08,228.25960,23.25239,https://simbad.u-strasbg.fr/simbad/sim-id?Ident=V%2A%20NY%20Ser,cataclyv*,0.236622,Gaia DR3 1263484034505616256,16.12,16.15,15.85,1.2146,0.0339,True,True,True,http://localhost/download/files/ZTF18adjbzlj_spec.tar.gz,http://localhost/download/plots/ZTF18adjbzlj_plot.tar.gz
https://alerce.online/object/ZTF18adjvoek,2022-01-21 12:10:46,258.92393,68.94524,https://simbad.u-strasbg.fr/simbad/sim-id?Ident=RX%20J1715.6%2B6856,cataclyv*,0.196857,Gaia DR3 1638288405744536704,18.44,18.56,18.07,1.2647,0.1097,True,False,False,N/A,N/A
https://alerce.online/object/ZTF18adjrqpw,2022-01-21 12:35:03,246.33453,12.05239,https://simbad.u-strasbg.fr/simbad/sim-id?Ident=CRTS%20J162520.3%2B120309,cataclyv*,0.279106,Gaia DR3 4459922356886052992,18.43,18.64,17.83,2.2820,0.1670,True,False,False,N/A,N/A
https://alerce.online/object/ZTF18adkmwel,2022-01-21 12:59:19,239.33655,18.12229,https://simbad.u-strasbg.fr/simbad/sim-id?Ident=RX%20J1557.3%2B1807,cataclyv*,0.222715,Gaia DR3 1202680251217734400,18.70,18.85,18.29,1.5038,0.1767,True,True,False,http://localhost/download/files/ZTF18adkmwel_spec.tar.gz,http://localhost/download/plots/ZTF18adkmwel_plot.tar.gz
https://alerce.online/object/ZTF18adjvtdm,2022-01-21 13:37:52,281.26261,13.92148,https://simbad.u-strasbg.fr/simbad/sim-id?Ident=ZTF18aavyoqk,cataclyv*_candidate,0.340898,Gaia DR3 4505816693806432512,17.41,17.61,16.70,1.3398,0.0863,True,True,False,http://localhost/download/files/ZTF18adjvtdm_spec.tar.gz,http://localhost/download/plots/ZTF18adjvtdm_plot.tar.gz
https://alerce.online/object/ZTF18adixfvt,2022-02-11 12:12:06,270.52696,18.07920,https://simbad.u-strasbg.fr/simbad/sim-id?Ident=V%2A%20V884%20Her,cataclyv*,1.294696,Gaia DR3 4503256687122329088,13.83,13.94,13.43,8.7421,0.0180,True,True,True,http://localhost/download/files/ZTF18adixfvt_spec.tar.gz,http://localhost/download/plots/ZTF18adixfvt_plot.tar.gz
https://alerce.online/object/ZTF22aaafpdt,2022-02-11 12:12:06,270.52697,18.07922,https://simbad.u-strasbg.fr/simbad/sim-id?Ident=V%2A%20V884%20Her,cataclyv*,1.377085,Gaia DR3 4503256687122329088,13.83,13.94,13.43,8.7421,0.0180,True,True,True,http://localhost/download/files/ZTF22aaafpdt_spec.tar.gz,http://localhost/download/plots/ZTF22aaafpdt_plot.tar.gz
https://alerce.online/object/ZTF18adixmga,2022-02-11 12:14:50,279.39599,37.53455,N/A,N/A,,Gaia DR3 2096120477706881536,18.99,18.69,17.68,0.9438,0.1171,True,False,False,N/A,N/A
https://alerce.online/object/ZTF18adjccrs,2022-02-11 12:15:32,284.54643,46.46567,https://simbad.u-strasbg.fr/simbad/sim-id?Ident=ASASSN%20-14ex,cataclyv*,0.176131,Gaia DR3 2107342952371411456,19.02,19.21,18.64,1.4350,0.1592,True,False,False,N/A,N/A
https://alerce.online/object/ZTF18adjefml,2022-02-11 12:16:13,281.74501,55.64139,https://simbad.u-strasbg.fr/simbad/sim-id?Ident=V%2A%20MT%20Dra,rscvnv*,0.23004,Gaia DR3 2147082017019347968,17.53,17.83,16.90,1.9804,0.0653,True,True,True,http://localhost/download/files/ZTF18adjefml_spec.tar.gz,http://localhost/download/plots/ZTF18adjefml_plot.tar.gz
https://alerce.online/object/ZTF18adjjheh,2022-02-11 12:17:38,283.29001,59.75203,https://simbad.u-strasbg.fr/simbad/sim-id?Ident=RX%20J1853.1%2B5945,cataclyv*,0.313427,Gaia DR3 2155490364688727168,18.50,18.54,18.19,1.5585,0.0927,True,False,False,N/A,N/A
https://alerce.online/object/ZTF18adkgksb,2022-02-11 12:18:20,297.19671,57.15622,https://simbad.u-strasbg.fr/simbad/sim-id?Ident=V%2A%20V1006%20Cyg,cataclyv*,0.111994,Gaia DR3 2235124349761327232,17.12,17.27,16.61,2.1011,0.0411,True,True,True,http://localhost/download/files/ZTF18adkgksb_spec.tar.gz,http://localhost/download/plots/ZTF18adkgksb_plot.tar.gz
https://alerce.online/object/ZTF18adizufo,2022-02-11 12:20:24,284.47773,34.77352,https://simbad.u-strasbg.fr/simbad/sim-id?Ident=Gaia%20DR3%202092382932746880000,star,0.031587,Gaia DR3 2092382932746880000,18.03,17.81,17.49,0.5929,0.0666,True,False,False,N/A,N/A
https://alerce.online/object/ZTF22aaafqjf,2022-02-11 12:20:24,286.33088,30.25678,https://simbad.u-strasbg.fr/simbad/sim-id?Ident=MASTER%20OT%20J190519.41%2B301524.4,cataclyv*,0.135981,Gaia DR3 2040949943465818880,15.91,16.03,15.70,0.8729,0.0308,True,True,True,http://localhost/download/files/ZTF22aaafqjf_spec.tar.gz,http://localhost/download/plots/ZTF22aaafqjf_plot.tar.gz
https://alerce.online/object/ZTF18adknstj,2022-02-11 12:21:04,285.14206,29.35925,N/A,N/A,,Gaia DR3 2040790582998889344,16.36,16.54,16.00,0.9790,0.0379,True,True,True,http://localhost/download/files/ZTF18adknstj_spec.tar.gz,http://localhost/download/plots/ZTF18adknstj_plot.tar.gz
https://alerce.online/object/ZTF18adljdux,2022-02-11 12:21:04,283.17241,26.75871,https://simbad.u-strasbg.fr/simbad/sim-id?Ident=V%2A%20CY%20Lyr,cataclyv*,0.102699,Gaia DR3 4537992286672097280,15.95,16.25,15.31,2.0963,0.0334,True,True,True,http://localhost/download/files/ZTF18adljdux_spec.tar.gz,http://localhost/download/plots/ZTF18adljdux_plot.tar.gz
https://alerce.online/object/ZTF18adkuntp,2022-02-11 12:21:46,280.01829,18.19844,N/A,N/A,,Gaia DR3 4512415481551456896,17.24,17.39,16.80,0.5772,0.0949,True,True,False,http://localhost/download/files/ZTF18adkuntp_spec.tar.gz,http://localhost/download/plots/ZTF18adkuntp_plot.tar.gz
https://alerce.online/object/ZTF18adkyrtm,2022-02-11 13:01:07,272.46025,8.61215,https://simbad.u-strasbg.fr/simbad/sim-id?Ident=ASASSN%20-19pi,cataclyv*,0.171704,Gaia DR3 4481432549543439744,18.84,19.06,18.31,1.2478,0.1766,True,False,False,N/A,N/A
https://alerce.online/object/ZTF18adjudsy,2022-02-11 13:03:39,310.55350,36.96116,https://simbad.u-strasbg.fr/simbad/sim-id?Ident=ASASSN%20-18acf,cataclyv*,0.343427,Gaia DR3 2062827372998986752,19.15,19.20,18.60,1.8391,0.1947,True,False,False,N/A,N/A
https://alerce.online/object/ZTF18adjmyus,2022-02-11 13:05:05,281.71334,15.14011,N/A,N/A,,Gaia DR3 4510405299420128128,16.84,16.98,16.39,0.8730,0.0720,True,True,False,http://localhost/download/files/ZTF18adjmyus_spec.tar.gz,http://localhost/download/plots/ZTF18adjmyus_plot.tar.gz
https://alerce.online/object/ZTF18adkcxll,2022-02-11 13:08:51,288.47718,12.30089,https://simbad.u-strasbg.fr/simbad/sim-id?Ident=V%2A%20V1315%20Aql,cataclyv*,0.124499,Gaia DR3 4313192495850348544,14.30,14.50,13.87,2.2438,0.0214,True,True,True,http://localhost/download/files/ZTF18adkcxll_spec.tar.gz,http://localhost/download/plots/ZTF18adkcxll_plot.tar.gz
https://alerce.online/object/ZTF18adkcxbe,2022-02-11 13:23:31,295.35416,15.38179,https://simbad.u-strasbg.fr/simbad/sim-id?Ident=ZTF%20J194125.00%2B152254.4,delsctv*,1.14045,Gaia DR3 4318508939464901760,16.96,16.89,16.79,4.6391,0.0591,True,True,False,http://localhost/download/files/ZTF18adkcxbe_spec.tar.gz,http://localhost/download/plots/ZTF18adkcxbe_plot.tar.gz
https://alerce.online/object/ZTF18adkclkf,2022-02-11 13:26:18,284.85280,7.85060,https://simbad.u-strasbg.fr/simbad/sim-id?Ident=ATO%20J284.8528%2B07.8506,eclbin,0.141387,Gaia DR3 4307083884080817792,15.61,15.75,15.24,1.2614,0.0309,True,True,False,http://localhost/download/files/ZTF18adkclkf_spec.tar.gz,http://localhost/download/plots/ZTF18adkclkf_plot.tar.gz
https://alerce.online/object/ZTF18adkwszk,2022-02-12 03:27:29,16.76618,42.71999,https://simbad.u-strasbg.fr/simbad/sim-id?Ident=V%2A%20IZ%20And,cataclyv*,0.169334,Gaia DR3 376113107904573824,18.48,18.57,17.62,1.1371,0.1193,True,False,False,N/A,N/A
https://alerce.online/object/ZTF18adkwcwx,2022-02-12 12:19:52,289.74508,35.92798,N/A,N/A,,Gaia DR3 2050830910864855808,17.41,17.51,17.08,0.9416,0.0657,True,True,True,http://localhost/download/files/ZTF18adkwcwx_spec.tar.gz,http://localhost/download/plots/ZTF18adkwcwx_plot.tar.gz
https://alerce.online/object/ZTF18adkbdit,2022-02-12 13:10:30,308.89586,35.73472,https://simbad.u-strasbg.fr/simbad/sim-id?Ident=ZTF%20J203535.01%2B354405.0,eclbin,0.256661,Gaia DR3 2056653885784893952,16.46,16.58,16.06,0.7198,0.0413,True,True,False,http://localhost/download/files/ZTF18adkbdit_spec.tar.gz,http://localhost/download/plots/ZTF18adkbdit_plot.tar.gz
https://alerce.online/object/ZTF18adjfluz,2022-02-13 08:46:35,214.04813,70.17363,N/A,N/A,,Gaia DR3 1674163546013411328,18.24,18.70,17.45,1.0083,0.1091,True,False,False,N/A,N/A
https://alerce.online/object/ZTF18adjssyi,2022-02-13 10:38:04,232.89305,2.08297,https://simbad.u-strasbg.fr/simbad/sim-id?Ident=CRTS%20J153134.3%2B020459,cataclyv*,0.338548,Gaia DR3 4421000607336192512,18.46,19.55,17.39,3.2609,0.1662,True,False,False,N/A,N/A
https://alerce.online/object/ZTF18adixeqf,2022-02-13 10:47:45,266.94706,55.48827,https://simbad.u-strasbg.fr/simbad/sim-id?Ident=ZTF%20J174747.26%2B552917.8,cataclyv*,0.368573,Gaia DR3 1418364678367782016,19.15,19.30,18.82,2.3089,0.2176,True,False,False,N/A,N/A
https://alerce.online/object/ZTF18adjodwh,2022-02-13 11:08:09,231.08043,22.15560,https://simbad.u-strasbg.fr/simbad/sim-id?Ident=PM%20J15243%2B2209,cataclyv*,0.544761,Gaia DR3 1214663721071751296,19.02,19.26,18.49,1.9603,0.2008,True,False,False,N/A,N/A
https://alerce.online/object/ZTF18adixjoa,2022-02-13 11:21:42,261.02625,41.23527,https://simbad.u-strasbg.fr/simbad/sim-id?Ident=V%2A%20V1007%20Her,cataclyv*,0.723011,Gaia DR3 1347851790791563136,19.04,19.48,18.33,2.1711,0.1636,True,False,False,N/A,N/A
https://alerce.online/object/ZTF22aadbfsk,2022-02-13 12:55:53,260.42117,15.41714,N/A,N/A,,Gaia DR3 4543546538373494016,16.56,16.91,15.98,1.0195,0.1348,True,True,False,http://localhost/download/files/ZTF22aadbfsk_spec.tar.gz,http://localhost/download/plots/ZTF22aadbfsk_plot.tar.gz
https://alerce.online/object/ZTF18adlshvd,2022-02-14 12:24:58,292.95511,43.24381,N/A,N/A,,Gaia DR3 2125881684785182848,19.01,18.87,18.25,0.9476,0.1453,True,False,False,N/A,N/A
https://alerce.online/object/ZTF18adlrypw,2022-02-14 13:23:39,295.88015,5.37651,N/A,N/A,,Gaia DR3 4291415083171074688,17.64,17.72,17.16,0.4071,0.0800,True,True,False,http://localhost/download/files/ZTF18adlrypw_spec.tar.gz,http://localhost/download/plots/ZTF18adlrypw_plot.tar.gz
https://alerce.online/object/ZTF18adkhuxp,2022-02-15 10:02:55,207.22984,7.96003,https://simbad.u-strasbg.fr/simbad/sim-id?Ident=V%2A%20CR%20Boo,cataclyv*,0.96164,Gaia DR3 3721961488404743040,15.47,15.43,15.37,2.8438,0.0367,True,True,False,http://localhost/download/files/ZTF18adkhuxp_spec.tar.gz,http://localhost/download/plots/ZTF18adkhuxp_plot.tar.gz
https://alerce.online/object/ZTF22aabcilp,2022-02-17 13:17:56,296.90794,4.89926,https://simbad.u-strasbg.fr/simbad/sim-id?Ident=GALEX%20J194737.8%2B045357,hotsubdwarf_candidate,0.454441,Gaia DR3 4290478750250940288,16.12,16.27,15.87,0.7468,0.0448,True,True,False,http://localhost/download/files/ZTF22aabcilp_spec.tar.gz,http://localhost/download/plots/ZTF22aabcilp_plot.tar.gz
https://alerce.online/object/ZTF18adlmnwm,2022-02-18 11:11:57,241.07926,16.26339,https://simbad.u-strasbg.fr/simbad/sim-id?Ident=CRTS%20J160419.0%2B161549,cataclyv*,0.480959,Gaia DR3 1199129584573929984,19.16,19.25,18.81,1.2333,0.2194,True,False,False,N/A,N/A
https://alerce.online/object/ZTF18adkbdro,2022-02-18 12:23:32,301.03943,59.19794,N/A,N/A,,Gaia DR3 2236431600365412992,18.15,18.25,17.44,0.7464,0.0745,True,False,False,N/A,N/A
https://alerce.online/object/ZTF18adjvzzl,2022-02-18 13:06:15,301.42462,22.66623,https://simbad.u-strasbg.fr/simbad/sim-id?Ident=V%2A%20QQ%20Vul,cataclyv*,0.410568,Gaia DR3 1833014187092198912,15.31,15.46,14.72,3.3235,0.0286,True,True,True,http://localhost/download/files/ZTF18adjvzzl_spec.tar.gz,http://localhost/download/plots/ZTF18adjvzzl_plot.tar.gz
https://alerce.online/object/ZTF18adkprgc,2022-02-18 13:15:50,285.59374,-8.83284,N/A,N/A,,Gaia DR3 4202952225892540288,18.20,18.14,17.47,0.5691,0.0973,True,False,False,N/A,N/A
https://alerce.online/object/ZTF18adknate,2022-02-18 13:15:50,286.28720,-13.10239,N/A,N/A,,Gaia DR3 4197744908775449856,18.47,18.73,17.97,1.1739,0.2187,True,False,False,N/A,N/A
https://alerce.online/object/ZTF18adjsnrs,2022-02-19 12:04:24,292.45384,28.54817,https://simbad.u-strasbg.fr/simbad/sim-id?Ident=V%2A%20V1505%20Cyg,cataclyv*,1.192913,Gaia DR3 2026196937001098880,17.68,17.93,17.13,0.6935,0.0760,True,True,False,http://localhost/download/files/ZTF18adjsnrs_spec.tar.gz,http://localhost/download/plots/ZTF18adjsnrs_plot.tar.gz
https://alerce.online/object/ZTF18acnthtp,2022-02-20 13:17:06,305.04859,22.45540,N/A,N/A,,Gaia DR3 1829477672335630080,16.05,16.21,15.10,2.5390,0.1734,True,True,False,http://localhost/download/files/ZTF18acnthtp_spec.tar.gz,http://localhost/download/plots/ZTF18acnthtp_plot.tar.gz
https://alerce.online/object/ZTF18adjsnqi,2022-02-26 12:08:04,292.26838,28.90704,https://simbad.u-strasbg.fr/simbad/sim-id?Ident=V%2A%20V868%20Cyg,cataclyv*,0.152651,Gaia DR3 2026498267562886016,17.57,17.51,16.76,0.9558,0.0568,True,True,False,http://localhost/download/files/ZTF18adjsnqi_spec.tar.gz,http://localhost/download/plots/ZTF18adjsnqi_plot.tar.gz
https://alerce.online/object/ZTF22aabxada,2022-02-26 12:37:07,212.96244,3.39690,https://simbad.u-strasbg.fr/simbad/sim-id?Ident=LAMOST%20J141150.99%2B032348.3,whitedwarf,0.466368,Gaia DR3 3667931418296432128,16.65,17.41,15.69,3.2241,0.0839,True,True,True,http://localhost/download/files/ZTF22aabxada_spec.tar.gz,http://localhost/download/plots/ZTF22aabxada_plot.tar.gz
https://alerce.online/object/ZTF18adjxfln,2022-02-26 12:50:18,299.32793,17.76488,https://simbad.u-strasbg.fr/simbad/sim-id?Ident=V%2A%20EF%20Sge,eclbin,0.225074,Gaia DR3 1820562832077132032,19.10,19.31,18.14,0.6852,0.0880,True,False,False,N/A,N/A
https://alerce.online/object/ZTF18adlyivh,2022-02-26 12:51:43,313.14976,30.62118,N/A,N/A,,Gaia DR3 1858810172971156224,17.59,17.50,16.89,0.3912,0.0646,True,True,False,http://localhost/download/files/ZTF18adlyivh_spec.tar.gz,http://localhost/download/plots/ZTF18adlyivh_plot.tar.gz
https://alerce.online/object/ZTF22aacexov,2022-02-26 13:08:03,309.17814,17.47989,https://simbad.u-strasbg.fr/simbad/sim-id?Ident=V%2A%20KK%20Del,eclbin,0.496515,Gaia DR3 1812215447156860800,15.70,15.80,15.49,1.0240,0.0303,True,True,False,http://localhost/download/files/ZTF22aacexov_spec.tar.gz,http://localhost/download/plots/ZTF22aacexov_plot.tar.gz
https://alerce.online/object/ZTF22aabzfbu,2022-02-27 09:45:44,268.24945,80.34914,N/A,N/A,,Gaia DR3 1706762725747225088,19.81,20.03,19.34,2.2847,0.2921,True,False,False,N/A,N/A
https://alerce.online/object/ZTF18adllvct,2022-02-27 12:11:25,277.71968,26.92077,https://simbad.u-strasbg.fr/simbad/sim-id?Ident=Gaia%20DR3%204585376839774011520,cataclyv*,0.243422,Gaia DR3 4585376839774011520,18.79,18.83,18.12,0.8712,0.1200,True,False,False,N/A,N/A
https://alerce.online/object/ZTF18adkrlvp,2022-03-02 11:49:26,300.66737,57.27398,https://simbad.u-strasbg.fr/simbad/sim-id?Ident=V%2A%20V1032%20Cyg,cataclyv*,0.42864,Gaia DR3 2234488003107720960,18.61,19.02,17.97,0.6533,0.1110,True,False,False,N/A,N/A
https://alerce.online/object/ZTF18adlhbyf,2022-03-02 11:50:07,305.87718,46.52483,https://simbad.u-strasbg.fr/simbad/sim-id?Ident=V%2A%20V1776%20Cyg,cataclyv*,0.06772,Gaia DR3 2083145484587589632,16.54,16.83,16.00,0.8606,0.0398,True,True,True,http://localhost/download/files/ZTF18adlhbyf_spec.tar.gz,http://localhost/download/plots/ZTF18adlhbyf_plot.tar.gz
https://alerce.online/object/ZTF18admodkx,2022-03-02 11:52:12,292.67164,40.87363,https://simbad.u-strasbg.fr/simbad/sim-id?Ident=UCAC4%20655-074104,cataclyv*,0.101827,Gaia DR3 2053553885771329280,15.46,15.59,15.11,1.2976,0.0223,True,True,False,http://localhost/download/files/ZTF18admodkx_spec.tar.gz,http://localhost/download/plots/ZTF18admodkx_plot.tar.gz
https://alerce.online/object/ZTF18adkntgw,2022-03-02 11:56:21,287.62889,27.61823,N/A,N/A,,Gaia DR3 2036591509439574656,17.28,17.56,16.53,1.0957,0.0588,True,True,True,http://localhost/download/files/ZTF18adkntgw_spec.tar.gz,http://localhost/download/plots/ZTF18adkntgw_plot.tar.gz
https://alerce.online/object/ZTF18admcdfl,2022-03-02 13:02:30,311.20693,17.51406,https://simbad.u-strasbg.fr/simbad/sim-id?Ident=ASASSN%20-18ra,cataclyv*,0.053152,Gaia DR3 1811474784338608256,18.08,18.13,17.61,1.2379,0.0860,True,False,False,N/A,N/A
https://alerce.online/object/ZTF18adngmsj,2022-03-03 13:04:52,313.93292,24.00930,https://simbad.u-strasbg.fr/simbad/sim-id?Ident=ASASSN-V%20J205543.90%2B240033.5,variable*,0.064058,Gaia DR3 1842597079437126144,17.22,17.28,16.90,0.5891,0.0820,True,True,False,http://localhost/download/files/ZTF18adngmsj_spec.tar.gz,http://localhost/download/plots/ZTF18adngmsj_plot.tar.gz
https://alerce.online/object/ZTF19addgxnp,2022-04-01 11:05:27,250.39526,-21.23571,N/A,N/A,,Gaia DR3 4129909125837626496,18.10,18.10,17.05,0.6511,0.1028,True,False,False,N/A,N/A
https://alerce.online/object/ZTF19adcnflo,2022-04-01 11:05:27,253.00554,-27.94418,N/A,N/A,,Gaia DR3 6033076587187690624,16.97,17.15,16.75,0.6069,0.0908,True,True,False,http://localhost/download/files/ZTF19adcnflo_spec.tar.gz,http://localhost/download/plots/ZTF19adcnflo_plot.tar.gz
https://alerce.online/object/ZTF18adnhxuq,2022-04-01 11:06:55,272.85361,-14.92631,https://simbad.u-strasbg.fr/simbad/sim-id?Ident=V%2A%20UZ%20Ser,cataclyv*,0.196529,Gaia DR3 4146094937780229632,14.77,15.08,14.22,3.2054,0.0360,True,False,False,N/A,N/A
https://alerce.online/object/ZTF18adnhxxu,2022-04-01 11:06:55,272.67498,-17.86710,N/A,N/A,,Gaia DR3 4095904529724557568,15.54,15.71,15.23,0.7965,0.0397,True,False,False,N/A,N/A
https://alerce.online/object/ZTF18admlbnt,2022-04-01 11:09:41,289.76062,0.52465,N/A,N/A,,Gaia DR3 4264379604074560256,16.05,16.18,15.75,0.7072,0.0471,True,False,False,N/A,N/A
https://alerce.online/object/ZTF18admampf,2022-04-01 11:11:45,301.50637,12.00078,https://simbad.u-strasbg.fr/simbad/sim-id?Ident=Gaia%20DR3%201802929693517223936,star,0.050508,Gaia DR3 1802929693517223936,17.64,17.63,17.22,0.5468,0.0750,True,True,False,http://localhost/download/files/ZTF18admampf_spec.tar.gz,http://localhost/download/plots/ZTF18admampf_plot.tar.gz
https://alerce.online/object/ZTF18adjqadq,2022-04-01 11:13:49,286.11909,32.99773,https://simbad.u-strasbg.fr/simbad/sim-id?Ident=ZTF%20J190428.60%2B325951.9,eclbin,0.310249,Gaia DR3 2043760054667989248,17.32,17.44,16.77,1.9253,0.2880,True,True,False,http://localhost/download/files/ZTF18adjqadq_spec.tar.gz,http://localhost/download/plots/ZTF18adjqadq_plot.tar.gz
https://alerce.online/object/ZTF18admceow,2022-04-01 11:17:17,306.23718,17.29827,https://simbad.u-strasbg.fr/simbad/sim-id?Ident=V%2A%20CM%20Del,cataclyv*,0.493409,Gaia DR3 1815021160316471808,13.88,13.95,13.67,2.5133,0.0193,True,True,False,http://localhost/download/files/ZTF18admceow_spec.tar.gz,http://localhost/download/plots/ZTF18admceow_plot.tar.gz
https://alerce.online/object/ZTF18admcewc,2022-04-01 11:17:17,303.60380,15.49166,https://simbad.u-strasbg.fr/simbad/sim-id?Ident=GSC2.3%20N1UU020345,cataclyv*,0.017835,Gaia DR3 1808325920475979008,18.80,18.98,18.15,0.8295,0.1492,True,False,False,N/A,N/A
https://alerce.online/object/ZTF18adllrrs,2022-04-01 11:17:17,301.01636,21.65748,N/A,N/A,,Gaia DR3 1823936168097848960,19.40,19.83,18.18,4.8682,0.4136,True,False,False,N/A,N/A
https://alerce.online/object/ZTF18adkewgy,2022-04-01 11:20:45,308.25733,41.18626,https://simbad.u-strasbg.fr/simbad/sim-id?Ident=2MASS%20J20330176%2B4111107,cataclyv*,0.332446,Gaia DR3 2067781768090175104,18.21,18.26,17.01,1.1066,0.0755,True,False,False,N/A,N/A
https://alerce.online/object/ZTF18adkpekm,2022-04-01 11:23:31,299.17240,57.50074,N/A,N/A,,Gaia DR3 2234727353044624128,18.39,18.48,17.98,0.8881,0.1016,True,False,False,N/A,N/A
https://alerce.online/object/ZTF18adkrlzl,2022-04-01 11:23:31,301.73766,58.04640,N/A,N/A,,Gaia DR3 2236126000553986176,18.94,19.06,18.46,0.7823,0.1456,True,False,False,N/A,N/A
https://alerce.online/object/ZTF18adlryua,2022-04-01 11:29:17,293.43619,5.60621,N/A,N/A,,Gaia DR3 4294332538491280512,19.33,18.93,18.45,1.0743,0.1776,True,False,False,N/A,N/A
https://alerce.online/object/ZTF18adjxhxc,2022-04-01 11:57:19,296.36627,19.14865,N/A,N/A,,Gaia DR3 1824626322151519488,17.70,17.34,16.48,0.7971,0.1254,True,False,False,N/A,N/A
https://alerce.online/object/ZTF18adjzovj,2022-04-01 11:58:41,288.38557,14.69810,N/A,N/A,,Gaia DR3 4320510329855726848,20.30,20.36,19.64,1.9749,0.3306,True,False,False,N/A,N/A
https://alerce.online/object/ZTF18admuwqu,2022-04-01 12:08:11,331.21116,40.14404,https://simbad.u-strasbg.fr/simbad/sim-id?Ident=Gaia%20DR3%201956566510538468224,cataclyv*,0.159467,Gaia DR3 1956566510538468224,18.50,18.65,18.09,2.2305,0.1265,True,False,False,N/A,N/A
https://alerce.online/object/ZTF18admuzer,2022-04-01 12:08:11,330.61290,40.23593,N/A,N/A,,Gaia DR3 1956625682306356096,18.69,18.78,17.70,1.4612,0.1604,True,False,False,N/A,N/A
https://alerce.online/object/ZTF18adojmlf,2022-04-02 04:47:27,118.46188,18.55534,N/A,N/A,,Gaia DR3 668679270724251520,16.59,17.00,16.01,1.2232,0.0586,True,True,False,http://localhost/download/files/ZTF18adojmlf_spec.tar.gz,http://localhost/download/plots/ZTF18adojmlf_plot.tar.gz
https://alerce.online/object/ZTF18adooaph,2022-04-02 06:58:52,132.80600,34.74672,https://simbad.u-strasbg.fr/simbad/sim-id?Ident=SDSS%20J085113.44%2B344448.5,cataclyv*,0.458692,Gaia DR3 716349868656120320,19.55,19.86,19.07,1.7433,0.3248,True,False,False,N/A,N/A
https://alerce.online/object/ZTF18adoxsmq,2022-04-02 08:07:31,157.75229,20.47544,https://simbad.u-strasbg.fr/simbad/sim-id?Ident=V%2A%20IL%20Leo,cataclyv*,0.753961,Gaia DR3 720694618916104576,19.30,19.26,18.79,1.9311,0.2277,True,True,True,http://localhost/download/files/ZTF18adoxsmq_spec.tar.gz,http://localhost/download/plots/ZTF18adoxsmq_plot.tar.gz
https://alerce.online/object/ZTF18adkspyu,2022-04-02 11:03:12,279.58502,5.00378,https://simbad.u-strasbg.fr/simbad/sim-id?Ident=ZTF%20J183820.41%2B050013.5,eclbin,0.249758,Gaia DR3 4283927443344408960,17.42,17.64,16.99,0.5721,0.0880,True,True,False,http://localhost/download/files/ZTF18adkspyu_spec.tar.gz,http://localhost/download/plots/ZTF18adkspyu_plot.tar.gz
https://alerce.online/object/ZTF22aafatfc,2022-04-02 11:04:44,314.55216,29.34552,https://simbad.u-strasbg.fr/simbad/sim-id?Ident=2MASS%20J20581257%2B2920454,star,1.680926,Gaia DR3 1846427022035230592,17.29,17.53,16.74,1.5000,0.0740,True,True,True,http://localhost/download/files/ZTF22aafatfc_spec.tar.gz,http://localhost/download/plots/ZTF22aafatfc_plot.tar.gz
https://alerce.online/object/ZTF18admwhhv,2022-04-02 11:05:27,315.42994,35.48544,N/A,N/A,,Gaia DR3 1868222473541659904,18.50,18.55,17.71,0.6522,0.1247,True,False,False,N/A,N/A
https://alerce.online/object/ZTF20abprhrq,2022-04-04 07:16:16,271.05993,67.90346,https://simbad.u-strasbg.fr/simbad/sim-id?Ident=V%2A%20EX%20Dra,nova,0.778574,Gaia DR3 2258357545848389888,14.41,14.88,13.74,4.1467,0.0219,True,True,False,http://localhost/download/files/ZTF20abprhrq_spec.tar.gz,http://localhost/download/plots/ZTF20abprhrq_plot.tar.gz
https://alerce.online/object/ZTF19adgwxqp,2022-04-04 08:01:12,191.50845,-20.38400,https://simbad.u-strasbg.fr/simbad/sim-id?Ident=CRTS%20J124602.0-202302,cataclyv*,0.138884,Gaia DR3 3503672730523124480,19.04,19.09,18.59,1.3524,0.1824,True,True,True,http://localhost/download/files/ZTF19adgwxqp_spec.tar.gz,http://localhost/download/plots/ZTF19adgwxqp_plot.tar.gz
https://alerce.online/object/ZTF19aamreoh,2022-04-04 09:23:33,270.14799,8.17092,https://simbad.u-strasbg.fr/simbad/sim-id?Ident=V%2A%20V2301%20Oph,cataclyv*,1.390233,Gaia DR3 4476137370261520000,16.61,16.87,15.96,8.1681,0.0571,True,True,True,http://localhost/download/files/ZTF19aamreoh_spec.tar.gz,http://localhost/download/plots/ZTF19aamreoh_plot.tar.gz
https://alerce.online/object/ZTF18admftdp,2022-04-04 09:24:15,270.89915,-0.04176,https://simbad.u-strasbg.fr/simbad/sim-id?Ident=Gaia%20DR3%204275377984525895552,star,0.277933,Gaia DR3 4275377984525895552,19.69,19.89,19.27,1.7870,0.3039,True,False,False,N/A,N/A
https://alerce.online/object/ZTF18adlzzsh,2022-04-04 09:26:19,257.21702,1.44877,https://simbad.u-strasbg.fr/simbad/sim-id?Ident=ASASSN%20-13ay,cataclyv*,0.165063,Gaia DR3 4387650598601997696,17.56,18.25,16.61,1.6003,0.0969,True,True,False,http://localhost/download/files/ZTF18adlzzsh_spec.tar.gz,http://localhost/download/plots/ZTF18adlzzsh_plot.tar.gz
https://alerce.online/object/ZTF18adlrbdg,2022-04-04 10:05:13,258.29227,6.28870,https://simbad.u-strasbg.fr/simbad/sim-id?Ident=Gaia%20DR3%204393660804037754752,cataclyv*,0.517817,Gaia DR3 4393660804037754752,16.71,16.90,16.39,1.4996,0.0621,True,True,False,http://localhost/download/files/ZTF18adlrbdg_spec.tar.gz,http://localhost/download/plots/ZTF18adlrbdg_plot.tar.gz
https://alerce.online/object/ZTF18adkowqk,2022-04-04 10:16:55,291.31027,68.85614,https://simbad.u-strasbg.fr/simbad/sim-id?Ident=ASASSN%20-13bm,cataclyv*,0.340393,Gaia DR3 2261657107228063232,18.75,18.97,18.20,2.4692,0.1311,True,False,False,N/A,N/A
https://alerce.online/object/ZTF18adkatkr,2022-04-04 10:17:37,302.82009,60.07440,https://simbad.u-strasbg.fr/simbad/sim-id?Ident=GALEX%20J201116.8%2B600428,hotsubdwarf_candidate,0.335404,Gaia DR3 2236896418906579072,17.30,17.41,17.00,0.6925,0.0646,True,True,True,http://localhost/download/files/ZTF18adkatkr_spec.tar.gz,http://localhost/download/plots/ZTF18adkatkr_plot.tar.gz
https://alerce.online/object/ZTF18adjcepb,2022-04-04 10:23:51,281.47209,36.02749,N/A,N/A,,Gaia DR3 2096437725468695168,18.86,19.03,18.27,1.1878,0.1561,True,False,False,N/A,N/A
https://alerce.online/object/ZTF18admafpe,2022-04-04 10:24:33,275.85071,25.86752,N/A,N/A,,Gaia DR3 4584894081155993472,19.79,19.73,18.73,7.7016,0.8806,True,False,False,N/A,N/A
https://alerce.online/object/ZTF18admaara,2022-04-04 10:30:05,259.73616,-15.45936,https://simbad.u-strasbg.fr/simbad/sim-id?Ident=NSV%20%208494,variable*,0.166683,Gaia DR3 4136250735261451008,16.01,16.18,15.61,0.8226,0.0422,True,True,False,http://localhost/download/files/ZTF18admaara_spec.tar.gz,http://localhost/download/plots/ZTF18admaara_plot.tar.gz
https://alerce.online/object/ZTF18admihms,2022-04-04 10:30:05,264.90081,-18.83043,N/A,N/A,,Gaia DR3 4123096040717658496,17.51,17.87,16.83,1.1342,0.0953,True,True,True,http://localhost/download/files/ZTF18admihms_spec.tar.gz,http://localhost/download/plots/ZTF18admihms_plot.tar.gz
https://alerce.online/object/ZTF18admbwrz,2022-04-04 11:07:31,275.67198,12.18517,https://simbad.u-strasbg.fr/simbad/sim-id?Ident=2MASS%20J18224128%2B1211066,cataclyv*,0.15385,Gaia DR3 4485025994062207360,18.47,17.73,17.08,1.0592,0.0809,True,False,False,N/A,N/A
https://alerce.online/object/ZTF18adlpamh,2022-04-04 11:07:31,280.16839,9.28152,N/A,N/A,,Gaia DR3 4479510019115783680,16.97,17.07,16.02,1.3840,0.2558,True,True,False,http://localhost/download/files/ZTF18adlpamh_spec.tar.gz,http://localhost/download/plots/ZTF18adlpamh_plot.tar.gz
https://alerce.online/object/ZTF18adlvjlt,2022-04-04 11:10:16,284.71882,23.23141,https://simbad.u-strasbg.fr/simbad/sim-id?Ident=MASTER%20OT%20J185852.54%2B231353.5,cataclyv*_candidate,0.523431,Gaia DR3 4533047950377932288,19.06,19.30,18.46,1.0666,0.1546,True,False,False,N/A,N/A
https://alerce.online/object/ZTF18admenjm,2022-04-04 11:12:30,315.77754,66.17568,https://simbad.u-strasbg.fr/simbad/sim-id?Ident=V%2A%20FX%20Cep,cataclyv*,0.148811,Gaia DR3 2221753321994545920,18.14,18.68,17.38,0.9266,0.0914,True,False,False,N/A,N/A
https://alerce.online/object/ZTF18adkulis,2022-04-04 11:22:10,305.37610,25.96199,https://simbad.u-strasbg.fr/simbad/sim-id?Ident=ASASSN%20-17ls,cataclyv*,0.271679,Gaia DR3 1832775245155085952,18.74,18.94,18.18,1.8951,0.0877,True,False,False,N/A,N/A
https://alerce.online/object/ZTF18adkpcvb,2022-04-04 11:26:20,296.00792,28.74767,https://simbad.u-strasbg.fr/simbad/sim-id?Ident=Gaia%20DR3%202031371479242995584,whitedwarf,0.607995,Gaia DR3 2031371479242995584,17.61,17.68,17.07,2.4046,0.0749,True,True,True,http://localhost/download/files/ZTF18adkpcvb_spec.tar.gz,http://localhost/download/plots/ZTF18adkpcvb_plot.tar.gz
https://alerce.online/object/ZTF18adkgevl,2022-04-04 11:27:00,296.63808,19.65725,https://simbad.u-strasbg.fr/simbad/sim-id?Ident=UVEX%20J194633.12%2B193926.4,cataclyv*_candidate,0.416197,Gaia DR3 1824949166239002880,15.27,15.46,14.93,0.7767,0.0254,True,True,False,http://localhost/download/files/ZTF18adkgevl_spec.tar.gz,http://localhost/download/plots/ZTF18adkgevl_plot.tar.gz
https://alerce.online/object/ZTF18admdrre,2022-04-04 12:02:58,323.99716,5.45017,https://simbad.u-strasbg.fr/simbad/sim-id?Ident=ATO%20J323.9971%2B05.4501,cataclyv*,0.188814,Gaia DR3 2699396467479492480,16.18,16.29,15.85,0.7622,0.0559,True,True,False,http://localhost/download/files/ZTF18admdrre_spec.tar.gz,http://localhost/download/plots/ZTF18admdrre_plot.tar.gz
https://alerce.online/object/ZTF22aaizeum,2022-04-05 07:37:52,174.64829,4.74864,https://simbad.u-strasbg.fr/simbad/sim-id?Ident=ASASSN%20-17fo,cataclyv*,1.399847,Gaia DR3 3897111418674001408,19.13,19.37,18.79,2.0763,0.3814,True,True,False,http://localhost/download/files/ZTF22aaizeum_spec.tar.gz,http://localhost/download/plots/ZTF22aaizeum_plot.tar.gz
https://alerce.online/object/ZTF22aaendbs,2022-04-05 12:24:12,340.91976,30.92218,https://simbad.u-strasbg.fr/simbad/sim-id?Ident=V%2A%20V537%20Peg,cataclyv*,0.51728,Gaia DR3 1888844295145204480,14.95,15.14,14.47,1.2774,0.0303,True,True,True,http://localhost/download/files/ZTF22aaendbs_spec.tar.gz,http://localhost/download/plots/ZTF22aaendbs_plot.tar.gz
https://alerce.online/object/ZTF22aaajoyn,2022-04-06 07:49:39,204.92136,48.79091,https://simbad.u-strasbg.fr/simbad/sim-id?Ident=V%2A%20V355%20UMa,cataclyv*,0.246131,Gaia DR3 1558322303741820928,17.37,17.40,17.32,6.6191,0.0641,True,True,True,http://localhost/download/files/ZTF22aaajoyn_spec.tar.gz,http://localhost/download/plots/ZTF22aaajoyn_plot.tar.gz
https://alerce.online/object/ZTF18adkwewq,2022-04-06 10:53:49,292.38058,30.08407,N/A,N/A,,Gaia DR3 2038633856578493568,17.54,17.47,16.89,1.4256,0.0761,True,True,True,http://localhost/download/files/ZTF18adkwewq_spec.tar.gz,http://localhost/download/plots/ZTF18adkwewq_plot.tar.gz
https://alerce.online/object/ZTF18adnfcel,2022-04-06 11:55:42,298.76175,44.61609,N/A,N/A,,Gaia DR3 2079093956034387968,18.91,19.25,18.19,0.9679,0.1394,True,False,False,N/A,N/A
https://alerce.online/object/ZTF18admcfyb,2022-04-07 12:04:55,336.27533,41.83869,N/A,N/A,,Gaia DR3 1957612356548713344,17.70,17.86,17.10,0.5989,0.0791,True,False,False,N/A,N/A
https://alerce.online/object/ZTF18adnchgh,2022-04-07 12:08:31,334.62312,39.81041,https://simbad.u-strasbg.fr/simbad/sim-id?Ident=Gaia%2015abh,cataclyv*_candidate,0.245758,Gaia DR3 1956939627235448704,17.85,18.08,17.33,1.0172,0.0813,True,False,False,N/A,N/A
https://alerce.online/object/ZTF18adnolun,2022-04-07 12:08:31,336.26934,37.80031,https://simbad.u-strasbg.fr/simbad/sim-id?Ident=ASASSN%20-19sk,cataclyv*,0.730849,Gaia DR3 1908453535271897344,17.97,18.22,17.44,3.0859,0.1045,True,False,False,N/A,N/A
https://alerce.online/object/ZTF18admfcdz,2022-04-07 12:12:07,336.62410,39.21906,N/A,N/A,,Gaia DR3 1908672887841764864,17.59,17.57,16.94,0.6795,0.0774,True,True,False,http://localhost/download/files/ZTF18admfcdz_spec.tar.gz,http://localhost/download/plots/ZTF18admfcdz_plot.tar.gz
https://alerce.online/object/ZTF18adkxytt,2022-04-09 11:22:33,306.03636,45.29702,https://simbad.u-strasbg.fr/simbad/sim-id?Ident=2MASS%20J20240873%2B4517492,cataclyv*,0.116583,Gaia DR3 2082928026107003008,18.94,19.20,18.33,1.1906,0.1054,True,False,False,N/A,N/A
https://alerce.online/object/ZTF18adlhiaq,2022-04-09 11:26:01,318.21439,32.63262,https://simbad.u-strasbg.fr/simbad/sim-id?Ident=Gaia%20DR3%201854712701143883904,star,0.175172,Gaia DR3 1854712701143883904,18.59,18.73,18.35,1.0985,0.1530,True,False,False,N/A,N/A
https://alerce.online/object/ZTF18adncikz,2022-04-10 11:55:24,339.14625,40.00428,https://simbad.u-strasbg.fr/simbad/sim-id?Ident=2MASS%20J22363511%2B4000156,yso,0.372436,Gaia DR3 1932400864166788864,13.46,13.59,12.71,6.4332,0.7045,True,True,True,http://localhost/download/files/ZTF18adncikz_spec.tar.gz,http://localhost/download/plots/ZTF18adncikz_plot.tar.gz
https://alerce.online/object/ZTF20aavntoz,2022-04-13 12:09:33,349.10194,34.51952,https://simbad.u-strasbg.fr/simbad/sim-id?Ident=ZTF%20J231624.45%2B343110.3,eclbin,0.150108,Gaia DR3 1911460832714743552,16.31,16.70,15.47,1.8767,0.1788,True,True,False,http://localhost/download/files/ZTF20aavntoz_spec.tar.gz,http://localhost/download/plots/ZTF20aavntoz_plot.tar.gz
https://alerce.online/object/ZTF18admalrv,2022-04-14 10:17:56,299.58983,12.81989,N/A,N/A,,Gaia DR3 4304284282660770688,18.65,18.73,18.11,1.3606,0.1784,True,False,False,N/A,N/A
https://alerce.online/object/ZTF22aajspha,2022-04-14 10:18:35,304.56445,18.47324,https://simbad.u-strasbg.fr/simbad/sim-id?Ident=Gaia%20DR3%201810143726740870784,star,0.34838,Gaia DR3 1810143726740870784,17.37,17.47,17.05,0.5238,0.0809,True,True,False,http://localhost/download/files/ZTF22aajspha_spec.tar.gz,http://localhost/download/plots/ZTF22aajspha_plot.tar.gz
https://alerce.online/object/ZTF19adcwjhw,2022-04-14 11:31:22,270.73517,-0.91623,https://simbad.u-strasbg.fr/simbad/sim-id?Ident=ZTF%20J180256.45-005458.3,eclbin,0.433517,Gaia DR3 4179038161520873472,18.02,18.52,17.22,4.3749,0.1490,True,False,False,N/A,N/A
https://alerce.online/object/ZTF18adlyjef,2022-04-15 10:16:59,313.73836,32.06126,N/A,N/A,,Gaia DR3 1865673904360821760,18.56,18.91,17.94,1.6484,0.1443,True,False,False,N/A,N/A
https://alerce.online/object/ZTF18adlynmu,2022-04-15 11:35:01,312.34700,18.58577,https://simbad.u-strasbg.fr/simbad/sim-id?Ident=ZTF18ablvxfm,cataclyv*_candidate,0.147761,Gaia DR3 1813136940979128704,18.05,18.29,17.33,0.7954,0.0620,True,False,False,N/A,N/A
https://alerce.online/object/ZTF22aajbixg,2022-04-15 11:35:01,312.34689,18.58575,https://simbad.u-strasbg.fr/simbad/sim-id?Ident=ZTF18ablvxfm,cataclyv*_candidate,0.51731,Gaia DR3 1813136940979128704,18.05,18.29,17.33,0.7954,0.0620,True,False,False,N/A,N/A
https://alerce.online/object/ZTF22aakfdwc,2022-04-20 09:39:37,223.89465,-15.56998,N/A,N/A,,Gaia DR3 6307111615356752128,13.92,14.87,12.95,25.0778,0.0195,True,True,False,http://localhost/download/files/ZTF22aakfdwc_spec.tar.gz,http://localhost/download/plots/ZTF22aakfdwc_plot.tar.gz
https://alerce.online/object/ZTF18admgxfs,2022-04-21 11:38:07,350.65290,48.47494,N/A,N/A,,Gaia DR3 1942748673036021632,18.41,18.61,17.95,1.1926,0.1492,True,False,False,N/A,N/A
https://alerce.online/object/ZTF18admqkli,2022-04-21 11:59:08,354.70278,28.33190,https://simbad.u-strasbg.fr/simbad/sim-id?Ident=CRTS%20J233848.7%2B281955,cataclyv*,0.215104,Gaia DR3 2866189598275905152,18.23,18.53,17.66,1.4023,0.1481,True,False,False,N/A,N/A
https://alerce.online/object/ZTF20adcaqqn,2022-04-24 06:32:03,208.16204,-24.60209,N/A,N/A,,Gaia DR3 6275015599630324224,19.56,19.71,18.79,1.9158,0.3274,True,True,True,http://localhost/download/files/ZTF20adcaqqn_spec.tar.gz,http://localhost/download/plots/ZTF20adcaqqn_plot.tar.gz
https://alerce.online/object/ZTF18adkoznd,2022-04-26 10:50:44,310.99826,42.05704,https://simbad.u-strasbg.fr/simbad/sim-id?Ident=AT%202016dvk,cataclyv*,0.048696,Gaia DR3 2066270214481091712,19.74,20.40,18.64,1.1332,0.1605,True,False,False,N/A,N/A
https://alerce.online/object/ZTF18admjnfw,2022-04-29 10:42:53,324.25762,7.24603,https://simbad.u-strasbg.fr/simbad/sim-id?Ident=V%2A%20V444%20Peg,cataclyv*,0.332585,Gaia DR3 2701376099511002240,18.20,18.52,17.52,2.4371,0.1416,True,False,False,N/A,N/A
https://alerce.online/object/ZTF18admewjr,2022-04-29 11:45:19,4.71328,44.04337,https://simbad.u-strasbg.fr/simbad/sim-id?Ident=ATO%20J004.7133%2B44.0433,eclbin,0.210012,Gaia DR3 385708958199611392,17.16,17.36,16.50,2.6802,0.3760,True,True,False,http://localhost/download/files/ZTF18admewjr_spec.tar.gz,http://localhost/download/plots/ZTF18admewjr_plot.tar.gz
https://alerce.online/object/ZTF18adlfzns,2022-04-29 11:46:00,1.49467,29.68438,https://simbad.u-strasbg.fr/simbad/sim-id?Ident=Gaia%20DR3%202861032167186378624,star,0.163896,Gaia DR3 2861032167186378624,19.37,19.38,18.90,1.7550,0.2661,True,False,False,N/A,N/A
https://alerce.online/object/ZTF22aajqcjy,2022-05-01 09:30:57,257.07937,-25.80923,https://simbad.u-strasbg.fr/simbad/sim-id?Ident=V%2A%20V2051%20Oph,cataclyv*,1.601743,Gaia DR3 4111991385628196224,15.37,15.50,14.88,9.2063,0.0366,True,True,True,http://localhost/download/files/ZTF22aajqcjy_spec.tar.gz,http://localhost/download/plots/ZTF22aajqcjy_plot.tar.gz
https://alerce.online/object/ZTF22aaiwiig,2022-05-01 10:27:54,304.93585,-6.12906,N/A,N/A,,Gaia DR3 4217237085255112448,16.39,16.70,15.80,1.4571,0.2472,True,True,False,http://localhost/download/files/ZTF22aaiwiig_spec.tar.gz,http://localhost/download/plots/ZTF22aaiwiig_plot.tar.gz
https://alerce.online/object/ZTF18admxseo,2022-05-03 10:14:41,297.66479,5.93887,https://simbad.u-strasbg.fr/simbad/sim-id?Ident=ASASSN%20-15qr,cataclyv*,0.353081,Gaia DR3 4296770769961336448,18.86,19.09,18.31,0.9397,0.1717,True,False,False,N/A,N/A
https://alerce.online/object/ZTF22aajujdd,2022-05-08 11:39:07,8.89865,46.39785,https://simbad.u-strasbg.fr/simbad/sim-id?Ident=2MASS%20J00353571%2B4623524,cataclyv*,0.389867,Gaia DR3 389180322567909888,16.29,16.67,15.63,2.1048,0.0428,True,True,True,http://localhost/download/files/ZTF22aajujdd_spec.tar.gz,http://localhost/download/plots/ZTF22aajujdd_plot.tar.gz
https://alerce.online/object/ZTF22aajkxru,2022-05-09 06:28:46,174.61106,3.36811,https://simbad.u-strasbg.fr/simbad/sim-id?Ident=V%2A%20QZ%20Vir,cataclyv*,3.173141,Gaia DR3 3800596876396315648,15.94,16.06,15.66,7.9220,0.0456,True,True,True,http://localhost/download/files/ZTF22aajkxru_spec.tar.gz,http://localhost/download/plots/ZTF22aajkxru_plot.tar.gz
https://alerce.online/object/ZTF18adlwpvk,2022-05-09 10:36:43,272.18999,15.35028,https://simbad.u-strasbg.fr/simbad/sim-id?Ident=ASASSN%20-19wr,cataclyv*,0.338056,Gaia DR3 4498827815625756416,19.58,19.74,19.11,1.7465,0.3223,True,False,False,N/A,N/A
https://alerce.online/object/ZTF18admojrc,2022-05-10 10:25:55,326.73595,66.26857,https://simbad.u-strasbg.fr/simbad/sim-id?Ident=UCAC4%20782-037084,hotsubdwarf_candidate,0.153716,Gaia DR3 2219505890166498048,16.21,16.33,15.96,0.6796,0.0349,True,True,False,http://localhost/download/files/ZTF18admojrc_spec.tar.gz,http://localhost/download/plots/ZTF18admojrc_plot.tar.gz
https://alerce.online/object/ZTF18admoxay,2022-05-12 11:17:13,358.82479,40.80380,https://simbad.u-strasbg.fr/simbad/sim-id?Ident=Gaia%20DR3%201921388907317994368,eclbin,0.14145,Gaia DR3 1921388907317994368,18.43,18.64,17.78,1.4501,0.2775,True,False,False,N/A,N/A
https://alerce.online/object/ZTF18adncohx,2022-05-12 11:33:39,7.52404,26.29057,https://simbad.u-strasbg.fr/simbad/sim-id?Ident=V%2A%20PX%20And,cataclyv*,0.653393,Gaia DR3 2807841432470056448,14.85,14.93,14.59,1.3873,0.0260,True,True,True,http://localhost/download/files/ZTF18adncohx_spec.tar.gz,http://localhost/download/plots/ZTF18adncohx_plot.tar.gz
https://alerce.online/object/ZTF18adopatf,2022-05-19 11:37:43,14.23992,32.10602,https://simbad.u-strasbg.fr/simbad/sim-id?Ident=SDSS%20J005657.57%2B320621.7,cataclyv*,0.292329,Gaia DR3 312918810242506624,19.68,19.70,19.08,1.8216,0.3084,True,False,False,N/A,N/A
https://alerce.online/object/ZTF18admdwxv,2022-05-26 11:28:27,24.15420,32.01112,https://simbad.u-strasbg.fr/simbad/sim-id?Ident=V%2A%20TW%20Tri,cataclyv*,0.051656,Gaia DR3 315868494997271424,16.04,16.38,15.40,1.4310,0.0529,True,True,True,http://localhost/download/files/ZTF18admdwxv_spec.tar.gz,http://localhost/download/plots/ZTF18admdwxv_plot.tar.gz
https://alerce.online/object/ZTF22aanlkiq,2022-05-27 09:59:06,285.83342,-22.43036,N/A,N/A,,Gaia DR3 4081456229692331264,15.87,16.27,15.10,4.0484,0.0401,True,True,True,http://localhost/download/files/ZTF22aanlkiq_spec.tar.gz,http://localhost/download/plots/ZTF22aanlkiq_plot.tar.gz
https://alerce.online/object/ZTF18abpgfgr,2022-05-28 08:33:09,276.11989,-20.50753,N/A,N/A,,Gaia DR3 4091222504353361536,15.50,16.07,14.76,4.4533,0.5843,True,True,False,http://localhost/download/files/ZTF18abpgfgr_spec.tar.gz,http://localhost/download/plots/ZTF18abpgfgr_plot.tar.gz
https://alerce.online/object/ZTF18admcufc,2022-05-28 10:35:26,300.03009,11.54400,N/A,N/A,,Gaia DR3 4303816753994497408,18.95,18.58,17.80,1.6643,0.2496,True,False,False,N/A,N/A
https://alerce.online/object/ZTF18admkmyp,2022-05-28 11:24:25,27.99286,31.90571,https://simbad.u-strasbg.fr/simbad/sim-id?Ident=ASASSN%20-13dg,cataclyv*,4.204768,Gaia DR3 304447176229486336,17.67,17.94,17.12,0.7066,0.1324,True,False,False,N/A,N/A
https://alerce.online/object/ZTF18adncmky,2022-05-31 11:20:30,32.01758,37.53793,https://simbad.u-strasbg.fr/simbad/sim-id?Ident=CRTS%20J020804.2%2B373217,cataclyv*,0.035753,Gaia DR3 332163841438871424,17.77,17.89,17.46,2.1593,0.1130,True,False,False,N/A,N/A
https://alerce.online/object/ZTF18adksaxj,2022-06-02 09:37:14,264.77956,-13.96959,https://simbad.u-strasbg.fr/simbad/sim-id?Ident=OGLE%20BLG-DSCT-12887,delsctv*,0.273787,Gaia DR3 4161365436255631104,18.41,18.57,17.59,1.6639,0.2639,True,False,False,N/A,N/A
https://alerce.online/object/ZTF18adkpqwl,2022-06-06 10:08:25,286.16890,-10.16589,https://simbad.u-strasbg.fr/simbad/sim-id?Ident=ATO%20J286.1688-10.1658,variable*,0.116892,Gaia DR3 4202562242861178624,17.42,17.65,17.01,0.5030,0.0917,True,False,False,N/A,N/A
https://alerce.online/object/ZTF22aarxubd,2022-06-07 10:50:59,349.81593,56.03374,https://simbad.u-strasbg.fr/simbad/sim-id?Ident=SDSS%20J231915.81%2B560201.6,emline*,0.220326,Gaia DR3 1997131553238115328,17.42,17.65,17.01,0.5169,0.0732,True,True,True,http://localhost/download/files/ZTF22aarxubd_spec.tar.gz,http://localhost/download/plots/ZTF22aarxubd_plot.tar.gz
https://alerce.online/object/ZTF18adooqco,2022-06-07 10:55:24,344.68118,11.15329,https://simbad.u-strasbg.fr/simbad/sim-id?Ident=CRTS%20J225843.5%2B110912,cataclyv*,0.195094,Gaia DR3 2718501100487300352,19.02,19.24,18.59,1.9421,0.2451,True,True,True,http://localhost/download/files/ZTF18adooqco_spec.tar.gz,http://localhost/download/plots/ZTF18adooqco_plot.tar.gz
https://alerce.online/object/ZTF18adnatie,2022-06-07 11:26:05,35.74594,43.65359,N/A,N/A,,Gaia DR3 339807886791366912,19.52,19.57,18.39,2.7054,0.1765,True,False,False,N/A,N/A
https://alerce.online/object/ZTF18admuvcp,2022-06-09 10:46:16,348.77985,-2.99048,https://simbad.u-strasbg.fr/simbad/sim-id?Ident=Gaia%20DR3%202637338377645216000,star,0.244412,Gaia DR3 2637338377645216000,18.17,18.29,17.90,2.1886,0.2055,True,False,False,N/A,N/A
https://alerce.online/object/ZTF22aanygxe,2022-06-10 10:13:43,351.85358,0.32844,https://simbad.u-strasbg.fr/simbad/sim-id?Ident=GALEX%20J232724.8%2B001943,whitedwarf,0.198696,Gaia DR3 2645314612950022400,19.07,19.17,18.97,4.5355,0.2734,True,True,False,http://localhost/download/files/ZTF22aanygxe_spec.tar.gz,http://localhost/download/plots/ZTF22aanygxe_plot.tar.gz
https://alerce.online/object/ZTF18adnjjcs,2022-06-13 11:20:57,36.25192,32.99873,https://simbad.u-strasbg.fr/simbad/sim-id?Ident=V%2A%20WY%20Tri,cataclyv*,0.494293,Gaia DR3 325028217130868480,17.52,17.72,17.09,1.9722,0.1065,True,True,True,http://localhost/download/files/ZTF18adnjjcs_spec.tar.gz,http://localhost/download/plots/ZTF18adnjjcs_plot.tar.gz
https://alerce.online/object/ZTF18adnfjio,2022-06-14 10:47:19,355.09861,12.62831,https://simbad.u-strasbg.fr/simbad/sim-id?Ident=V%2A%20HX%20Peg,cataclyv*,0.513838,Gaia DR3 2764037271473043584,14.28,14.41,13.88,1.6562,0.0309,True,True,False,http://localhost/download/files/ZTF18adnfjio_spec.tar.gz,http://localhost/download/plots/ZTF18adnfjio_plot.tar.gz
https://alerce.online/object/ZTF18adnmyva,2022-06-20 11:18:11,45.29062,57.66499,https://simbad.u-strasbg.fr/simbad/sim-id?Ident=Lan%20290,whitedwarf_candidate,2.39472,Gaia DR3 461065632581058816,18.80,18.99,18.56,5.2891,0.2112,True,False,False,N/A,N/A
https://alerce.online/object/ZTF18adlxznw,2022-06-27 06:03:30,238.88337,-0.18200,https://simbad.u-strasbg.fr/simbad/sim-id?Ident=V%2A%20V489%20Ser,cataclyv*,0.242078,Gaia DR3 4409578051617714688,19.03,19.26,18.63,1.6481,0.2774,True,False,False,N/A,N/A
https://alerce.online/object/ZTF18admjwic,2022-07-02 10:24:45,7.96576,20.34753,https://simbad.u-strasbg.fr/simbad/sim-id?Ident=2MASS%20J00315174%2B2020505,cataclyv*,0.521133,Gaia DR3 2796463449923353856,17.93,18.05,17.48,2.7078,0.1136,True,False,False,N/A,N/A
https://alerce.online/object/ZTF18adpenyx,2022-07-05 11:05:07,62.09108,60.78031,https://simbad.u-strasbg.fr/simbad/sim-id?Ident=ATO%20J062.0910%2B60.7803,variable*,0.041069,Gaia DR3 473695898746498560,15.55,15.75,15.18,1.5409,0.0347,True,True,False,http://localhost/download/files/ZTF18adpenyx_spec.tar.gz,http://localhost/download/plots/ZTF18adpenyx_plot.tar.gz
https://alerce.online/object/ZTF18adnclwb,2022-07-10 10:48:00,25.76944,26.64254,https://simbad.u-strasbg.fr/simbad/sim-id?Ident=CRTS%20J014304.7%2B263833,cataclyv*,0.165355,Gaia DR3 292643407804526208,17.56,17.77,17.12,1.5229,0.0891,True,True,True,http://localhost/download/files/ZTF18adnclwb_spec.tar.gz,http://localhost/download/plots/ZTF18adnclwb_plot.tar.gz
https://alerce.online/object/ZTF22aauzosv,2022-07-22 09:32:22,324.44241,-23.94453,https://simbad.u-strasbg.fr/simbad/sim-id?Ident=Gaia%20DR3%206815022589376377344,whitedwarf_candidate,0.144667,Gaia DR3 6815022589376377344,19.22,19.22,18.95,3.5170,0.3423,True,False,False,N/A,N/A
https://alerce.online/object/ZTF18adkcywy,2022-07-29 06:26:58,302.25458,24.91081,https://simbad.u-strasbg.fr/simbad/sim-id?Ident=Gaia%20DR3%201833970315518040448,hotsubdwarf_candidate,0.212372,Gaia DR3 1833970315518040448,14.91,15.12,14.50,1.3682,0.0193,True,True,False,http://localhost/download/files/ZTF18adkcywy_spec.tar.gz,http://localhost/download/plots/ZTF18adkcywy_plot.tar.gz
https://alerce.online/object/ZTF19aaseycg,2022-08-03 06:27:32,269.47292,15.05042,https://simbad.u-strasbg.fr/simbad/sim-id?Ident=ZTF%20J175753.51%2B150301.6,eclbin,0.228111,Gaia DR3 4501437545132897280,18.23,18.49,17.45,1.1535,0.2134,True,False,False,N/A,N/A
https://alerce.online/object/ZTF18adliiau,2022-08-06 07:04:18,283.37766,-1.47129,https://simbad.u-strasbg.fr/simbad/sim-id?Ident=AX%20J1853.3-0128,cataclyv*,1.06174,Gaia DR3 4265216749035591808,17.39,17.47,16.94,4.5275,0.1962,True,True,True,http://localhost/download/files/ZTF18adliiau_spec.tar.gz,http://localhost/download/plots/ZTF18adliiau_plot.tar.gz
https://alerce.online/object/ZTF18adnhpip,2022-08-07 10:14:50,48.63840,62.38224,N/A,N/A,,Gaia DR3 463721468557060096,18.95,19.24,18.48,2.3886,0.2187,True,False,False,N/A,N/A
https://alerce.online/object/ZTF18admgyam,2022-08-12 10:06:08,61.74923,0.87880,https://simbad.u-strasbg.fr/simbad/sim-id?Ident=VSX%20J040659.7%2B005244,cataclyv*,0.431026,Gaia DR3 3258480812896290560,18.23,18.50,17.54,2.1859,0.1329,True,False,False,N/A,N/A
https://alerce.online/object/ZTF18adlhhda,2022-08-18 06:22:16,302.39343,55.09041,https://simbad.u-strasbg.fr/simbad/sim-id?Ident=GALEX%20J200934.4%2B550525,cataclyv*,0.319799,Gaia DR3 2185841249306525696,16.52,16.69,16.20,0.5711,0.0372,True,True,False,http://localhost/download/files/ZTF18adlhhda_spec.tar.gz,http://localhost/download/plots/ZTF18adlhhda_plot.tar.gz
https://alerce.online/object/ZTF22abecwza,2022-08-30 11:37:01,63.82872,23.87913,https://simbad.u-strasbg.fr/simbad/sim-id?Ident=ZTF%20J041518.90%2B235245.0,eclbin,0.241572,Gaia DR3 149789497005064704,17.13,17.58,16.38,3.0631,0.3016,True,True,False,http://localhost/download/files/ZTF22abecwza_spec.tar.gz,http://localhost/download/plots/ZTF22abecwza_plot.tar.gz
https://alerce.online/object/ZTF22abhvjny,2022-09-03 11:00:07,82.24798,-3.56462,https://simbad.u-strasbg.fr/simbad/sim-id?Ident=V%2A%20V1159%20Ori,cataclyv*,0.858015,Gaia DR3 3210749947983249408,14.28,14.38,14.11,2.8039,0.0205,True,True,False,http://localhost/download/files/ZTF22abhvjny_spec.tar.gz,http://localhost/download/plots/ZTF22abhvjny_plot.tar.gz
https://alerce.online/object/ZTF18adpemab,2022-09-04 10:59:46,50.92384,76.28129,https://simbad.u-strasbg.fr/simbad/sim-id?Ident=V%2A%20V590%20Cas,mira_candidate,0.356755,Gaia DR3 548239282414049152,17.36,17.70,16.74,2.4037,0.0419,True,True,False,http://localhost/download/files/ZTF18adpemab_spec.tar.gz,http://localhost/download/plots/ZTF18adpemab_plot.tar.gz
https://alerce.online/object/ZTF19adhvxnv,2022-09-06 05:03:01,278.23279,10.46269,N/A,N/A,,Gaia DR3 4480643817452457344,17.91,18.04,17.57,0.7487,0.1205,True,False,False,N/A,N/A
https://alerce.online/object/ZTF18admewcz,2022-09-07 09:49:42,0.59328,42.70364,https://simbad.u-strasbg.fr/simbad/sim-id?Ident=ASASSN%20-13cx,cataclyv*,0.446313,Gaia DR3 384460943781889024,18.23,18.41,17.76,2.4869,0.1339,True,True,False,http://localhost/download/files/ZTF18admewcz_spec.tar.gz,http://localhost/download/plots/ZTF18admewcz_plot.tar.gz
https://alerce.online/object/ZTF18adppazu,2022-09-17 10:35:11,53.86945,-25.73938,https://simbad.u-strasbg.fr/simbad/sim-id?Ident=NAME%20UZ%20For%20b,planet,0.229136,Gaia DR3 5084805635638179584,16.64,16.80,16.14,4.1785,0.0575,True,True,True,http://localhost/download/files/ZTF18adppazu_spec.tar.gz,http://localhost/download/plots/ZTF18adppazu_plot.tar.gz
https://alerce.online/object/ZTF19adgobek,2022-09-20 11:04:44,99.38752,-9.59502,https://simbad.u-strasbg.fr/simbad/sim-id?Ident=TCP%20J06373299-0935420,cataclyv*,0.130629,Gaia DR3 3002549823466339200,19.19,19.63,18.62,3.4319,0.2746,True,True,True,http://localhost/download/files/ZTF19adgobek_spec.tar.gz,http://localhost/download/plots/ZTF19adgobek_plot.tar.gz
https://alerce.online/object/ZTF19adhhbdz,2022-09-24 12:00:28,93.14278,-19.18681,https://simbad.u-strasbg.fr/simbad/sim-id?Ident=GALEX%20J061234.2-191111,whitedwarf,0.793727,Gaia DR3 2941800362921100928,18.05,17.97,18.27,1.5623,0.1238,True,True,False,http://localhost/download/files/ZTF19adhhbdz_spec.tar.gz,http://localhost/download/plots/ZTF19adhhbdz_plot.tar.gz
https://alerce.online/object/ZTF18adkupbf,2022-09-28 04:12:24,291.52096,27.36616,https://simbad.u-strasbg.fr/simbad/sim-id?Ident=V%2A%20PW%20Vul,cataclyv*,0.313416,Gaia DR3 2025732152809113600,17.66,17.85,17.21,0.4737,0.0791,True,False,False,N/A,N/A
https://alerce.online/object/ZTF20aazrimq,2022-10-01 10:50:43,121.75436,55.79410,https://simbad.u-strasbg.fr/simbad/sim-id?Ident=SDSS%20J080701.10%2B554739.0,cataclyv*,0.494986,Gaia DR3 1033373117151731840,19.65,19.85,19.29,1.6142,0.2757,True,False,False,N/A,N/A
https://alerce.online/object/ZTF18adjjjti,2022-10-03 05:49:36,291.15932,59.69621,https://simbad.u-strasbg.fr/simbad/sim-id?Ident=V%2A%20KL%20Dra,cataclyv*,0.362356,Gaia DR3 2239471475135041664,19.10,18.77,18.11,1.0817,0.0989,True,False,False,N/A,N/A
https://alerce.online/object/ZTF19adlrrch,2022-10-06 11:55:30,64.19981,31.02704,https://simbad.u-strasbg.fr/simbad/sim-id?Ident=ZTF%20J041647.95%2B310137.5,eclbin,0.199418,Gaia DR3 166363908943297664,18.24,18.34,17.22,4.6228,0.5174,True,False,False,N/A,N/A
https://alerce.online/object/ZTF22abmuryk,2022-10-08 05:50:15,299.32866,-9.32273,https://simbad.u-strasbg.fr/simbad/sim-id?Ident=V%2A%20UU%20Aql,cataclyv*,1.825383,Gaia DR3 4192167185053426560,16.11,16.58,15.34,3.2291,0.0501,True,True,True,http://localhost/download/files/ZTF22abmuryk_spec.tar.gz,http://localhost/download/plots/ZTF22abmuryk_plot.tar.gz
https://alerce.online/object/ZTF22abtdwcv,2022-10-14 05:19:32,346.81483,49.37579,N/A,N/A,,Gaia DR3 1990943261276162560,17.44,17.90,16.79,0.8521,0.0832,True,True,False,http://localhost/download/files/ZTF22abtdwcv_spec.tar.gz,http://localhost/download/plots/ZTF22abtdwcv_plot.tar.gz
https://alerce.online/object/ZTF18adohkvx,2022-10-17 11:22:37,111.09158,51.43008,N/A,N/A,,Gaia DR3 983290980977760896,19.10,19.77,18.35,3.6421,0.2869,True,False,False,N/A,N/A
https://alerce.online/object/ZTF22abubtom,2022-10-19 05:32:20,2.97128,-6.79414,https://simbad.u-strasbg.fr/simbad/sim-id?Ident=2MASS%20J00115308-0647392,cataclyv*,0.519759,Gaia DR3 2443219535337313280,17.18,17.63,16.54,2.0658,0.0835,True,True,False,http://localhost/download/files/ZTF22abubtom_spec.tar.gz,http://localhost/download/plots/ZTF22abubtom_plot.tar.gz
https://alerce.online/object/ZTF22abudbce,2022-10-21 11:12:23,104.74240,63.24121,N/A,N/A,,Gaia DR3 1100182815202305536,15.97,16.01,15.35,3.9294,0.3907,True,True,False,http://localhost/download/files/ZTF22abudbce_spec.tar.gz,http://localhost/download/plots/ZTF22abudbce_plot.tar.gz
https://alerce.online/object/ZTF22abpfqzb,2022-10-21 11:20:24,92.42805,-13.18270,N/A,N/A,,Gaia DR3 2994674988045819136,17.08,17.39,16.39,3.0333,0.5363,True,True,False,http://localhost/download/files/ZTF22abpfqzb_spec.tar.gz,http://localhost/download/plots/ZTF22abpfqzb_plot.tar.gz
https://alerce.online/object/ZTF22abunadt,2022-10-26 10:35:57,100.58578,21.93225,https://simbad.u-strasbg.fr/simbad/sim-id?Ident=ATO%20J100.5857%2B21.9322,eclbin,0.211282,Gaia DR3 3379000000404954624,16.57,16.74,15.67,1.6175,0.2388,True,True,False,http://localhost/download/files/ZTF22abunadt_spec.tar.gz,http://localhost/download/plots/ZTF22abunadt_plot.tar.gz
https://alerce.online/object/ZTF20adbxfwr,2022-11-23 11:32:08,134.83256,-24.48204,https://simbad.u-strasbg.fr/simbad/sim-id?Ident=V%2A%20VZ%20Pyx,cataclyv*,0.349966,Gaia DR3 5652773897568243072,15.42,15.66,14.89,4.0291,0.0336,True,True,True,http://localhost/download/files/ZTF20adbxfwr_spec.tar.gz,http://localhost/download/plots/ZTF20adbxfwr_plot.tar.gz
https://alerce.online/object/ZTF20adbxeen,2022-11-23 11:32:08,133.78089,-21.30267,https://simbad.u-strasbg.fr/simbad/sim-id?Ident=2MASS%20J08550742-2118095,cataclyv*_candidate,0.152982,Gaia DR3 5655877711517333888,18.46,18.49,17.75,1.0053,0.0822,True,False,False,N/A,N/A
https://alerce.online/object/ZTF19aainitb,2022-11-27 07:33:49,78.32674,2.42356,N/A,N/A,,Gaia DR3 3234908005152228224,17.15,17.52,16.34,1.2541,0.1720,True,True,False,http://localhost/download/files/ZTF19aainitb_spec.tar.gz,http://localhost/download/plots/ZTF19aainitb_plot.tar.gz
https://alerce.online/object/ZTF19adhnpum,2022-12-17 11:04:17,145.86362,-27.34408,https://simbad.u-strasbg.fr/simbad/sim-id?Ident=RX%20J0943.4-2720,cataclyv*,0.67254,Gaia DR3 5657831101300107520,18.61,18.77,18.09,2.4026,0.1936,True,False,False,N/A,N/A
https://alerce.online/object/ZTF23aabmeza,2022-12-29 05:12:15,17.55457,60.07652,https://simbad.u-strasbg.fr/simbad/sim-id?Ident=V%2A%20HT%20Cas,cataclyv*,0.175506,Gaia DR3 426306363477869696,16.31,16.51,15.84,7.0436,0.0418,True,True,True,http://localhost/download/files/ZTF23aabmeza_spec.tar.gz,http://localhost/download/plots/ZTF23aabmeza_plot.tar.gz
https://alerce.online/object/ZTF22abuhsrt,2023-01-07 05:42:37,7.52398,26.29056,https://simbad.u-strasbg.fr/simbad/sim-id?Ident=V%2A%20PX%20And,cataclyv*,0.828527,Gaia DR3 2807841432470056448,14.85,14.93,14.59,1.3873,0.0260,True,True,True,http://localhost/download/files/ZTF22abuhsrt_spec.tar.gz,http://localhost/download/plots/ZTF22abuhsrt_plot.tar.gz
https://alerce.online/object/ZTF23aabgzym,2023-01-07 11:26:51,144.94947,32.96867,https://simbad.u-strasbg.fr/simbad/sim-id?Ident=GALEX%20J093948.0%2B325808,whitedwarf,1.248708,Gaia DR3 794184674743537152,17.79,17.77,17.71,2.3679,0.1195,True,True,False,http://localhost/download/files/ZTF23aabgzym_spec.tar.gz,http://localhost/download/plots/ZTF23aabgzym_plot.tar.gz
https://alerce.online/object/ZTF22abugtka,2023-01-12 13:48:17,272.14951,10.17487,https://simbad.u-strasbg.fr/simbad/sim-id?Ident=UCAC3%20201-165802,cataclyv*,1.107109,Gaia DR3 4482863941883637632,16.98,17.12,16.43,3.4098,0.0616,True,True,True,http://localhost/download/files/ZTF22abugtka_spec.tar.gz,http://localhost/download/plots/ZTF22abugtka_plot.tar.gz
https://alerce.online/object/ZTF23aaaiwjf,2023-01-13 04:47:18,80.52514,38.22896,N/A,N/A,,Gaia DR3 187532192136604288,15.46,16.54,14.43,19.9284,0.0397,True,True,False,http://localhost/download/files/ZTF23aaaiwjf_spec.tar.gz,http://localhost/download/plots/ZTF23aaaiwjf_plot.tar.gz
https://alerce.online/object/ZTF20aaryskf,2023-01-13 06:12:04,136.98595,71.98313,https://simbad.u-strasbg.fr/simbad/sim-id?Ident=Gaia%20DR3%201120565454382143104,star,0.250565,Gaia DR3 1120565454382143104,15.94,16.07,15.64,1.2934,0.0302,True,True,False,http://localhost/download/files/ZTF20aaryskf_spec.tar.gz,http://localhost/download/plots/ZTF20aaryskf_plot.tar.gz
https://alerce.online/object/ZTF23aabrfve,2023-01-13 09:46:50,166.10643,45.05366,https://simbad.u-strasbg.fr/simbad/sim-id?Ident=V%2A%20AN%20UMa,cataclyv*,1.40879,Gaia DR3 782275761222286720,16.56,16.70,16.23,2.9863,0.0564,True,True,True,http://localhost/download/files/ZTF23aabrfve_spec.tar.gz,http://localhost/download/plots/ZTF23aabrfve_plot.tar.gz
https://alerce.online/object/ZTF18adqwodi,2023-01-13 12:53:00,251.04165,25.25054,https://simbad.u-strasbg.fr/simbad/sim-id?Ident=V%2A%20AH%20Her,cataclyv*,0.117988,Gaia DR3 1300273349974628864,13.26,13.32,12.62,3.0169,0.0179,True,True,False,http://localhost/download/files/ZTF18adqwodi_spec.tar.gz,http://localhost/download/plots/ZTF18adqwodi_plot.tar.gz
https://alerce.online/object/ZTF18adqwkua,2023-01-13 12:55:42,235.26946,36.04796,https://simbad.u-strasbg.fr/simbad/sim-id?Ident=V%2A%20BM%20CrB,xraybin,0.187173,Gaia DR3 1374430388449392000,18.03,18.07,17.61,2.3496,0.0790,True,False,False,N/A,N/A
https://alerce.online/object/ZTF18adqxjpj,2023-01-23 12:13:47,260.38649,44.98081,https://simbad.u-strasbg.fr/simbad/sim-id?Ident=ZTF%20J172132.75%2B445851.0,eclbin,0.197888,Gaia DR3 1361411552301991040,18.55,18.77,17.65,1.0207,0.0996,True,False,False,N/A,N/A
https://alerce.online/object/ZTF18adqxcfv,2023-01-27 12:38:24,255.55528,32.49831,https://simbad.u-strasbg.fr/simbad/sim-id?Ident=V%2A%20V1239%20Her,cataclyv*,0.342935,Gaia DR3 1313538545446290688,17.79,18.22,17.07,3.3064,0.0806,True,True,True,http://localhost/download/files/ZTF18adqxcfv_spec.tar.gz,http://localhost/download/plots/ZTF18adqxcfv_plot.tar.gz
https://alerce.online/object/ZTF23aaccehr,2023-02-09 05:57:08,120.63438,1.04508,N/A,N/A,,Gaia DR3 3084722963136349440,17.04,17.25,16.56,0.8634,0.0761,True,True,True,http://localhost/download/files/ZTF23aaccehr_spec.tar.gz,http://localhost/download/plots/ZTF23aaccehr_plot.tar.gz
https://alerce.online/object/ZTF18adjvtbc,2023-02-09 13:37:02,295.41635,21.76603,https://simbad.u-strasbg.fr/simbad/sim-id?Ident=V%2A%20FY%20Vul,cataclyv*,0.676039,Gaia DR3 1826189758928713216,14.38,14.53,14.05,1.7078,0.0179,True,True,False,http://localhost/download/files/ZTF18adjvtbc_spec.tar.gz,http://localhost/download/plots/ZTF18adjvtbc_plot.tar.gz
https://alerce.online/object/ZTF18adqiloi,2023-02-18 13:21:41,286.68910,-13.22067,N/A,N/A,,Gaia DR3 4197686978265668224,17.11,17.44,16.42,1.3533,0.0789,True,True,True,http://localhost/download/files/ZTF18adqiloi_spec.tar.gz,http://localhost/download/plots/ZTF18adqiloi_plot.tar.gz
https://alerce.online/object/ZTF22aajsbnc,2023-03-13 10:58:38,240.08544,70.83530,https://simbad.u-strasbg.fr/simbad/sim-id?Ident=RX%20J1600.2%2B7050,cataclyv*,0.206979,Gaia DR3 1647976069553227136,18.50,18.63,18.12,1.6224,0.1289,True,False,False,N/A,N/A
https://alerce.online/object/ZTF18adqydvu,2023-03-13 10:58:38,240.08541,70.83531,https://simbad.u-strasbg.fr/simbad/sim-id?Ident=RX%20J1600.2%2B7050,cataclyv*,0.24873,Gaia DR3 1647976069553227136,18.50,18.63,18.12,1.6224,0.1289,True,False,False,N/A,N/A
https://alerce.online/object/ZTF18adqmrvs,2023-03-26 11:27:44,309.89363,27.26537,https://simbad.u-strasbg.fr/simbad/sim-id?Ident=V%2A%20TW%20Vul,cataclyv*,0.537244,Gaia DR3 1856408770857725184,17.24,17.59,16.53,1.9637,0.0601,True,True,True,http://localhost/download/files/ZTF18adqmrvs_spec.tar.gz,http://localhost/download/plots/ZTF18adqmrvs_plot.tar.gz
https://alerce.online/object/ZTF18adqorrx,2023-04-02 11:04:33,284.10519,-19.27300,https://simbad.u-strasbg.fr/simbad/sim-id?Ident=V%2A%20V1037%20Sgr,rvtauv*,0.130714,Gaia DR3 4086460485077787136,14.11,14.29,13.76,1.4881,0.0225,True,True,False,http://localhost/download/files/ZTF18adqorrx_spec.tar.gz,http://localhost/download/plots/ZTF18adqorrx_plot.tar.gz
https://alerce.online/object/ZTF18adqosuu,2023-04-02 11:04:33,286.76169,-15.92397,https://simbad.u-strasbg.fr/simbad/sim-id?Ident=Gaia%20DR3%204088842126031696768,star,0.471359,Gaia DR3 4088842126031696768,16.84,16.75,16.38,0.5915,0.0755,True,False,False,N/A,N/A
https://alerce.online/object/ZTF18adqpftk,2023-04-02 12:01:35,285.44077,-13.82357,N/A,N/A,,Gaia DR3 4101618524182811904,17.63,17.50,16.73,3.4554,0.0864,True,False,False,N/A,N/A
https://alerce.online/object/ZTF18adqpjjj,2023-04-02 12:01:35,286.34419,-15.41873,https://simbad.u-strasbg.fr/simbad/sim-id?Ident=Gaia%2019dtx,cataclyv*,0.163271,Gaia DR3 4089103500550608000,18.72,19.10,17.95,0.9475,0.1142,True,False,False,N/A,N/A
https://alerce.online/object/ZTF23aaigymd,2023-04-17 11:32:07,280.12247,9.70046,N/A,N/A,,Gaia DR3 4479634813701464064,17.59,18.74,16.47,7.9875,0.1467,True,True,False,http://localhost/download/files/ZTF23aaigymd_spec.tar.gz,http://localhost/download/plots/ZTF23aaigymd_plot.tar.gz
https://alerce.online/object/ZTF18adqosda,2023-05-08 10:01:44,286.67156,-14.24763,N/A,N/A,,Gaia DR3 4197373750565679360,17.39,17.53,17.09,0.5680,0.0794,True,False,False,N/A,N/A
https://alerce.online/object/ZTF23aaptngo,2023-05-28 07:33:18,317.81352,37.03201,N/A,N/A,,Gaia DR3 1868569850496876032,15.57,15.80,14.94,1.4828,0.2914,True,True,False,http://localhost/download/files/ZTF23aaptngo_spec.tar.gz,http://localhost/download/plots/ZTF23aaptngo_plot.tar.gz
https://alerce.online/object/ZTF23aapitkk,2023-06-23 09:53:49,338.97804,-5.29296,https://simbad.u-strasbg.fr/simbad/sim-id?Ident=GALEX%20J223554.7-051734,whitedwarf_candidate,0.589885,Gaia DR3 2624579026240688256,19.06,19.09,19.04,3.9380,0.3231,True,False,False,N/A,N/A
https://alerce.online/object/ZTF18adrticc,2023-08-04 09:15:12,29.39563,58.54072,N/A,N/A,,Gaia DR3 506245188143986432,17.56,17.74,16.81,2.2558,0.2940,True,True,False,http://localhost/download/files/ZTF18adrticc_spec.tar.gz,http://localhost/download/plots/ZTF18adrticc_plot.tar.gz
https://alerce.online/object/ZTF23aaykuqu,2023-09-04 09:07:24,343.02647,-27.67008,https://simbad.u-strasbg.fr/simbad/sim-id?Ident=Ton%20S%2077,whitedwarf,0.506276,Gaia DR3 6609580078678720512,16.67,16.50,17.00,2.2331,0.0646,True,True,False,http://localhost/download/files/ZTF23aaykuqu_spec.tar.gz,http://localhost/download/plots/ZTF23aaykuqu_plot.tar.gz
https://alerce.online/object/ZTF19adgtdfe,2023-09-07 11:53:29,77.73229,-6.72893,N/A,N/A,,Gaia DR3 3208149843501787520,18.05,19.42,16.75,7.7138,0.1234,True,False,False,N/A,N/A
https://alerce.online/object/ZTF23abnbucm,2023-09-26 09:39:27,66.53894,35.69562,https://simbad.u-strasbg.fr/simbad/sim-id?Ident=1RXS%20J042608.9%2B354151,cataclyv*,1.01981,Gaia DR3 176429285061830144,16.14,16.38,15.63,5.3753,0.0499,True,True,True,http://localhost/download/files/ZTF23abnbucm_spec.tar.gz,http://localhost/download/plots/ZTF23abnbucm_plot.tar.gz
https://alerce.online/object/ZTF23aaimtnw,2023-10-03 10:36:58,138.97426,53.41750,N/A,N/A,,Gaia DR3 1022780838739029120,13.78,13.93,13.51,97.3450,0.0218,True,True,False,http://localhost/download/files/ZTF23aaimtnw_spec.tar.gz,http://localhost/download/plots/ZTF23aaimtnw_plot.tar.gz
https://alerce.online/object/ZTF18adrtfnx,2023-10-06 05:22:36,8.01510,31.75290,https://simbad.u-strasbg.fr/simbad/sim-id?Ident=CRTS%20J003203.6%2B314510,cataclyv*,0.104849,Gaia DR3 2859621764350006784,18.49,18.76,17.95,1.0693,0.2085,True,True,False,http://localhost/download/files/ZTF18adrtfnx_spec.tar.gz,http://localhost/download/plots/ZTF18adrtfnx_plot.tar.gz
https://alerce.online/object/ZTF23abntksg,2023-10-11 03:54:00,307.78982,16.38557,https://simbad.u-strasbg.fr/simbad/sim-id?Ident=V%2A%20IS%20Del,cataclyv*,0.748118,Gaia DR3 1811659124333618944,17.30,17.37,16.75,0.7014,0.0625,True,True,False,http://localhost/download/files/ZTF23abntksg_spec.tar.gz,http://localhost/download/plots/ZTF23abntksg_plot.tar.gz
https://alerce.online/object/ZTF23aboazrl,2023-11-01 02:39:40,297.11555,-13.29274,https://simbad.u-strasbg.fr/simbad/sim-id?Ident=Gaia%20DR3%204188707163699348992,star,0.377856,Gaia DR3 4188707163699348992,13.99,14.38,13.43,3.4791,0.0178,True,True,True,http://localhost/download/files/ZTF23aboazrl_spec.tar.gz,http://localhost/download/plots/ZTF23aboazrl_plot.tar.gz
https://alerce.online/object/ZTF18aajkmam,2023-11-01 12:58:01,194.09642,15.68906,N/A,N/A,,Gaia DR3 3931313793733241088,13.25,14.04,12.39,17.3879,0.0151,True,True,False,http://localhost/download/files/ZTF18aajkmam_spec.tar.gz,http://localhost/download/plots/ZTF18aajkmam_plot.tar.gz
https://alerce.online/object/ZTF23abupmxg,2023-12-15 13:44:48,106.70394,3.41305,https://simbad.u-strasbg.fr/simbad/sim-id?Ident=PM%20J07068%2B0324,cataclyv*,0.471036,Gaia DR3 3116059834803771904,17.13,17.33,16.75,4.8255,0.0977,True,True,True,http://localhost/download/files/ZTF23abupmxg_spec.tar.gz,http://localhost/download/plots/ZTF23abupmxg_plot.tar.gz
https://alerce.online/object/ZTF24aabxvwp,2023-12-17 10:19:44,92.18593,13.48156,https://simbad.u-strasbg.fr/simbad/sim-id?Ident=Gaia%20DR3%203344317070040244992,whitedwarf,0.567018,Gaia DR3 3344317070040244992,18.29,18.45,18.04,9.3662,0.1623,True,True,False,http://localhost/download/files/ZTF24aabxvwp_spec.tar.gz,http://localhost/download/plots/ZTF24aabxvwp_plot.tar.gz
https://alerce.online/object/ZTF19admczfn,2024-01-15 12:03:33,164.45810,-21.94971,https://simbad.u-strasbg.fr/simbad/sim-id?Ident=NSV%20%205031,cataclyv*,0.657672,Gaia DR3 3549823111895468672,17.82,17.96,17.30,1.5958,0.0792,True,False,False,N/A,N/A
https://alerce.online/object/ZTF24aaekvhu,2024-02-11 13:40:43,300.87074,8.64634,https://simbad.u-strasbg.fr/simbad/sim-id?Ident=ATO%20J300.8707%2B08.6463,eclbin,0.406775,Gaia DR3 4299127989744823424,14.48,14.35,14.70,2.5890,0.0421,True,True,False,http://localhost/download/files/ZTF24aaekvhu_spec.tar.gz,http://localhost/download/plots/ZTF24aaekvhu_plot.tar.gz
https://alerce.online/object/ZTF21abjvnrd,2024-02-11 13:40:43,302.51717,6.47641,N/A,N/A,,Gaia DR3 4250325337206374400,17.07,17.23,16.74,0.4890,0.0706,True,True,False,http://localhost/download/files/ZTF21abjvnrd_spec.tar.gz,http://localhost/download/plots/ZTF21abjvnrd_plot.tar.gz
https://alerce.online/object/ZTF19admmkgd,2024-02-28 13:18:07,317.48119,18.99248,https://simbad.u-strasbg.fr/simbad/sim-id?Ident=2MASS%20J21095547%2B1859329,cataclyv*,0.177415,Gaia DR3 1788451599264052352,16.74,17.02,16.25,0.9105,0.0479,True,True,True,http://localhost/download/files/ZTF19admmkgd_spec.tar.gz,http://localhost/download/plots/ZTF19admmkgd_plot.tar.gz
https://alerce.online/object/ZTF19abajhxy,2024-02-28 13:18:07,317.48119,18.99247,https://simbad.u-strasbg.fr/simbad/sim-id?Ident=2MASS%20J21095547%2B1859329,cataclyv*,0.168689,Gaia DR3 1788451599264052352,16.74,17.02,16.25,0.9105,0.0479,True,True,True,http://localhost/download/files/ZTF19abajhxy_spec.tar.gz,http://localhost/download/plots/ZTF19abajhxy_plot.tar.gz
https://alerce.online/object/ZTF24aahnpyi,2024-03-21 11:37:30,223.82603,-24.56172,https://simbad.u-strasbg.fr/simbad/sim-id?Ident=Gaia%20DR3%206229277114211290752,whitedwarf_candidate,0.570578,Gaia DR3 6229277114211290752,17.02,17.03,16.99,1.4618,0.0883,True,True,False,http://localhost/download/files/ZTF24aahnpyi_spec.tar.gz,http://localhost/download/plots/ZTF24aahnpyi_plot.tar.gz
https://alerce.online/object/ZTF19adclaap,2024-03-21 11:37:30,223.82604,-24.56172,https://simbad.u-strasbg.fr/simbad/sim-id?Ident=Gaia%20DR3%206229277114211290752,whitedwarf_candidate,0.558536,Gaia DR3 6229277114211290752,17.02,17.03,16.99,1.4618,0.0883,True,True,False,http://localhost/download/files/ZTF19adclaap_spec.tar.gz,http://localhost/download/plots/ZTF19adclaap_plot.tar.gz
https://alerce.online/object/ZTF19aavqbmp,2024-03-21 12:28:30,329.37009,36.42697,N/A,N/A,,Gaia DR3 1949551630653074560,18.89,18.78,18.08,0.7058,0.1272,True,False,False,N/A,N/A
https://alerce.online/object/ZTF19addwklm,2024-03-21 12:43:44,328.81320,28.46377,https://simbad.u-strasbg.fr/simbad/sim-id?Ident=Gaia%20DR3%201896335199145999360,star,0.172283,Gaia DR3 1896335199145999360,16.75,16.80,16.46,0.6285,0.0560,True,True,False,http://localhost/download/files/ZTF19addwklm_spec.tar.gz,http://localhost/download/plots/ZTF19addwklm_plot.tar.gz
https://alerce.online/object/ZTF24aahsyoz,2024-03-27 10:28:26,270.14798,8.17090,https://simbad.u-strasbg.fr/simbad/sim-id?Ident=V%2A%20V2301%20Oph,cataclyv*,1.352277,Gaia DR3 4476137370261520000,16.61,16.87,15.96,8.1681,0.0571,True,True,True,http://localhost/download/files/ZTF24aahsyoz_spec.tar.gz,http://localhost/download/plots/ZTF24aahsyoz_plot.tar.gz
https://alerce.online/object/ZTF23abvafxs,2024-03-28 05:38:29,123.32674,-1.05744,https://simbad.u-strasbg.fr/simbad/sim-id?Ident=ASASSN%20-14ag,cataclyv*,2.15772,Gaia DR3 3071240270519385856,15.95,16.07,15.54,5.4849,0.0481,True,True,True,http://localhost/download/files/ZTF23abvafxs_spec.tar.gz,http://localhost/download/plots/ZTF23abvafxs_plot.tar.gz
https://alerce.online/object/ZTF19abcfeza,2024-04-04 12:16:10,334.65808,11.66308,https://simbad.u-strasbg.fr/simbad/sim-id?Ident=CRTS%20J221837.9%2B113947,eclbin,0.597253,Gaia DR3 2724650737740699776,15.65,15.97,15.15,1.2977,0.0488,True,False,False,N/A,N/A
https://alerce.online/object/ZTF24aatrybr,2024-05-31 10:02:58,288.77750,-26.61203,N/A,N/A,,Gaia DR3 6763189137346758912,18.65,18.52,17.98,1.5602,0.2492,True,True,True,http://localhost/download/files/ZTF24aatrybr_spec.tar.gz,http://localhost/download/plots/ZTF24aatrybr_plot.tar.gz
https://alerce.online/object/ZTF18acsblqd,2024-06-03 11:25:42,34.93367,40.45618,https://simbad.u-strasbg.fr/simbad/sim-id?Ident=V%2A%20LX%20And,post-agb*,0.141294,Gaia DR3 332909001084177920,15.71,15.94,15.23,1.9336,0.0397,True,True,True,http://localhost/download/files/ZTF18acsblqd_spec.tar.gz,http://localhost/download/plots/ZTF18acsblqd_plot.tar.gz
https://alerce.online/object/ZTF19abylhhp,2024-06-05 11:11:45,29.44227,51.17329,https://simbad.u-strasbg.fr/simbad/sim-id?Ident=ASASSN%20-15aw,cataclyv*,0.171641,Gaia DR3 359302331032532352,19.98,20.21,19.42,1.2278,0.1713,True,False,False,N/A,N/A
https://alerce.online/object/ZTF19adenmqy,2024-06-05 11:11:45,29.44226,51.17328,https://simbad.u-strasbg.fr/simbad/sim-id?Ident=ASASSN%20-15aw,cataclyv*,0.210478,Gaia DR3 359302331032532352,19.98,20.21,19.42,1.2278,0.1713,True,False,False,N/A,N/A
https://alerce.online/object/ZTF18acsypol,2024-06-10 11:30:39,36.40086,28.09731,https://simbad.u-strasbg.fr/simbad/sim-id?Ident=V%2A%20RW%20Tri,cataclyv*,0.878748,Gaia DR3 130692247044752768,13.25,13.49,12.86,3.2671,0.0223,True,True,True,http://localhost/download/files/ZTF18acsypol_spec.tar.gz,http://localhost/download/plots/ZTF18acsypol_plot.tar.gz
https://alerce.online/object/ZTF24aatsfuc,2024-06-12 09:30:36,233.60932,2.27907,N/A,N/A,,Gaia DR3 4424030586505107328,14.44,15.44,13.45,18.3310,0.0244,True,True,False,http://localhost/download/files/ZTF24aatsfuc_spec.tar.gz,http://localhost/download/plots/ZTF24aatsfuc_plot.tar.gz
https://alerce.online/object/ZTF19admgbon,2024-07-05 11:12:35,55.18866,47.27541,https://simbad.u-strasbg.fr/simbad/sim-id?Ident=SDSS%20J034045.29%2B471631.6,cataclyv*,0.375106,Gaia DR3 247978771587341184,18.51,18.85,17.90,1.4305,0.1737,True,False,False,N/A,N/A
https://alerce.online/object/ZTF19abudrpb,2024-07-05 11:25:19,61.37725,35.26651,N/A,N/A,,Gaia DR3 219138886528545536,18.19,18.30,17.71,2.1519,0.1526,True,False,False,N/A,N/A
https://alerce.online/object/ZTF18adajrbg,2024-07-09 11:16:49,69.57961,60.28085,https://simbad.u-strasbg.fr/simbad/sim-id?Ident=AT%202021vba,transient,0.08488,Gaia DR3 471327928656325888,18.40,18.85,17.68,0.9595,0.1561,True,False,False,N/A,N/A
https://alerce.online/object/ZTF24abcclee,2024-07-19 06:42:04,257.21701,1.44876,https://simbad.u-strasbg.fr/simbad/sim-id?Ident=ASASSN%20-13ay,cataclyv*,0.206109,Gaia DR3 4387650598601997696,17.56,18.25,16.61,1.6003,0.0969,True,True,False,http://localhost/download/files/ZTF24abcclee_spec.tar.gz,http://localhost/download/plots/ZTF24abcclee_plot.tar.gz
https://alerce.online/object/ZTF17aadijlo,2024-08-10 11:45:11,101.78123,31.33970,https://simbad.u-strasbg.fr/simbad/sim-id?Ident=LAMOST%20J064707.49%2B312023.0,cataclyv*,0.157775,Gaia DR3 936970377166992256,18.11,18.19,17.42,0.9750,0.1352,True,True,True,http://localhost/download/files/ZTF17aadijlo_spec.tar.gz,http://localhost/download/plots/ZTF17aadijlo_plot.tar.gz
https://alerce.online/object/ZTF19acnyxkk,2024-08-14 08:14:47,5.31961,33.84906,N/A,N/A,,Gaia DR3 2863855158994189312,17.61,18.16,16.80,1.1682,0.1551,True,True,False,http://localhost/download/files/ZTF19acnyxkk_spec.tar.gz,http://localhost/download/plots/ZTF19acnyxkk_plot.tar.gz
https://alerce.online/object/ZTF18aaezmlo,2024-08-16 12:13:47,108.36355,20.93116,https://simbad.u-strasbg.fr/simbad/sim-id?Ident=ASASSN%20-14mv,cataclyv*,1.174254,Gaia DR3 3367007627080317824,18.02,17.99,18.11,4.0601,0.1000,True,True,False,http://localhost/download/files/ZTF18aaezmlo_spec.tar.gz,http://localhost/download/plots/ZTF18aaezmlo_plot.tar.gz
https://alerce.online/object/ZTF24aacayea,2024-08-17 07:24:21,277.88187,42.03882,https://simbad.u-strasbg.fr/simbad/sim-id?Ident=SDSS%20J183131.64%2B420220.2,cataclyv*,0.586235,Gaia DR3 2111270034246759424,17.55,17.35,17.54,0.7104,0.0697,True,True,False,http://localhost/download/files/ZTF24aacayea_spec.tar.gz,http://localhost/download/plots/ZTF24aacayea_plot.tar.gz
https://alerce.online/object/ZTF19achaqap,2024-08-18 12:02:33,117.24815,31.42012,https://simbad.u-strasbg.fr/simbad/sim-id?Ident=SDSS%20J074859.55%2B312512.6,cataclyv*,0.259978,Gaia DR3 880821067114616832,18.37,18.33,18.12,1.8451,0.1460,True,True,False,http://localhost/download/files/ZTF19achaqap_spec.tar.gz,http://localhost/download/plots/ZTF19achaqap_plot.tar.gz
https://alerce.online/object/ZTF18aabpuyv,2024-08-22 12:19:18,122.73615,28.14227,https://simbad.u-strasbg.fr/simbad/sim-id?Ident=V%2A%20YZ%20Cnc,cataclyv*,1.125051,Gaia DR3 683908812437792000,14.02,14.01,13.43,4.2454,0.0331,True,True,True,http://localhost/download/files/ZTF18aabpuyv_spec.tar.gz,http://localhost/download/plots/ZTF18aabpuyv_plot.tar.gz
https://alerce.online/object/ZTF24aamredf,2024-09-01 11:56:10,82.13644,28.64355,https://simbad.u-strasbg.fr/simbad/sim-id?Ident=1RXS%20J052832.5%2B283824,cataclyv*,1.307709,Gaia DR3 3445477328117272576,16.44,16.53,16.14,4.4384,0.0658,True,True,True,http://localhost/download/files/ZTF24aamredf_spec.tar.gz,http://localhost/download/plots/ZTF24aamredf_plot.tar.gz
https://alerce.online/object/ZTF18abpunon,2024-09-24 08:46:09,2.31773,9.00606,N/A,N/A,,Gaia DR3 2752213329586862976,13.11,13.95,12.21,17.9054,0.0152,True,True,False,http://localhost/download/files/ZTF18abpunon_spec.tar.gz,http://localhost/download/plots/ZTF18abpunon_plot.tar.gz
https://alerce.online/object/ZTF24abqndxd,2024-10-10 03:24:23,293.65073,16.01560,N/A,N/A,,Gaia DR3 4321789302389137664,15.95,16.17,15.54,0.7103,0.0362,True,True,False,http://localhost/download/files/ZTF24abqndxd_spec.tar.gz,http://localhost/download/plots/ZTF24abqndxd_plot.tar.gz
https://alerce.online/object/ZTF24abreoug,2024-10-10 05:23:47,300.87073,8.64628,https://simbad.u-strasbg.fr/simbad/sim-id?Ident=ATO%20J300.8707%2B08.6463,eclbin,0.594774,Gaia DR3 4299127989744823424,14.48,14.35,14.70,2.5890,0.0421,True,True,False,http://localhost/download/files/ZTF24abreoug_spec.tar.gz,http://localhost/download/plots/ZTF24abreoug_plot.tar.gz
https://alerce.online/object/ZTF19adgjjdm,2024-10-12 10:06:44,78.32675,2.42357,N/A,N/A,,Gaia DR3 3234908005152228224,17.15,17.52,16.34,1.2541,0.1720,True,True,False,http://localhost/download/files/ZTF19adgjjdm_spec.tar.gz,http://localhost/download/plots/ZTF19adgjjdm_plot.tar.gz
https://alerce.online/object/ZTF23aabbqya,2024-10-12 10:44:26,146.79991,51.90246,https://simbad.u-strasbg.fr/simbad/sim-id?Ident=V%2A%20ER%20UMa,cataclyv*,0.356158,Gaia DR3 828036782335310848,14.24,14.37,14.09,2.8039,0.0205,True,True,True,http://localhost/download/files/ZTF23aabbqya_spec.tar.gz,http://localhost/download/plots/ZTF23aabbqya_plot.tar.gz
https://alerce.online/object/ZTF24abmmvzl,2024-10-13 03:14:33,289.61223,-16.75973,N/A,N/A,,Gaia DR3 4183850307299922304,18.02,18.39,16.80,1.6411,0.2430,True,False,False,N/A,N/A
https://alerce.online/object/ZTF18adhegay,2024-11-08 02:52:07,342.85329,29.66304,N/A,N/A,,Gaia DR3 1884744525522874880,15.34,15.68,14.82,50.0518,0.1930,True,True,False,http://localhost/download/files/ZTF18adhegay_spec.tar.gz,http://localhost/download/plots/ZTF18adhegay_plot.tar.gz
https://alerce.online/object/ZTF24abyereh,2024-12-19 07:32:47,78.73122,9.13697,N/A,N/A,,Gaia DR3 3242561632576469376,18.30,18.80,17.71,2.0473,0.1681,True,False,False,N/A,N/A
https://alerce.online/object/ZTF22aatikkr,2024-12-29 13:44:25,259.90477,4.52313,https://simbad.u-strasbg.fr/simbad/sim-id?Ident=ASASSN%20-15kw,cataclyv*,0.566882,Gaia DR3 4390013139853618560,16.93,17.11,16.40,3.0413,0.0709,True,True,True,http://localhost/download/files/ZTF22aatikkr_spec.tar.gz,http://localhost/download/plots/ZTF22aatikkr_plot.tar.gz
https://alerce.online/object/ZTF25aafezyk,2025-01-10 04:56:42,6.29562,12.28647,https://simbad.u-strasbg.fr/simbad/sim-id?Ident=V%2A%20FL%20Psc,cataclyv*,2.627478,Gaia DR3 2754909740118313344,17.49,17.57,17.29,6.3302,0.1033,True,True,True,http://localhost/download/files/ZTF25aafezyk_spec.tar.gz,http://localhost/download/plots/ZTF25aafezyk_plot.tar.gz
https://alerce.online/object/ZTF25aabypam,2025-01-12 13:44:29,275.17720,9.56316,N/A,N/A,,Gaia DR3 4481840605800567296,15.96,16.12,15.63,0.9279,0.0491,True,True,False,http://localhost/download/files/ZTF25aabypam_spec.tar.gz,http://localhost/download/plots/ZTF25aabypam_plot.tar.gz
https://alerce.online/object/ZTF23aaipbxp,2025-01-19 13:29:37,262.49925,-2.67848,N/A,N/A,,Gaia DR3 4369911352878116352,19.40,20.06,18.49,1.5839,0.2282,True,False,False,N/A,N/A
https://alerce.online/object/ZTF25aahfvmg,2025-01-31 05:08:12,66.53883,35.69578,https://simbad.u-strasbg.fr/simbad/sim-id?Ident=1RXS%20J042608.9%2B354151,cataclyv*,0.366983,Gaia DR3 176429285061830144,16.14,16.38,15.63,5.3753,0.0499,True,True,True,http://localhost/download/files/ZTF25aahfvmg_spec.tar.gz,http://localhost/download/plots/ZTF25aahfvmg_plot.tar.gz
https://alerce.online/object/ZTF21abkdqsf,2025-02-04 13:38:49,295.16155,6.97190,N/A,N/A,,Gaia DR3 4291920484883504128,17.42,17.71,17.01,0.7501,0.0899,True,True,False,http://localhost/download/files/ZTF21abkdqsf_spec.tar.gz,http://localhost/download/plots/ZTF21abkdqsf_plot.tar.gz
https://alerce.online/object/ZTF25aaghzly,2025-02-21 04:52:04,45.29073,57.66498,https://simbad.u-strasbg.fr/simbad/sim-id?Ident=Lan%20290,whitedwarf_candidate,2.5984,Gaia DR3 461065632581058816,18.80,18.99,18.56,5.2891,0.2112,True,False,False,N/A,N/A
https://alerce.online/object/ZTF25aagvjel,2025-02-26 09:11:32,200.26336,1.89134,https://simbad.u-strasbg.fr/simbad/sim-id?Ident=V%2A%20HV%20Vir,cataclyv*,0.659952,Gaia DR3 3688359000015020800,18.97,18.99,18.76,3.1518,0.2606,True,False,False,N/A,N/A
https://alerce.online/object/ZTF19abajjzq,2025-03-09 12:58:48,328.81321,28.46377,https://simbad.u-strasbg.fr/simbad/sim-id?Ident=Gaia%20DR3%201896335199145999360,star,0.166941,Gaia DR3 1896335199145999360,16.75,16.80,16.46,0.6285,0.0560,True,True,False,http://localhost/download/files/ZTF19abajjzq_spec.tar.gz,http://localhost/download/plots/ZTF19abajjzq_plot.tar.gz
https://alerce.online/object/ZTF17aabotqj,2025-03-21 12:32:36,316.20808,1.09604,https://simbad.u-strasbg.fr/simbad/sim-id?Ident=V%2A%20QV%20Aqr,cataclyv*,0.148221,Gaia DR3 1729567357118146304,20.08,19.63,19.33,0.8312,0.1508,True,False,False,N/A,N/A
https://alerce.online/object/ZTF24abxysus,2025-04-24 11:32:46,311.23280,-11.86442,https://simbad.u-strasbg.fr/simbad/sim-id?Ident=1RXS%20J204455.9-115151,cataclyv*,1.027942,Gaia DR3 6900318165974107520,16.80,17.01,16.30,2.5660,0.0709,True,True,True,http://localhost/download/files/ZTF24abxysus_spec.tar.gz,http://localhost/download/plots/ZTF24abxysus_plot.tar.gz
https://alerce.online/object/ZTF25aaqonue,2025-05-19 06:59:40,207.22976,7.96010,https://simbad.u-strasbg.fr/simbad/sim-id?Ident=V%2A%20CR%20Boo,cataclyv*,1.336456,Gaia DR3 3721961488404743040,15.47,15.43,15.37,2.8438,0.0367,True,True,False,http://localhost/download/files/ZTF25aaqonue_spec.tar.gz,http://localhost/download/plots/ZTF25aaqonue_plot.tar.gz
https://alerce.online/object/ZTF25aarmtac,2025-05-23 10:04:18,320.39177,-19.06537,N/A,N/A,,Gaia DR3 6834238105555168768,14.63,15.44,13.75,13.9974,0.0273,True,True,False,http://localhost/download/files/ZTF25aarmtac_spec.tar.gz,http://localhost/download/plots/ZTF25aarmtac_plot.tar.gz
https://alerce.online/object/ZTF25aankwfd,2025-05-29 09:45:47,258.29230,6.28874,https://simbad.u-strasbg.fr/simbad/sim-id?Ident=Gaia%20DR3%204393660804037754752,cataclyv*,0.340425,Gaia DR3 4393660804037754752,16.71,16.90,16.39,1.4996,0.0621,True,True,False,http://localhost/download/files/ZTF25aankwfd_spec.tar.gz,http://localhost/download/plots/ZTF25aankwfd_plot.tar.gz
https://alerce.online/object/ZTF25aaydush,2025-06-06 09:03:38,283.37768,-1.47141,https://simbad.u-strasbg.fr/simbad/sim-id?Ident=AX%20J1853.3-0128,cataclyv*,1.455033,Gaia DR3 4265216749035591808,17.39,17.47,16.94,4.5275,0.1962,True,True,True,http://localhost/download/files/ZTF25aaydush_spec.tar.gz,http://localhost/download/plots/ZTF25aaydush_plot.tar.gz
https://alerce.online/object/ZTF25acautzs,2025-09-30 04:03:36,298.80200,0.75998,https://simbad.u-strasbg.fr/simbad/sim-id?Ident=IGR%20J19552%2B0044,cataclyv*,0.923237,Gaia DR3 4240284979281473920,15.90,16.25,15.12,6.0063,0.0616,True,True,True,http://localhost/download/files/ZTF25acautzs_spec.tar.gz,http://localhost/download/plots/ZTF25acautzs_plot.tar.gz
https://alerce.online/object/ZTF25acfuuxc,2025-11-05 04:47:39,323.99712,5.45019,https://simbad.u-strasbg.fr/simbad/sim-id?Ident=ATO%20J323.9971%2B05.4501,cataclyv*,0.147616,Gaia DR3 2699396467479492480,16.18,16.29,15.85,0.7622,0.0559,True,True,False,http://localhost/download/files/ZTF25acfuuxc_spec.tar.gz,http://localhost/download/plots/ZTF25acfuuxc_plot.tar.gz
https://alerce.online/object/ZTF25abuerea,2025-11-26 08:43:48,89.10378,5.35865,N/A,N/A,,Gaia DR3 3320184202856435840,13.97,14.30,13.47,123.1989,0.0170,True,True,False,http://localhost/download/files/ZTF25abuerea_spec.tar.gz,http://localhost/download/plots/ZTF25abuerea_plot.tar.gz
https://alerce.online/object/ZTF26aaaelef,2025-12-11 11:43:43,166.10680,45.05384,https://simbad.u-strasbg.fr/simbad/sim-id?Ident=V%2A%20AN%20UMa,cataclyv*,0.280643,Gaia DR3 782275761222286720,16.56,16.70,16.23,2.9863,0.0564,True,True,True,http://localhost/download/files/ZTF26aaaelef_spec.tar.gz,http://localhost/download/plots/ZTF26aaaelef_plot.tar.gz
https://alerce.online/object/ZTF18adaqhkn,2025-12-17 05:05:51,79.55969,29.68687,https://simbad.u-strasbg.fr/simbad/sim-id?Ident=2MASS%20J05181432%2B2941130,cataclyv*,0.320456,Gaia DR3 3446676070669830528,15.81,16.19,15.21,1.7068,0.0393,True,True,True,http://localhost/download/files/ZTF18adaqhkn_spec.tar.gz,http://localhost/download/plots/ZTF18adaqhkn_plot.tar.gz
https://alerce.online/object/ZTF26aaajqnu,2025-12-18 10:32:44,146.46247,-19.73366,https://simbad.u-strasbg.fr/simbad/sim-id?Ident=NSV%20%204618,cataclyv*,0.286613,Gaia DR3 5665509162794290944,16.78,16.89,16.52,5.5110,0.0662,True,True,True,http://localhost/download/files/ZTF26aaajqnu_spec.tar.gz,http://localhost/download/plots/ZTF26aaajqnu_plot.tar.gz
https://alerce.online/object/ZTF26aaaraat,2026-01-13 03:03:49,355.09853,12.62834,https://simbad.u-strasbg.fr/simbad/sim-id?Ident=V%2A%20HX%20Peg,cataclyv*,0.813076,Gaia DR3 2764037271473043584,14.28,14.41,13.88,1.6562,0.0309,True,True,False,http://localhost/download/files/ZTF26aaaraat_spec.tar.gz,http://localhost/download/plots/ZTF26aaaraat_plot.tar.gz
https://alerce.online/object/ZTF25aamooba,2026-02-07 09:41:14,127.15383,25.33425,https://simbad.u-strasbg.fr/simbad/sim-id?Ident=V%2A%20AT%20Cnc,cataclyv*,0.264646,Gaia DR3 679528804789642240,14.49,14.90,14.11,2.1489,0.0320,True,True,True,http://localhost/download/files/ZTF25aamooba_spec.tar.gz,http://localhost/download/plots/ZTF25aamooba_plot.tar.gz
https://alerce.online/object/ZTF24abahyud,2026-03-09 13:04:34,293.86414,-11.78005,N/A,N/A,,Gaia DR3 4187089124960094336,19.26,19.48,18.38,0.8742,0.1743,True,False,False,N/A,N/A
https://alerce.online/object/ZTF26aaljzik,2026-03-11 12:49:00,283.04599,-3.78149,N/A,N/A,,Gaia DR3 4255691611110482176,19.35,19.50,18.33,5.7737,0.6136,True,False,False,N/A,N/A
